Rank,Name,Team,Sort▼,G,GS,IP,TC,PO,Ass,E,F%,RF9,수비 관련 득점 기여도,수비 관련 득점 기여도,수비 관련 득점 기여도,수비 관련 득점 기여도,수비 관련 득점 기여도,수비 관련 득점 기여도,수비 관련 득점 기여도,수비 관련 득점 기여도,수비 관련 득점 기여도,수비 관련 득점 기여도,POSAdj,RAAwithPOS,WAAwoPOS,WAAwithPOS▼,팀,pid
Rank,Name,Team,WAAwithPOS,G,GS,IP,TC,PO,Ass,E,F%,RF9,Range RAA,Arm RAA,Err RAA,DP RAA,Bt RAA,CS RAA,Blk RAA,Frm RAA,종합 RAA,/144,POSAdj,RAAwithPOS,WAAwoPOS,WAAwithPOS▼,,
1,최재훈,21 C,1.717,108,100,842.0,765,702,62,1,99.9,8.17,0.11,,2.22,,0.32,1.83,3.51,,6.95,8.62,10.37,17.31,0.689,1.717,한화 이글스,10170
2,하주석,21 SS,0.692,113,111,923.2,376,131,231,14,96.3,3.53,-3.46,,0.0,0.99,,,,,-2.48,-2.58,9.46,6.98,-0.246,0.692,한화 이글스,10913
3,장운호,21 RF,0.503,59,34,349.0,88,85,3,0,100.0,2.27,6.07,0.08,0.48,,,,,,6.63,9.28,-1.56,5.07,0.658,0.503,한화 이글스,11122
4,노시환,21 3B,0.491,96,94,811.0,294,98,176,20,93.2,3.04,4.61,,-0.39,0.43,0.31,,,,4.96,6.67,0.0,4.96,0.491,0.491,한화 이글스,14125
5,박정현,21 2B,0.255,8,6,56.0,33,13,18,2,93.9,4.98,2.13,,0.07,0.14,,,,,2.34,10.21,0.23,2.57,0.232,0.255,한화 이글스,14704
6,최인호,21 LF,0.236,43,39,325.2,76,75,1,0,100.0,2.1,2.75,0.87,0.3,,,,,,3.91,11.5,-1.53,2.38,0.388,0.236,한화 이글스,14707
7,김민하,21 RF,0.215,20,12,118.0,30,28,1,1,96.7,2.21,1.57,0.99,0.16,,,,,,2.73,8.54,-0.56,2.17,0.271,0.215,한화 이글스,10777
8,정은원,21 2B,0.206,125,122,1015.2,511,219,279,13,97.5,4.41,-3.33,,0.28,-0.37,,,,,-3.41,-3.53,5.49,2.08,-0.338,0.206,한화 이글스,13137
9,김태연,21 3B,0.204,30,26,228.0,92,29,58,5,94.6,3.43,2.67,,-0.33,-0.38,0.1,,,,2.06,5.59,0.0,2.06,0.204,0.204,한화 이글스,12585
10,노수광,21 LF,0.194,10,7,66.0,22,21,1,0,100.0,3.0,1.31,0.9,0.06,,,,,,2.26,6.26,-0.3,1.96,0.224,0.194,한화 이글스,11268
11,이도윤,21 3B,0.183,17,4,66.2,26,6,19,1,96.2,3.38,1.43,,0.05,0.55,-0.18,,,,1.85,4.75,0.0,1.85,0.183,0.183,한화 이글스,11414
12,이해창,21 C,0.18,20,16,149.0,129,112,16,1,99.2,7.73,0.27,,-0.02,,-0.06,0.56,-0.54,,0.37,2.68,1.44,1.81,0.037,0.18,한화 이글스,10391
13,김민하,21 CF,0.178,6,5,42.0,18,16,1,1,94.4,3.64,1.79,0.46,-0.46,,,,,,1.79,5.61,0.0,1.79,0.178,0.178,한화 이글스,10777
14,김지수,21 RF,0.175,6,4,30.0,11,11,0,0,100.0,3.3,1.59,0.26,0.04,,,,,,1.89,24.81,-0.13,1.76,0.188,0.175,한화 이글스,12662
15,정진호,21 LF,0.175,41,38,302.2,82,77,3,2,97.6,2.38,4.04,-0.12,-0.72,,,,,,3.2,9.61,-1.44,1.76,0.318,0.175,한화 이글스,10645
16,김민하,21 LF,0.162,16,11,98.1,28,27,0,1,96.4,2.47,2.17,0.3,-0.41,,,,,,2.06,6.43,-0.42,1.64,0.204,0.162,한화 이글스,10777
17,강경학,21 2B,0.161,4,2,21.0,16,8,8,0,100.0,6.86,1.5,,0.03,,,,,,1.52,8.77,0.1,1.62,0.151,0.161,한화 이글스,10676
18,김태연,21 RF,0.125,18,17,119.0,33,30,3,0,100.0,2.5,0.85,0.93,0.16,,,,,,1.94,5.28,-0.68,1.26,0.193,0.125,한화 이글스,12585
19,정민규,21 1B,0.115,1,1,8.0,10,6,4,0,100.0,11.25,1.21,,0.01,,,,,,1.22,29.25,-0.06,1.16,0.121,0.115,한화 이글스,14813
20,김태연,21 2B,0.096,8,2,34.0,23,10,11,2,91.3,5.56,0.99,,-0.46,0.28,,,,,0.81,2.2,0.16,0.97,0.08,0.096,한화 이글스,12585
21,조한민,21 2B,0.095,9,4,41.0,23,12,10,1,95.7,4.83,1.49,,-0.45,-0.28,,,,,0.76,2.11,0.19,0.95,0.076,0.095,한화 이글스,14210
22,김현민,21 2B,0.089,3,1,13.0,7,2,5,0,100.0,4.85,0.95,,0.02,-0.11,,,,,0.85,24.46,0.05,0.9,0.084,0.089,한화 이글스,14209
23,이동훈,21 LF,0.082,4,0,10.0,3,3,0,0,100.0,2.7,1.08,-0.24,0.01,,,,,,0.85,3.69,-0.02,0.83,0.084,0.082,한화 이글스,12526
24,노시환,21 1B,0.061,5,0,12.2,10,9,1,0,100.0,7.11,0.71,,0.01,,,,,,0.72,0.96,-0.1,0.62,0.071,0.061,한화 이글스,14125
25,조한민,21 CF,0.06,3,2,16.0,4,4,0,0,100.0,2.25,0.58,0.01,0.02,,,,,,0.61,1.68,0.0,0.61,0.06,0.06,한화 이글스,14210
26,유로결,21 RF,0.056,3,2,19.0,3,3,0,0,100.0,1.42,0.04,0.58,0.03,,,,,,0.65,2.74,-0.08,0.57,0.064,0.056,한화 이글스,14126
27,박정현,21 SS,0.056,17,11,110.0,46,18,27,1,97.8,3.68,1.3,,-0.32,-1.45,,,,,-0.48,-2.09,1.04,0.56,-0.048,0.056,한화 이글스,14704
28,페레즈,21 2B,0.051,5,5,38.0,22,9,12,1,95.5,4.97,-0.06,,0.05,0.34,,,,,0.32,0.79,0.19,0.51,0.032,0.051,한화 이글스,14991
29,페레즈,21 SS,0.046,12,10,83.0,39,13,25,1,97.4,4.12,-1.16,,0.13,0.59,,,,,-0.43,-1.06,0.9,0.47,-0.043,0.046,한화 이글스,14991
30,페레즈,21 RF,0.033,6,3,28.0,6,6,0,0,100.0,1.93,1.02,-0.57,0.04,,,,,,0.49,1.2,-0.16,0.33,0.049,0.033,한화 이글스,14991
31,강경학,21 SS,0.021,1,0,3.0,3,2,1,0,100.0,9.0,0.0,,0.0,0.2,,,,,0.2,1.13,0.02,0.22,0.02,0.021,한화 이글스,10676
32,이성열,21 1B,0.019,10,7,64.0,52,46,5,1,98.1,7.17,0.7,,0.05,,,,,,0.76,2.37,-0.56,0.2,0.075,0.019,한화 이글스,10168
33,장규현,21 C,0.019,4,1,16.0,12,12,0,0,100.0,6.75,0.0,,0.05,,,0.0,0.0,,0.05,1.01,0.14,0.19,0.005,0.019,한화 이글스,14811
34,조한민,21 LF,0.014,9,7,54.0,17,15,1,1,94.1,2.67,1.03,-0.21,-0.45,,,,,,0.37,1.01,-0.22,0.15,0.036,0.014,한화 이글스,14210
35,강상원,21 RF,0.008,9,3,30.0,4,4,0,0,100.0,1.2,0.37,-0.21,0.04,,,,,,0.19,0.8,-0.11,0.08,0.019,0.008,한화 이글스,12564
36,정민규,21 2B,0.001,1,0,1.0,0,0,0,0,0.0,0.0,,,0.0,,,,,,0.0,0.03,0.01,0.01,0.0,0.001,한화 이글스,14813
37,정진호,21 P,0.0,3,0,1.2,1,1,0,0,100.0,5.4,,,,,,,,,0.0,0.0,0.0,0.0,0.0,0.0,한화 이글스,10645
38,페레즈,21 LF,-0.005,10,10,68.0,9,8,0,1,88.9,1.06,0.26,-0.02,0.06,,,,,,0.3,0.74,-0.35,-0.05,0.03,-0.005,한화 이글스,14991
39,최인호,21 RF,-0.008,2,2,10.0,2,2,0,0,100.0,1.8,-0.05,,0.01,,,,,,-0.04,-0.12,-0.04,-0.08,-0.004,-0.008,한화 이글스,14707
40,유로결,21 LF,-0.008,2,1,11.0,4,4,0,0,100.0,3.27,0.14,-0.19,0.01,,,,,,-0.05,-0.19,-0.04,-0.09,-0.005,-0.008,한화 이글스,14126
41,백용환,21 1B,-0.027,1,1,7.0,5,5,0,0,100.0,6.43,-0.21,,0.01,,,,,,-0.21,-0.77,-0.06,-0.27,-0.021,-0.027,한화 이글스,10003
42,조한민,21 1B,-0.031,7,6,43.0,40,36,4,0,100.0,8.37,0.07,,0.04,,,,,,0.1,0.29,-0.42,-0.32,0.01,-0.031,한화 이글스,14210
43,김지수,21 LF,-0.036,5,2,20.0,3,3,0,0,100.0,1.35,-0.27,-0.04,0.02,,,,,,-0.29,-3.79,-0.07,-0.36,-0.029,-0.036,한화 이글스,12662
44,조한민,21 3B,-0.036,4,2,20.0,6,5,1,0,100.0,2.7,-0.38,,0.01,,,,,,-0.37,-1.01,0.0,-0.37,-0.036,-0.036,한화 이글스,14210
45,노태형,21 1B,-0.04,9,8,61.0,56,55,1,0,100.0,8.26,0.2,,0.05,,,,,,0.25,2.04,-0.66,-0.41,0.025,-0.04,한화 이글스,11269
46,장지승,21 LF,-0.044,3,2,17.0,4,4,0,0,100.0,2.12,-0.14,-0.26,0.02,,,,,,-0.38,-2.26,-0.07,-0.45,-0.037,-0.044,한화 이글스,14880
47,장운호,21 LF,-0.049,34,23,216.0,49,49,0,0,100.0,2.04,0.49,-0.15,0.2,,,,,,0.54,0.75,-1.03,-0.49,0.053,-0.049,한화 이글스,11122
48,김태연,21 LF,-0.05,4,4,25.0,10,10,0,0,100.0,3.6,0.46,-0.86,0.02,,,,,,-0.38,-1.03,-0.12,-0.5,-0.038,-0.05,한화 이글스,12585
49,박정현,21 3B,-0.05,3,3,24.0,8,2,5,1,87.5,2.63,-0.14,,0.02,-0.19,-0.19,,,,-0.51,-2.21,0.0,-0.51,-0.05,-0.05,한화 이글스,14704
50,정은원,21 SS,-0.051,1,1,9.0,1,1,0,0,100.0,1.0,-0.61,,0.01,,,,,,-0.6,-0.62,0.08,-0.52,-0.059,-0.051,한화 이글스,13137
51,김지수,21 CF,-0.052,1,1,9.0,0,0,0,0,0.0,0.0,-0.53,,0.01,,,,,,-0.52,-6.81,0.0,-0.52,-0.052,-0.052,한화 이글스,12662
52,백용환,21 C,-0.063,23,18,157.2,155,143,11,1,99.4,8.79,0.02,,0.01,,-0.04,-2.08,-0.3,,-2.31,-8.54,1.68,-0.63,-0.229,-0.063,한화 이글스,10003
53,이도윤,21 SS,-0.065,21,6,81.0,30,11,16,3,90.0,3.0,-1.09,,-0.37,0.22,,,,,-1.24,-3.18,0.58,-0.66,-0.122,-0.065,한화 이글스,11414
54,강상원,21 CF,-0.068,10,6,60.0,15,15,0,0,100.0,2.25,0.43,-1.18,0.06,,,,,,-0.68,-2.81,0.0,-0.68,-0.068,-0.068,한화 이글스,12564
55,강경학,21 3B,-0.068,5,3,27.0,4,1,2,1,75.0,1.0,-0.71,,0.02,,,,,,-0.69,-3.96,0.0,-0.69,-0.068,-0.068,한화 이글스,10676
56,이원석,21 LF,-0.075,2,0,4.0,1,1,0,0,100.0,2.25,-0.75,,0.0,,,,,,-0.75,-2.5,-0.01,-0.76,-0.074,-0.075,한화 이글스,13138
57,장지승,21 RF,-0.091,18,16,129.0,29,28,0,1,96.6,1.95,0.55,-1.06,0.18,,,,,,-0.34,-2.02,-0.58,-0.92,-0.033,-0.091,한화 이글스,14880
58,페레즈,21 3B,-0.092,7,6,49.0,14,4,8,2,85.7,2.2,-1.21,,0.04,-0.21,0.46,,,,-0.92,-2.26,0.0,-0.92,-0.092,-0.092,한화 이글스,14991
59,박정현,21 1B,-0.092,7,7,52.0,47,42,3,2,95.7,7.79,-1.15,,0.04,,0.74,,,,-0.37,-1.6,-0.56,-0.93,-0.036,-0.092,한화 이글스,14704
60,노태형,21 3B,-0.109,3,2,14.0,6,1,3,2,66.7,2.57,-1.2,,0.01,,0.1,,,,-1.09,-8.76,0.0,-1.09,-0.109,-0.109,한화 이글스,11269
61,이도윤,21 2B,-0.109,16,2,38.0,16,5,11,0,100.0,3.79,-1.27,,0.05,,,,,,-1.22,-3.14,0.12,-1.1,-0.121,-0.109,한화 이글스,11414
62,이성곤,21 1B,-0.115,38,34,283.0,268,251,13,4,98.5,8.4,1.78,,-0.26,,0.06,,,,1.58,3.66,-2.74,-1.16,0.156,-0.115,한화 이글스,11206
63,유로결,21 CF,-0.126,29,25,223.0,71,70,1,0,100.0,2.87,-1.82,0.32,0.23,,,,,,-1.27,-5.36,0.0,-1.27,-0.126,-0.126,한화 이글스,14126
64,정민규,21 3B,-0.139,3,3,19.0,12,2,7,3,75.0,4.26,-1.61,,0.01,-0.19,0.38,,,,-1.41,-33.76,0.0,-1.41,-0.139,-0.139,한화 이글스,14813
65,허관회,21 C,-0.14,17,9,94.0,78,74,3,1,98.7,7.37,-0.12,,-0.2,,,-0.31,-2.67,,-2.49,-12.83,1.08,-1.41,-0.247,-0.14,한화 이글스,14204
66,이원석,21 CF,-0.154,38,31,295.0,73,71,1,1,98.6,2.2,-1.17,-0.69,0.3,,,,,,-1.56,-5.21,0.0,-1.56,-0.154,-0.154,한화 이글스,13138
67,송호정,21 SS,-0.156,4,2,22.0,5,0,4,1,80.0,1.64,-1.77,,0.04,0.0,,,,,-1.73,-24.98,0.16,-1.57,-0.172,-0.156,한화 이글스,14812
68,조한민,21 RF,-0.177,15,13,96.2,21,21,0,0,100.0,1.96,-0.87,-0.66,0.13,,,,,,-1.4,-3.87,-0.39,-1.79,-0.138,-0.177,한화 이글스,14210
69,페레즈,21 1B,-0.187,35,20,199.0,182,159,18,5,97.3,8.01,0.28,,0.16,,-0.51,,,,-0.06,-0.15,-1.82,-1.88,-0.006,-0.187,한화 이글스,14991
70,장운호,21 CF,-0.194,23,22,162.0,58,56,2,0,100.0,3.22,-1.74,-0.38,0.17,,,,,,-1.95,-2.73,0.0,-1.95,-0.194,-0.194,한화 이글스,11122
71,강상원,21 LF,-0.201,16,0,40.0,10,10,0,0,100.0,2.25,-1.74,-0.19,0.04,,,,,,-1.89,-7.79,-0.13,-2.02,-0.188,-0.201,한화 이글스,12564
72,이동훈,21 CF,-0.214,22,15,140.2,52,50,1,1,98.1,3.26,-1.45,-0.36,-0.35,,,,,,-2.16,-9.41,0.0,-2.16,-0.214,-0.214,한화 이글스,12526
73,힐리,21 1B,-0.228,62,59,527.0,526,479,42,5,99.0,8.9,2.92,,-0.06,,-0.12,,,,2.74,5.88,-5.04,-2.3,0.272,-0.228,한화 이글스,14761
74,조한민,21 SS,-0.234,6,3,27.0,10,2,6,2,80.0,2.67,-1.65,,-0.46,-0.54,,,,,-2.64,-7.31,0.28,-2.36,-0.262,-0.234,한화 이글스,14210
75,노수광,21 CF,-0.249,41,37,311.0,99,96,3,0,100.0,2.86,-2.61,-0.22,0.32,,,,,,-2.52,-6.97,0.0,-2.52,-0.249,-0.249,한화 이글스,11268
76,임종찬,21 RF,-0.366,40,38,329.0,71,70,0,1,98.6,1.91,-1.39,-0.81,-0.05,,,,,,-2.25,-7.71,-1.44,-3.69,-0.223,-0.366,한화 이글스,14706
77,최재훈,21 1B,,1,0,2.0,2,2,0,0,100.0,9.0,0.07,,0.0,,,,,,0.07,0.09,,,0.007,,한화 이글스,10170
77,윤대경,21 P,,43,9,77.2,6,4,2,0,100.0,0.7,,,,,,,,,0.0,,,,0.0,,한화 이글스,11110
77,송호정,21 LF,,1,0,1.0,0,0,0,0,0.0,0.0,,,0.0,,,,,,0.0,0.01,,,0.0,,한화 이글스,14812
77,장민재,21 P,,12,6,29.1,2,0,2,0,100.0,0.61,,,,,,,,,0.0,0.0,,,0.0,,한화 이글스,10610
77,카펜터,21 P,,31,30,170.0,25,6,16,3,88.0,1.16,,,,,,,,,0.0,,,,0.0,,한화 이글스,14760
77,강경학,21 P,,1,0,0.2,0,0,0,0,0.0,0.0,,,,,,,,,0.0,0.0,,,0.0,,한화 이글스,10676
77,임준섭,21 P,,13,0,10.2,0,0,0,0,0.0,0.0,,,,,,,,,0.0,0.0,,,0.0,,한화 이글스,10795
77,송호정,21 2B,,1,0,1.0,0,0,0,0,0.0,0.0,,,0.0,,,,,,0.0,0.02,,,0.0,,한화 이글스,14812
77,김종수,21 P,,47,0,46.2,6,2,4,0,100.0,1.16,,,,,,,,,0.0,0.0,,,0.0,,한화 이글스,11117
77,이원석,21 RF,,1,0,1.0,0,0,0,0,0.0,0.0,,,0.0,,,,,,0.0,0.0,,,0.0,,한화 이글스,13138
77,신정락,21 P,,20,0,20.0,5,2,3,0,100.0,2.25,,,,,,,,,0.0,0.0,,,0.0,,한화 이글스,10516
77,송윤준,21 P,,16,0,12.2,0,0,0,0,0.0,0.0,,,,,,,,,0.0,0.0,,,0.0,,한화 이글스,10748
77,김기탁,21 P,,17,0,12.1,0,0,0,0,0.0,0.0,,,,,,,,,0.0,0.0,,,0.0,,한화 이글스,12875
77,정우람,21 P,,50,0,44.2,6,1,5,0,100.0,1.21,,,,,,,,,0.0,0.0,,,0.0,,한화 이글스,10156
77,윤호솔,21 P,,54,0,48.2,1,0,0,1,0.0,0.0,,,,,,,,,0.0,0.0,,,0.0,,한화 이글스,11170
77,강재민,21 P,,58,0,63.1,11,5,6,0,100.0,1.56,,,,,,,,,0.0,0.0,,,0.0,,한화 이글스,14708
1,오지환,21 SS,1.738,132,129,1060.2,547,175,359,13,97.6,4.53,7.69,,-0.28,-0.34,,,,,7.07,7.6,10.46,17.53,0.701,1.738,LG 트윈스,10475
2,유강남,21 C,1.024,129,117,961.0,897,829,65,3,99.7,8.37,-1.21,,2.61,,-0.42,0.59,-2.26,,-0.01,-0.01,10.34,10.33,-0.001,1.024,LG 트윈스,10753
3,김민성,21 3B,0.648,117,107,854.0,237,54,176,7,97.0,2.42,5.54,,0.64,0.22,0.14,,,,6.54,7.78,0.0,6.54,0.648,0.648,LG 트윈스,10238
4,서건창,21 2B,0.465,62,58,463.2,237,115,121,1,99.6,4.58,1.93,,0.09,0.23,,,,,2.25,2.25,2.44,4.69,0.223,0.465,LG 트윈스,10855
5,김용의,21 1B,0.333,79,3,155.2,169,153,15,1,99.4,9.71,3.88,,0.13,,0.07,,,,4.07,5.75,-0.72,3.35,0.404,0.333,LG 트윈스,10466
6,김재성,21 C,0.227,55,16,198.2,176,162,13,1,99.4,7.93,0.16,,0.14,,0.14,-0.16,0.49,,0.63,1.56,1.66,2.29,0.062,0.227,LG 트윈스,11344
7,정주현,21 2B,0.224,72,67,505.0,310,110,188,12,96.1,5.31,0.28,,-0.36,0.22,,,,,0.13,0.27,2.12,2.25,0.013,0.224,LG 트윈스,10480
8,구본혁,21 SS,0.222,44,6,113.1,66,17,48,1,98.5,5.16,0.45,,0.18,1.11,,,,,1.74,2.03,0.5,2.24,0.172,0.222,LG 트윈스,14140
9,홍창기,21 RF,0.187,31,23,206.2,47,46,1,0,100.0,2.05,1.9,0.8,0.29,,,,,,2.98,2.98,-1.09,1.89,0.295,0.187,LG 트윈스,12546
10,구본혁,21 3B,0.178,35,1,62.2,21,6,15,0,100.0,3.02,0.74,,0.05,0.53,0.48,,,,1.8,2.1,0.0,1.8,0.178,0.178,LG 트윈스,14140
11,이상호,21 3B,0.151,12,3,50.0,15,3,12,0,100.0,2.7,1.86,,0.04,-0.38,,,,,1.52,4.88,0.0,1.52,0.151,0.151,LG 트윈스,11147
12,이성우,21 C,0.15,34,11,112.2,107,101,5,1,99.1,8.47,-0.14,,-0.13,,0.14,-0.43,1.77,,0.67,2.69,0.84,1.51,0.067,0.15,LG 트윈스,10004
13,문성주,21 CF,0.146,5,4,34.0,14,14,0,0,100.0,3.71,2.04,-0.61,0.03,,,,,,1.47,6.82,0.0,1.47,0.146,0.146,LG 트윈스,13112
14,이주형,21 1B,0.126,4,3,22.0,25,24,1,0,100.0,10.23,1.43,,0.02,,,,,,1.45,14.91,-0.18,1.27,0.144,0.126,LG 트윈스,14591
15,문성주,21 RF,0.12,6,5,30.0,8,8,0,0,100.0,2.4,1.31,0.01,0.04,,,,,,1.36,6.33,-0.15,1.21,0.135,0.12,LG 트윈스,13112
16,홍창기,21 LF,0.117,8,1,20.0,7,7,0,0,100.0,3.15,1.31,-0.07,0.02,,,,,,1.25,1.25,-0.07,1.18,0.124,0.117,LG 트윈스,12546
17,문보경,21 3B,0.108,54,31,270.2,93,26,64,3,96.8,2.99,1.22,,0.2,-0.38,0.04,,,,1.09,1.46,0.0,1.09,0.108,0.108,LG 트윈스,14137
18,이재원,21 CF,0.091,2,1,9.0,5,5,0,0,100.0,5.0,0.44,0.47,0.01,,,,,,0.92,2.14,0.0,0.92,0.091,0.091,LG 트윈스,13104
19,이재원,21 LF,0.083,20,18,140.0,32,30,2,0,100.0,2.06,1.17,0.16,0.13,,,,,,1.46,3.4,-0.62,0.84,0.145,0.083,LG 트윈스,13104
20,이천웅,21 LF,0.065,26,12,139.1,29,29,0,0,100.0,1.87,0.8,0.41,0.13,,,,,,1.33,2.82,-0.68,0.65,0.132,0.065,LG 트윈스,10935
21,이재원,21 RF,0.045,35,22,217.0,50,49,1,0,100.0,2.07,1.49,-0.39,0.3,,,,,,1.4,3.26,-0.95,0.45,0.139,0.045,LG 트윈스,13104
22,김호은,21 1B,0.034,2,1,9.0,11,9,2,0,100.0,11.0,0.42,,0.01,,,,,,0.43,8.78,-0.08,0.35,0.042,0.034,LG 트윈스,12554
23,김용의,21 CF,0.027,1,0,2.0,1,1,0,0,100.0,4.5,0.27,,0.0,,,,,,0.27,0.38,0.0,0.27,0.027,0.027,LG 트윈스,10466
24,신민재,21 CF,0.017,8,0,17.0,4,4,0,0,100.0,2.12,0.36,-0.21,0.02,,,,,,0.17,0.79,0.0,0.17,0.017,0.017,LG 트윈스,13056
25,이영빈,21 1B,0.015,26,20,162.1,171,157,12,2,98.8,9.37,1.99,,-0.36,,,,,,1.63,3.25,-1.48,0.15,0.161,0.015,LG 트윈스,14783
26,신민재,21 LF,0.007,2,0,6.0,1,1,0,0,100.0,1.5,0.09,,0.01,,,,,,0.1,0.43,-0.03,0.07,0.009,0.007,LG 트윈스,13056
27,신민재,21 2B,0.005,11,4,39.0,23,8,14,1,95.7,5.08,0.77,,-0.45,-0.41,,,,,-0.08,-0.37,0.13,0.05,-0.008,0.005,LG 트윈스,13056
28,김민성,21 SS,0.002,2,0,2.0,0,0,0,0,0.0,0.0,,,0.0,,,,,,0.0,0.0,0.02,0.02,0.0,0.002,LG 트윈스,10238
29,문보경,21 2B,0.002,1,0,3.0,0,0,0,0,0.0,0.0,0.0,,0.0,,,,,,0.0,0.0,0.02,0.02,0.0,0.002,LG 트윈스,14137
30,신민재,21 SS,0.002,1,0,1.0,0,0,0,0,0.0,0.0,,,0.0,,,,,,0.0,0.01,0.02,0.02,0.0,0.002,LG 트윈스,13056
31,김현수,21 1B,0.001,5,2,15.2,20,19,1,0,100.0,11.49,0.16,,0.01,,,,,,0.17,0.17,-0.16,0.01,0.017,0.001,LG 트윈스,10187
32,최민창,21 CF,0.0,2,0,3.0,0,0,0,0,0.0,0.0,,,0.0,,,,,,0.0,0.15,0.0,0.0,0.0,0.0,LG 트윈스,11351
33,이형종,21 CF,0.0,1,0,1.0,0,0,0,0,0.0,0.0,,,0.0,,,,,,0.0,0.0,0.0,0.0,0.0,0.0,LG 트윈스,12516
34,신민재,21 RF,-0.001,1,0,1.0,0,0,0,0,0.0,0.0,,,0.0,,,,,,0.0,0.01,-0.01,-0.01,0.0,-0.001,LG 트윈스,13056
35,이상호,21 2B,-0.011,26,8,97.0,54,21,33,0,100.0,5.01,-0.79,,0.12,0.22,,,,,-0.45,-1.43,0.34,-0.11,-0.044,-0.011,LG 트윈스,11147
36,한석현,21 LF,-0.016,8,5,41.0,5,5,0,0,100.0,1.1,-0.05,0.04,0.04,,,,,,0.02,0.18,-0.18,-0.16,0.002,-0.016,LG 트윈스,13250
37,김민성,21 2B,-0.017,3,0,5.2,5,2,3,0,100.0,7.94,-0.05,,0.01,-0.14,,,,,-0.19,-0.22,0.02,-0.17,-0.019,-0.017,LG 트윈스,10238
38,김용의,21 LF,-0.02,1,0,2.0,0,0,0,0,0.0,0.0,-0.19,,0.0,,,,,,-0.19,-0.27,-0.01,-0.2,-0.019,-0.02,LG 트윈스,10466
39,문보경,21 1B,-0.038,61,48,390.2,443,403,38,2,99.5,10.16,2.95,,0.32,,0.07,,,,3.34,4.49,-3.72,-0.38,0.331,-0.038,LG 트윈스,14137
40,한석현,21 CF,-0.042,2,1,8.0,2,1,0,1,50.0,1.13,0.26,-0.19,-0.49,,,,,,-0.42,-3.82,0.0,-0.42,-0.042,-0.042,LG 트윈스,13250
41,안익훈,21 LF,-0.049,8,0,11.0,2,2,0,0,100.0,1.64,-0.49,,0.01,,,,,,-0.48,-1.43,-0.02,-0.5,-0.047,-0.049,LG 트윈스,11347
42,문성주,21 LF,-0.051,23,11,117.0,27,26,0,1,96.3,2.0,0.21,0.17,-0.39,,,,,,-0.02,-0.07,-0.5,-0.52,-0.002,-0.051,LG 트윈스,13112
43,이주형,21 CF,-0.052,1,0,3.0,0,0,0,0,0.0,0.0,-0.53,,0.0,,,,,,-0.53,-5.42,0.0,-0.53,-0.052,-0.052,LG 트윈스,14591
44,이영빈,21 3B,-0.053,2,0,2.0,1,1,0,0,100.0,4.5,-0.54,,0.0,,,,,,-0.54,-1.07,0.0,-0.54,-0.053,-0.053,LG 트윈스,14783
45,한석현,21 RF,-0.056,2,1,9.0,1,1,0,0,100.0,1.0,-0.22,-0.34,0.01,,,,,,-0.54,-4.88,-0.02,-0.56,-0.054,-0.056,LG 트윈스,13250
46,장준원,21 3B,-0.056,2,0,5.0,2,0,1,1,50.0,1.8,-0.57,,0.0,,,,,,-0.56,-16.24,0.0,-0.56,-0.056,-0.056,LG 트윈스,11214
47,이영빈,21 SS,-0.058,18,7,62.2,29,5,22,2,93.1,3.88,-1.02,,0.1,-0.23,,,,,-1.14,-2.29,0.56,-0.58,-0.113,-0.058,LG 트윈스,14783
48,이상호,21 SS,-0.068,1,1,7.0,3,1,2,0,100.0,3.86,-0.46,,0.01,-0.28,,,,,-0.73,-2.32,0.04,-0.69,-0.072,-0.068,LG 트윈스,11147
49,손호영,21 3B,-0.081,2,1,9.0,1,0,0,1,0.0,0.0,-0.83,,0.01,,,,,,-0.82,-14.74,0.0,-0.82,-0.081,-0.081,LG 트윈스,14590
50,안익훈,21 CF,-0.1,22,0,38.0,7,7,0,0,100.0,1.66,-0.59,-0.45,0.04,,,,,,-1.01,-3.02,0.0,-1.01,-0.1,-0.1,LG 트윈스,11347
51,손호영,21 SS,-0.106,6,1,22.2,13,4,8,1,92.3,4.76,-0.48,,-0.46,-0.26,,,,,-1.21,-21.74,0.14,-1.07,-0.12,-0.106,LG 트윈스,14590
52,이영빈,21 2B,-0.118,20,7,69.0,39,13,23,3,92.3,4.7,-1.48,,0.09,-0.07,,,,,-1.46,-2.92,0.27,-1.19,-0.145,-0.118,LG 트윈스,14783
53,구본혁,21 2B,-0.129,55,0,89.0,43,23,19,1,97.7,4.25,-1.46,,0.11,-0.05,,,,,-1.4,-1.64,0.1,-1.3,-0.139,-0.129,LG 트윈스,14140
54,안익훈,21 RF,-0.13,20,0,33.0,2,2,0,0,100.0,0.55,-1.37,0.06,0.05,,,,,,-1.27,-3.81,-0.04,-1.31,-0.126,-0.13,LG 트윈스,11347
55,이상호,21 1B,-0.157,4,3,26.0,26,23,1,2,92.3,8.31,-1.67,,0.02,,0.31,,,,-1.34,-4.3,-0.24,-1.58,-0.133,-0.157,LG 트윈스,11147
56,김주성,21 3B,-0.198,2,1,12.0,3,1,0,2,33.3,0.75,-2.01,,0.01,,,,,,-2.0,-95.91,0.0,-2.0,-0.198,-0.198,LG 트윈스,12545
57,이천웅,21 CF,-0.204,42,30,266.1,61,60,1,0,100.0,2.06,-2.29,-0.04,0.27,,,,,,-2.05,-4.35,0.0,-2.05,-0.204,-0.204,LG 트윈스,10935
58,이형종,21 LF,-0.245,24,21,178.1,40,37,2,1,97.5,1.97,-1.74,0.51,-0.34,,,,,,-1.57,-2.51,-0.9,-2.47,-0.155,-0.245,LG 트윈스,12516
59,이형종,21 RF,-0.275,19,14,126.1,24,22,1,1,95.8,1.64,-1.67,-0.15,-0.32,,,,,,-2.14,-3.42,-0.63,-2.77,-0.212,-0.275,LG 트윈스,12516
60,보어,21 1B,-0.29,28,27,200.0,196,181,12,3,98.5,8.69,-1.09,,0.17,,0.07,,,,-0.86,-3.87,-2.06,-2.92,-0.085,-0.29,LG 트윈스,14988
61,라모스,21 1B,-0.293,37,37,287.0,314,286,24,4,98.7,9.72,1.63,,-0.76,,-0.83,,,,0.04,0.13,-3.0,-2.96,0.004,-0.293,LG 트윈스,14592
62,김현수,21 LF,-0.52,80,76,615.2,113,112,1,0,100.0,1.65,-1.83,-0.76,0.56,,,,,,-2.04,-2.1,-3.21,-5.25,-0.202,-0.52,LG 트윈스,10187
63,홍창기,21 CF,-0.523,116,108,891.0,199,194,3,2,99.0,1.99,-4.81,-0.38,-0.08,,,,,,-5.27,-5.27,0.0,-5.27,-0.523,-0.523,LG 트윈스,12546
64,채은성,21 RF,-0.545,84,79,641.1,152,147,4,1,99.3,2.12,-2.64,0.13,0.39,,,,,,-2.13,-2.78,-3.37,-5.5,-0.211,-0.545,LG 트윈스,11215
65,김용의,21 2B,,1,0,1.0,1,0,1,0,100.0,9.0,-0.48,,0.0,,,,,,-0.48,-0.68,,,-0.047,,LG 트윈스,10466
65,김지용,21 P,,3,0,4.0,1,0,1,0,100.0,2.25,,,,,,,,,0.0,0.0,,,0.0,,LG 트윈스,10747
65,채지선,21 P,,14,0,17.1,0,0,0,0,0.0,0.0,,,,,,,,,0.0,0.0,,,0.0,,LG 트윈스,11387
65,이상규,21 P,,7,0,6.0,1,0,1,0,100.0,1.5,,,,,,,,,0.0,0.0,,,0.0,,LG 트윈스,13245
65,김진수,21 P,,3,0,2.1,0,0,0,0,0.0,0.0,,,,,,,,,0.0,0.0,,,0.0,,LG 트윈스,14781
65,최성훈,21 P,,46,0,40.2,6,4,1,1,83.3,1.11,,,,,,,,,0.0,0.0,,,0.0,,LG 트윈스,10851
65,이상호,21 LF,,1,0,1.0,0,0,0,0,0.0,0.0,,,0.0,,,,,,0.0,0.0,,,0.0,,LG 트윈스,11147
65,고우석,21 P,,63,0,58.0,13,2,11,0,100.0,2.02,,,,,,,,,0.0,0.0,,,0.0,,LG 트윈스,12907
65,장준원,21 SS,,2,0,2.0,2,1,1,0,100.0,9.0,0.34,,0.0,,,,,,0.34,9.81,,,0.034,,LG 트윈스,11214
65,김주성,21 SS,,1,0,1.0,0,0,0,0,0.0,0.0,-0.7,,0.0,,,,,,-0.7,-33.58,,,-0.069,,LG 트윈스,12545
65,이상영,21 P,,21,9,50.0,7,1,6,0,100.0,1.26,,,,,,,,,0.0,0.0,,,0.0,,LG 트윈스,14135
65,이주형,21 RF,,1,0,1.0,0,0,0,0,0.0,0.0,-0.05,,0.0,,,,,,-0.05,-0.48,,,-0.005,,LG 트윈스,14591
65,진해수,21 P,,48,0,44.1,13,4,9,0,100.0,2.64,,,,,,,,,0.0,0.0,,,0.0,,LG 트윈스,10075
65,김용의,21 3B,,6,0,7.0,1,1,0,0,100.0,1.29,-0.96,,0.01,,,,,,-0.96,-1.35,,,-0.095,,LG 트윈스,10466
65,이우찬,21 P,,15,5,34.0,5,1,4,0,100.0,1.32,,,,,,,,,0.0,0.0,,,0.0,,LG 트윈스,10749
65,이형종,21 1B,,1,0,1.0,0,0,0,0,0.0,0.0,-0.82,,0.0,,,,,,-0.82,-1.31,,,-0.081,,LG 트윈스,12516
65,김용의,21 RF,,5,0,5.0,0,0,0,0,0.0,0.0,-0.4,,0.01,,,,,,-0.39,-0.55,,,-0.039,,LG 트윈스,10466
65,장준원,21 1B,,1,0,2.0,2,2,0,0,100.0,9.0,0.51,,0.0,,,,,,0.51,14.66,,,0.05,,LG 트윈스,11214
65,이찬혁,21 P,,1,0,1.0,0,0,0,0,0.0,0.0,,,,,,,,,0.0,0.0,,,0.0,,LG 트윈스,12909
65,류원석,21 P,,5,0,6.0,0,0,0,0,0.0,0.0,,,,,,,,,0.0,0.0,,,0.0,,LG 트윈스,13251
65,김대유,21 P,,64,0,50.2,12,2,8,2,83.3,1.78,,,,,,,,,0.0,,,,0.0,,LG 트윈스,10706
65,채은성,21 1B,,1,0,1.0,0,0,0,0,0.0,0.0,-0.01,,0.0,,,,,,-0.01,-0.01,,,-0.001,,LG 트윈스,11215
65,최민창,21 RF,,1,0,2.0,1,1,0,0,100.0,4.5,0.58,0.01,0.0,,,,,,0.6,28.57,,,0.059,,LG 트윈스,11351
65,최민창,21 LF,,1,0,1.0,0,0,0,0,0.0,0.0,-0.06,,0.0,,,,,,-0.06,-2.94,,,-0.006,,LG 트윈스,11351
65,이정용,21 P,,66,0,69.2,12,3,8,1,91.7,1.42,,,,,,,,,0.0,0.0,,,0.0,,LG 트윈스,14134
1,마차도,21 SS,1.818,133,127,1076.2,583,235,337,11,98.1,4.78,3.38,,1.24,3.03,,,,,7.66,8.23,10.68,18.34,0.759,1.818,롯데 자이언츠,14629
2,안중열,21 C,0.709,56,41,364.2,324,292,31,1,99.7,7.97,-0.15,,0.68,,-0.04,1.92,1.46,,3.43,8.53,3.72,7.15,0.341,0.709,롯데 자이언츠,11329
3,지시완,21 C,0.406,72,52,448.1,436,395,40,1,99.8,8.73,0.44,,0.95,,-0.04,0.02,-2.41,,-0.32,-0.63,4.42,4.1,-0.031,0.406,롯데 자이언츠,11413
4,한동희,21 3B,0.237,124,116,992.1,298,89,195,14,95.3,2.58,1.6,,0.74,-0.28,0.33,,,,2.39,2.67,0.0,2.39,0.237,0.237,롯데 자이언츠,13145
5,김준태,21 C,0.203,45,31,286.0,273,254,18,1,99.6,8.56,-0.14,,0.43,,-0.27,-1.77,1.11,,-0.97,-2.42,3.02,2.05,-0.097,0.203,롯데 자이언츠,10835
6,김민수,21 SS,0.136,6,2,23.0,9,5,4,0,100.0,3.52,1.36,,0.04,-0.27,,,,,1.13,1.99,0.24,1.37,0.112,0.136,롯데 자이언츠,12931
7,김주현,21 1B,0.133,2,1,11.0,12,11,1,0,100.0,9.82,1.43,,0.01,,,,,,1.44,25.86,-0.1,1.34,0.142,0.133,롯데 자이언츠,12570
8,이호연,21 1B,0.121,1,1,9.0,11,10,1,0,100.0,11.0,1.29,,0.01,,,,,,1.3,26.69,-0.08,1.22,0.129,0.121,롯데 자이언츠,13151
9,신용수,21 LF,0.092,24,3,53.0,12,12,0,0,100.0,2.04,1.25,-0.17,0.05,,,,,,1.12,2.28,-0.2,0.92,0.112,0.092,롯데 자이언츠,14169
10,이주찬,21 SS,0.09,1,1,8.0,5,2,3,0,100.0,5.63,0.83,,0.01,,,,,,0.84,40.54,0.06,0.9,0.084,0.09,롯데 자이언츠,14819
11,이호연,21 3B,0.084,1,0,2.0,1,0,1,0,100.0,4.5,0.49,,0.0,0.36,,,,,0.85,17.53,0.0,0.85,0.084,0.084,롯데 자이언츠,13151
12,김민수,21 3B,0.078,22,14,145.1,39,9,30,0,100.0,2.42,1.7,,0.11,-0.03,-0.98,,,,0.79,1.39,0.0,0.79,0.078,0.078,롯데 자이언츠,12931
13,추재현,21 RF,0.052,20,9,93.0,27,26,1,0,100.0,2.61,0.92,-0.07,0.13,,,,,,0.98,1.49,-0.46,0.52,0.097,0.052,롯데 자이언츠,13094
14,강로한,21 LF,0.048,2,1,11.0,7,7,0,0,100.0,5.73,0.62,-0.09,0.01,,,,,,0.54,3.67,-0.05,0.49,0.053,0.048,롯데 자이언츠,11389
15,추재현,21 CF,0.038,47,39,315.1,78,77,0,1,98.7,2.2,0.68,-0.12,-0.18,,,,,,0.38,0.58,0.0,0.38,0.038,0.038,롯데 자이언츠,13094
16,최종은,21 2B,0.02,1,0,1.0,1,0,1,0,100.0,9.0,0.19,,0.0,,,,,,0.19,27.71,0.01,0.2,0.019,0.02,롯데 자이언츠,14820
17,신용수,21 SS,0.002,1,0,1.0,0,0,0,0,0.0,0.0,,,0.0,,,,,,0.0,0.0,0.02,0.02,0.0,0.002,롯데 자이언츠,14169
18,이호연,21 2B,0.001,1,0,1.0,0,0,0,0,0.0,0.0,,,0.0,,,,,,0.0,0.03,0.01,0.01,0.0,0.001,롯데 자이언츠,13151
19,오윤석,21 P,0.0,1,0,0.2,0,0,0,0,0.0,0.0,,,,,,,,,0.0,0.0,0.0,0.0,0.0,0.0,롯데 자이언츠,11397
19,김민수,21 P,0.0,1,0,1.0,0,0,0,0,0.0,0.0,,,,,,,,,0.0,0.0,0.0,0.0,0.0,0.0,롯데 자이언츠,12931
21,장두성,21 LF,-0.001,1,0,2.0,0,0,0,0,0.0,0.0,,,0.0,,,,,,0.0,0.01,-0.01,-0.01,0.0,-0.001,롯데 자이언츠,13155
22,오윤석,21 3B,-0.003,2,0,5.0,0,0,0,0,0.0,0.0,-0.03,,0.0,,,,,,-0.03,-0.04,0.0,-0.03,-0.003,-0.003,롯데 자이언츠,11397
23,한동희,21 2B,-0.005,2,0,3.0,0,0,0,0,0.0,0.0,-0.07,,0.0,,,,,,-0.06,-0.07,0.01,-0.05,-0.006,-0.005,롯데 자이언츠,13145
24,나승엽,21 1B,-0.007,27,11,121.1,113,100,9,4,96.5,8.09,1.9,,-0.9,,,,,,1.0,2.41,-1.08,-0.08,0.1,-0.007,롯데 자이언츠,14797
25,손성빈,21 C,-0.013,12,3,37.2,36,33,3,0,100.0,8.6,0.0,,0.12,,,-0.12,-0.76,,-0.54,-3.86,0.41,-0.13,-0.053,-0.013,롯데 자이언츠,14796
26,강태율,21 C,-0.026,18,10,79.1,67,55,8,4,94.0,7.15,-0.83,,-1.24,,,-0.06,1.6,,-1.0,-7.6,0.74,-0.26,-0.099,-0.026,롯데 자이언츠,11388
27,오윤석,21 2B,-0.032,8,5,51.0,27,9,17,1,96.3,4.59,-0.89,,0.06,0.28,,,,,-0.54,-0.8,0.22,-0.32,-0.054,-0.032,롯데 자이언츠,11397
28,최민재,21 CF,-0.036,6,3,23.0,7,7,0,0,100.0,2.74,-0.24,-0.14,0.02,,,,,,-0.36,-2.49,0.0,-0.36,-0.036,-0.036,롯데 자이언츠,13004
29,한동희,21 1B,-0.043,3,1,9.1,13,13,0,0,100.0,12.54,-0.34,,0.01,,,,,,-0.33,-0.37,-0.1,-0.43,-0.033,-0.043,롯데 자이언츠,13145
30,이주찬,21 2B,-0.048,1,1,9.0,5,3,2,0,100.0,5.0,-0.34,,0.01,-0.2,,,,,-0.53,-25.33,0.04,-0.49,-0.052,-0.048,롯데 자이언츠,14819
31,김민수,21 1B,-0.049,22,9,96.1,104,94,10,0,100.0,9.72,0.17,,0.08,,0.07,,,,0.32,0.57,-0.82,-0.5,0.032,-0.049,롯데 자이언츠,12931
32,추재현,21 LF,-0.055,29,20,177.0,39,35,3,1,97.4,1.93,1.27,-0.65,-0.34,,,,,,0.28,0.43,-0.84,-0.56,0.028,-0.055,롯데 자이언츠,13094
33,김재유,21 RF,-0.066,5,1,16.0,3,3,0,0,100.0,1.69,-0.92,0.3,0.02,,,,,,-0.6,-1.0,-0.06,-0.66,-0.06,-0.066,롯데 자이언츠,11483
34,나승엽,21 3B,-0.069,21,13,110.0,24,7,16,1,95.8,1.88,-1.03,,0.08,0.34,-0.09,,,,-0.69,-1.67,0.0,-0.69,-0.069,-0.069,롯데 자이언츠,14797
35,강로한,21 CF,-0.072,14,6,68.2,28,27,0,1,96.4,3.54,-0.65,-0.14,0.07,,,,,,-0.72,-4.96,0.0,-0.72,-0.072,-0.072,롯데 자이언츠,11389
36,정보근,21 C,-0.075,11,7,54.0,48,41,6,1,97.9,7.83,-0.12,,-0.32,,-0.04,0.0,-1.07,,-1.23,-16.13,0.48,-0.75,-0.122,-0.075,롯데 자이언츠,13154
37,김민수,21 2B,-0.079,35,23,205.1,114,51,60,3,97.4,4.87,-3.4,,0.26,1.41,,,,,-1.72,-3.03,0.93,-0.79,-0.171,-0.079,롯데 자이언츠,12931
38,장두성,21 RF,-0.1,3,1,12.0,1,1,0,0,100.0,0.75,-1.12,0.13,0.02,,,,,,-0.98,-3.27,-0.03,-1.01,-0.097,-0.1,롯데 자이언츠,13155
39,신용수,21 3B,-0.104,2,1,8.0,5,2,2,1,80.0,4.5,-0.66,,0.01,-0.39,,,,,-1.05,-2.13,0.0,-1.05,-0.104,-0.104,롯데 자이언츠,14169
40,김재유,21 LF,-0.105,9,1,22.0,9,8,0,1,88.9,3.27,-1.06,0.06,0.02,,,,,,-0.99,-1.63,-0.07,-1.06,-0.098,-0.105,롯데 자이언츠,11483
41,배성근,21 2B,-0.113,26,7,92.0,59,25,31,3,94.9,5.48,-0.28,,-0.38,-0.8,,,,,-1.46,-2.7,0.32,-1.14,-0.145,-0.113,롯데 자이언츠,13279
42,이병규,21 1B,-0.128,3,2,17.0,17,17,0,0,100.0,9.0,-1.11,,0.01,,,,,,-1.09,-5.44,-0.2,-1.29,-0.109,-0.128,롯데 자이언츠,10477
43,배성근,21 3B,-0.129,7,0,8.1,1,0,1,0,100.0,1.08,-1.31,,0.01,,,,,,-1.3,-2.4,0.0,-1.3,-0.129,-0.129,롯데 자이언츠,13279
44,최민재,21 LF,-0.135,8,3,37.0,4,4,0,0,100.0,0.97,-1.39,0.12,0.03,,,,,,-1.23,-8.45,-0.13,-1.36,-0.122,-0.135,롯데 자이언츠,13004
45,안치홍,21 2B,-0.141,110,108,908.2,476,176,290,10,97.9,4.62,-5.57,,0.15,-0.69,,,,,-6.12,-7.4,4.69,-1.43,-0.607,-0.141,롯데 자이언츠,10014
46,정훈,21 CF,-0.156,18,16,124.1,18,17,1,0,100.0,1.3,-2.13,0.43,0.13,,,,,,-1.57,-1.68,0.0,-1.57,-0.156,-0.156,롯데 자이언츠,10253
47,신용수,21 RF,-0.231,13,2,32.0,3,3,0,0,100.0,0.84,-1.75,-0.5,0.04,,,,,,-2.21,-4.48,-0.12,-2.33,-0.219,-0.231,롯데 자이언츠,14169
48,오윤석,21 1B,-0.251,16,10,92.0,92,84,7,1,98.9,8.9,-1.74,,0.08,,,,,,-1.67,-2.48,-0.86,-2.53,-0.165,-0.251,롯데 자이언츠,11397
49,배성근,21 SS,-0.252,34,14,162.1,74,36,34,4,94.6,3.88,-1.44,,0.26,-2.76,,,,,-3.94,-7.28,1.4,-2.54,-0.391,-0.252,롯데 자이언츠,13279
50,김재유,21 CF,-0.252,55,38,339.1,94,88,3,3,96.8,2.41,-1.84,-0.05,-0.65,,,,,,-2.54,-4.21,0.0,-2.54,-0.252,-0.252,롯데 자이언츠,11483
51,장두성,21 CF,-0.297,35,7,100.0,16,15,0,1,93.8,1.35,-2.75,0.15,-0.4,,,,,,-3.0,-10.04,0.0,-3.0,-0.297,-0.297,롯데 자이언츠,13155
52,민병헌,21 CF,-0.37,12,11,88.1,17,17,0,0,100.0,1.73,-2.93,-0.9,0.09,,,,,,-3.73,-38.38,0.0,-3.73,-0.37,-0.37,롯데 자이언츠,10188
53,이대호,21 1B,-0.376,18,15,118.1,118,107,9,2,98.3,8.82,-2.22,,-0.4,,0.07,,,,-2.56,-3.23,-1.24,-3.8,-0.253,-0.376,롯데 자이언츠,10251
54,신용수,21 CF,-0.433,39,24,212.0,48,46,1,1,97.9,2.0,-3.7,-0.38,-0.28,,,,,,-4.36,-8.85,0.0,-4.36,-0.433,-0.433,롯데 자이언츠,14169
55,정훈,21 1B,-0.615,100,94,796.2,791,746,44,1,99.9,8.92,1.91,,0.16,,-0.09,,,,1.97,2.11,-8.18,-6.21,0.196,-0.615,롯데 자이언츠,10253
56,손아섭,21 RF,-0.93,134,131,1118.0,232,222,5,5,97.8,1.83,-2.39,-0.11,-0.95,,,,,,-3.45,-3.57,-5.93,-9.38,-0.342,-0.93,롯데 자이언츠,10261
57,전준우,21 LF,-1.023,116,116,969.0,239,233,6,0,100.0,2.22,-4.96,-1.06,0.88,,,,,,-5.14,-5.14,-5.18,-10.32,-0.509,-1.023,롯데 자이언츠,10266
58,이인복,21 P,,25,8,61.1,12,5,7,0,100.0,1.76,,,,,,,,,0.0,0.0,,,0.0,,롯데 자이언츠,11232
58,한승혁,21 P,,7,0,4.0,0,0,0,0,0.0,0.0,,,,,,,,,0.0,,,,0.0,,롯데 자이언츠,12590
58,배성근,21 P,,2,0,2.0,0,0,0,0,0.0,0.0,,,,,,,,,0.0,0.0,,,0.0,,롯데 자이언츠,13279
58,강윤구,21 P,,20,0,14.0,3,0,2,1,66.7,1.29,,,,,,,,,0.0,0.0,,,0.0,,롯데 자이언츠,10423
58,강태율,21 P,,1,0,0.1,0,0,0,0,0.0,0.0,,,,,,,,,0.0,0.0,,,0.0,,롯데 자이언츠,11388
58,박세웅,21 P,,28,28,163.0,39,12,26,1,97.4,2.1,,,,,,,,,0.0,,,,0.0,,롯데 자이언츠,11310
58,나균안,21 P,,23,7,46.1,8,0,8,0,100.0,1.55,,,,,,,,,0.0,0.0,,,0.0,,롯데 자이언츠,12930
58,오현택,21 P,,20,0,16.1,4,2,2,0,100.0,2.2,,,,,,,,,0.0,0.0,,,0.0,,롯데 자이언츠,10210
58,김유영,21 P,,26,0,18.2,2,0,2,0,100.0,0.96,,,,,,,,,0.0,0.0,,,0.0,,롯데 자이언츠,11229
58,나원탁,21 P,,2,0,2.0,0,0,0,0,0.0,0.0,,,,,,,,,0.0,0.0,,,0.0,,롯데 자이언츠,12935
58,추재현,21 P,,1,0,1.0,0,0,0,0,0.0,0.0,,,,,,,,,0.0,0.0,,,0.0,,롯데 자이언츠,13094
58,송재영,21 P,,19,0,14.2,2,1,1,0,100.0,1.23,,,,,,,,,0.0,0.0,,,0.0,,롯데 자이언츠,14794
58,이대호,21 C,,1,0,1.0,0,0,0,0,0.0,0.0,,,0.0,,,,0.07,,0.05,0.07,,,0.005,,롯데 자이언츠,10251
58,김원중,21 P,,61,0,62.2,8,2,5,1,87.5,1.01,,,,,,,,,0.0,0.0,,,0.0,,롯데 자이언츠,10825
1,박찬호,21 SS,1.095,128,126,1100.1,549,204,321,24,95.6,4.29,1.51,,-0.72,0.61,,,,,1.4,1.54,9.64,11.04,0.139,1.095,KIA 타이거즈,11261
2,한승택,21 C,0.867,82,68,589.0,547,489,53,5,99.1,8.28,1.02,,-0.59,,0.12,0.57,2.75,,3.04,5.33,5.71,8.75,0.301,0.867,KIA 타이거즈,11119
3,김민식,21 C,0.437,86,67,606.0,517,470,42,5,99.0,7.6,-0.7,,0.46,,-0.02,-0.08,-2.64,,-2.19,-3.15,6.6,4.41,-0.217,0.437,KIA 타이거즈,10707
4,김규성,21 SS,0.389,13,6,61.0,33,11,22,0,100.0,4.87,3.36,,0.1,0.09,,,,,3.55,9.46,0.38,3.93,0.352,0.389,KIA 타이거즈,12540
5,이창진,21 CF,0.356,82,67,558.1,169,168,1,0,100.0,2.72,3.05,-0.03,0.57,,,,,,3.59,4.93,0.0,3.59,0.356,0.356,KIA 타이거즈,11233
6,김호령,21 CF,0.328,61,44,394.0,126,124,2,0,100.0,2.88,1.83,1.07,0.4,,,,,,3.3,7.67,0.0,3.3,0.328,0.328,KIA 타이거즈,11298
7,최정용,21 2B,0.28,22,6,77.1,46,19,27,0,100.0,5.35,1.47,,0.1,0.98,,,,,2.54,6.9,0.28,2.82,0.252,0.28,KIA 타이거즈,11407
8,류지혁,21 3B,0.264,47,43,359.1,112,31,75,6,94.6,2.65,2.08,,0.27,0.51,-0.19,,,,2.67,4.17,0.0,2.67,0.264,0.264,KIA 타이거즈,10894
9,박정우,21 CF,0.234,22,14,130.0,44,43,1,0,100.0,3.05,2.54,-0.32,0.13,,,,,,2.36,10.61,0.0,2.36,0.234,0.234,KIA 타이거즈,12869
10,이우성,21 LF,0.198,60,19,247.2,60,58,1,1,98.3,2.14,3.25,-0.06,-0.27,,,,,,2.91,6.46,-0.92,1.99,0.289,0.198,KIA 타이거즈,11099
11,나주환,21 3B,0.129,9,3,43.2,10,3,7,0,100.0,2.06,1.11,,0.03,0.35,-0.19,,,,1.3,9.85,0.0,1.3,0.129,0.129,KIA 타이거즈,10092
12,이창진,21 LF,0.121,22,5,65.0,25,24,0,1,96.0,3.32,1.83,0.06,-0.44,,,,,,1.45,1.99,-0.23,1.22,0.144,0.121,KIA 타이거즈,11233
13,이진영,21 CF,0.119,12,8,76.0,20,20,0,0,100.0,2.37,1.2,-0.08,0.08,,,,,,1.2,10.19,0.0,1.2,0.119,0.119,KIA 타이거즈,12539
14,강경학,21 2B,0.109,8,2,25.0,17,8,9,0,100.0,6.12,0.99,,0.03,,,,,,1.03,5.91,0.07,1.1,0.102,0.109,KIA 타이거즈,10676
15,최원준,21 CF,0.09,13,10,80.2,21,21,0,0,100.0,2.34,1.15,-0.32,0.08,,,,,,0.91,0.92,0.0,0.91,0.09,0.09,KIA 타이거즈,12534
16,이창진,21 RF,0.088,3,0,8.0,5,5,0,0,100.0,5.63,1.23,-0.32,0.01,,,,,,0.92,1.26,-0.03,0.89,0.091,0.088,KIA 타이거즈,11233
17,김선빈,21 2B,0.086,125,125,1015.2,518,206,305,7,98.6,4.53,-4.5,,1.28,-1.49,,,,,-4.71,-5.21,5.57,0.86,-0.467,0.086,KIA 타이거즈,10008
18,박민,21 SS,0.058,14,11,94.2,39,13,24,2,94.9,3.52,0.75,,0.15,-1.02,,,,,-0.12,-0.94,0.7,0.58,-0.012,0.058,KIA 타이거즈,14611
19,최형우,21 LF,0.056,2,1,10.0,4,4,0,0,100.0,3.6,0.62,,0.01,,,,,,0.63,0.87,-0.06,0.57,0.062,0.056,KIA 타이거즈,10344
20,최정민,21 2B,0.055,6,0,9.0,3,2,1,0,100.0,3.0,0.54,,0.01,,,,,,0.55,2.02,0.01,0.56,0.054,0.055,KIA 타이거즈,10808
21,나주환,21 1B,0.055,4,1,10.0,11,10,1,0,100.0,9.9,0.54,,0.01,,0.07,,,,0.62,4.67,-0.06,0.56,0.061,0.055,KIA 타이거즈,10092
22,최정민,21 CF,0.041,9,1,30.0,9,9,0,0,100.0,2.7,0.52,-0.14,0.03,,,,,,0.41,1.51,0.0,0.41,0.041,0.041,KIA 타이거즈,10808
23,오정환,21 2B,0.038,3,2,23.0,11,4,7,0,100.0,4.3,0.23,,0.03,0.0,,,,,0.26,4.17,0.12,0.38,0.026,0.038,KIA 타이거즈,13117
24,터커,21 1B,0.019,28,27,244.2,231,213,17,1,99.6,8.46,2.11,,0.2,,0.38,,,,2.69,3.05,-2.5,0.19,0.267,0.019,KIA 타이거즈,14224
25,최정민,21 LF,0.017,5,2,17.0,2,2,0,0,100.0,1.06,0.16,0.04,0.02,,,,,,0.22,0.8,-0.05,0.17,0.021,0.017,KIA 타이거즈,10808
26,김선빈,21 SS,0.004,1,0,2.0,0,0,0,0,0.0,0.0,,,0.0,,,,,,0.0,0.0,0.04,0.04,0.0,0.004,KIA 타이거즈,10008
27,최정민,21 RF,-0.001,1,0,2.0,0,0,0,0,0.0,0.0,0.0,,0.0,,,,,,0.0,0.01,-0.01,-0.01,0.0,-0.001,KIA 타이거즈,10808
28,백용환,21 1B,-0.004,1,0,3.0,1,1,0,0,100.0,3.0,,,0.0,,,,,,0.0,0.01,-0.04,-0.04,0.0,-0.004,KIA 타이거즈,10003
29,권혁경,21 C,-0.023,5,5,41.0,23,22,1,0,100.0,5.05,0.0,,0.13,,,-0.4,-0.55,,-0.66,-19.03,0.43,-0.23,-0.066,-0.023,KIA 타이거즈,14790
30,이정훈,21 C,-0.029,4,4,33.0,28,24,2,2,92.9,7.09,-0.06,,-0.89,,,-0.09,0.44,,-0.73,-2.55,0.43,-0.29,-0.072,-0.029,KIA 타이거즈,12916
31,김태진,21 3B,-0.037,93,91,786.2,253,66,171,16,93.7,2.71,1.44,,-0.91,-0.86,-0.04,,,,-0.37,-0.54,0.0,-0.37,-0.037,-0.037,KIA 타이거즈,11244
32,박정우,21 RF,-0.039,1,0,2.0,0,0,0,0,0.0,0.0,-0.38,,0.0,,,,,,-0.38,-1.71,-0.01,-0.39,-0.038,-0.039,KIA 타이거즈,12869
33,오선우,21 LF,-0.056,6,4,33.1,16,15,1,0,100.0,4.32,-1.06,0.6,0.03,,,,,,-0.44,-6.99,-0.13,-0.57,-0.043,-0.056,KIA 타이거즈,14181
34,강경학,21 SS,-0.061,3,1,10.0,8,4,3,1,87.5,6.3,-1.02,,0.02,0.33,,,,,-0.68,-3.89,0.06,-0.62,-0.067,-0.061,KIA 타이거즈,10676
35,이진영,21 RF,-0.063,4,3,31.0,5,5,0,0,100.0,1.45,-0.22,-0.32,0.04,,,,,,-0.51,-4.28,-0.13,-0.64,-0.05,-0.063,KIA 타이거즈,12539
36,최정용,21 3B,-0.075,6,2,24.0,10,3,5,2,80.0,3.0,-0.77,,0.02,0.0,,,,,-0.76,-2.05,0.0,-0.76,-0.075,-0.075,KIA 타이거즈,11407
37,박정우,21 LF,-0.081,9,2,27.0,4,4,0,0,100.0,1.33,-0.69,-0.07,0.02,,,,,,-0.73,-3.3,-0.08,-0.81,-0.073,-0.081,KIA 타이거즈,12869
38,황윤호,21 3B,-0.082,4,3,29.2,8,2,4,2,75.0,1.82,-0.84,,0.02,,,,,,-0.82,-19.74,0.0,-0.82,-0.082,-0.082,KIA 타이거즈,11363
39,김규성,21 2B,-0.091,33,3,64.0,41,12,27,2,95.1,5.48,-1.39,,0.08,0.24,,,,,-1.07,-2.86,0.15,-0.92,-0.106,-0.091,KIA 타이거즈,12540
40,류지혁,21 1B,-0.098,42,34,312.1,310,291,17,2,99.4,8.88,1.62,,0.26,,0.06,,,,1.94,3.03,-2.92,-0.98,0.192,-0.098,KIA 타이거즈,10894
41,김태진,21 2B,-0.101,5,5,44.0,18,8,9,1,94.4,3.48,-1.54,,0.06,0.27,,,,,-1.22,-1.77,0.2,-1.02,-0.121,-0.101,KIA 타이거즈,11244
42,터커,21 RF,-0.101,10,7,52.2,12,11,0,1,91.7,1.88,-0.72,-0.07,0.07,,,,,,-0.72,-0.82,-0.3,-1.02,-0.072,-0.101,KIA 타이거즈,14224
43,이우성,21 RF,-0.114,2,1,10.0,3,3,0,0,100.0,2.7,-1.44,0.31,0.01,,,,,,-1.11,-2.46,-0.04,-1.15,-0.11,-0.114,KIA 타이거즈,11099
44,황윤호,21 2B,-0.125,2,1,11.0,4,0,4,0,100.0,3.27,-1.34,,0.01,,,,,,-1.32,-31.75,0.06,-1.26,-0.131,-0.125,KIA 타이거즈,11363
45,김규성,21 3B,-0.186,3,1,15.2,7,1,4,2,71.4,2.87,-1.09,,0.01,,-0.8,,,,-1.88,-5.01,0.0,-1.88,-0.186,-0.186,KIA 타이거즈,12540
46,오정환,21 3B,-0.187,1,1,8.0,3,0,2,1,66.7,2.25,-1.89,,0.01,,,,,,-1.88,-30.14,0.0,-1.88,-0.187,-0.187,KIA 타이거즈,13117
47,김석환,21 1B,-0.243,4,4,35.0,42,40,0,2,95.2,10.29,-2.14,,0.03,,,,,,-2.11,-60.9,-0.34,-2.45,-0.21,-0.243,KIA 타이거즈,12917
48,유민상,21 1B,-0.272,15,14,118.0,113,106,7,0,100.0,8.62,-1.68,,0.1,,,,,,-1.58,-9.5,-1.16,-2.74,-0.157,-0.272,KIA 타이거즈,10895
49,나지완,21 LF,-0.565,24,23,176.0,38,38,0,0,100.0,1.94,-4.7,-0.24,0.16,,,,,,-4.78,-22.2,-0.92,-5.7,-0.474,-0.565,KIA 타이거즈,10030
50,최원준,21 RF,-0.602,140,133,1163.1,308,291,10,7,97.7,2.33,0.48,1.58,-1.89,,,,,,0.16,0.17,-6.24,-6.08,0.016,-0.602,KIA 타이거즈,12534
51,터커,21 LF,-0.812,91,88,693.0,145,143,1,1,99.3,1.87,-4.22,-0.43,0.13,,,,,,-4.53,-5.13,-3.66,-8.19,-0.449,-0.812,KIA 타이거즈,14224
52,황대인,21 1B,-0.925,71,64,546.0,532,502,27,3,99.4,8.72,-3.87,,-0.55,,0.37,,,,-4.05,-6.78,-5.28,-9.33,-0.401,-0.925,KIA 타이거즈,11306
53,강경학,21 3B,,1,0,1.0,0,0,0,0,0.0,0.0,,,0.0,,,,,,0.0,0.0,,,0.0,,KIA 타이거즈,10676
53,이의리,21 P,,19,19,94.2,10,3,6,1,90.0,0.86,,,,,,,,,0.0,,,,0.0,,KIA 타이거즈,14788
53,황윤호,21 P,,1,0,0.2,0,0,0,0,0.0,0.0,,,,,,,,,0.0,0.0,,,0.0,,KIA 타이거즈,11363
53,정해영,21 P,,64,0,65.1,14,3,10,1,92.9,1.79,,,,,,,,,0.0,0.0,,,0.0,,KIA 타이거즈,14608
53,최정민,21 3B,,1,0,1.0,0,0,0,0,0.0,0.0,,,0.0,,,,,,0.0,0.0,,,0.0,,KIA 타이거즈,10808
53,최정용,21 P,,1,0,0.1,0,0,0,0,0.0,0.0,,,,,,,,,0.0,0.0,,,0.0,,KIA 타이거즈,11407
53,장현식,21 P,,69,0,76.2,11,1,9,1,90.9,1.17,,,,,,,,,0.0,0.0,,,0.0,,KIA 타이거즈,11164
53,이준영,21 P,,47,1,35.2,7,1,6,0,100.0,1.77,,,,,,,,,0.0,,,,0.0,,KIA 타이거즈,11303
53,류지혁,21 SS,,1,0,1.0,2,1,1,0,100.0,18.0,0.72,,0.0,,,,,,0.72,1.12,,,0.071,,KIA 타이거즈,10894
1,심우준,21 SS,1.363,138,129,1065.0,556,210,327,19,96.6,4.54,3.52,,-0.28,1.33,,,,,4.58,4.75,9.16,13.74,0.454,1.363,KT 위즈,11334
2,장성우,21 C,0.72,110,97,813.1,748,698,43,7,99.1,8.2,-0.31,,-0.37,,-0.37,-0.84,-0.74,,-2.41,-2.73,9.67,7.26,-0.239,0.72,KT 위즈,10235
3,오윤석,21 2B,0.533,42,23,207.0,120,35,85,0,100.0,5.22,3.39,,0.26,0.92,,,,,4.57,6.78,0.81,5.38,0.453,0.533,KT 위즈,11397
4,황재균,21 3B,0.376,114,112,938.1,261,67,178,16,93.9,2.35,1.08,,0.7,1.49,0.52,,,,3.79,4.66,0.0,3.79,0.376,0.376,KT 위즈,10407
5,배정대,21 CF,0.365,144,139,1189.1,318,308,7,3,99.1,2.38,2.41,1.55,-0.28,,,,,,3.68,3.68,0.0,3.68,0.365,0.365,KT 위즈,11212
6,허도환,21 C,0.35,57,33,290.1,252,238,13,1,99.6,7.78,-0.17,,0.44,,-0.05,-0.08,0.8,,0.7,1.63,2.83,3.53,0.069,0.35,KT 위즈,10684
7,송민섭,21 RF,0.311,48,3,109.1,34,32,2,0,100.0,2.8,2.03,1.27,0.15,,,,,,3.45,4.07,-0.31,3.14,0.342,0.311,KT 위즈,11342
8,신본기,21 2B,0.306,52,30,233.2,119,52,64,3,97.5,4.47,1.89,,0.29,-0.06,,,,,2.12,3.18,0.97,3.09,0.21,0.306,KT 위즈,10840
9,송민섭,21 LF,0.261,58,0,102.1,23,22,1,0,100.0,2.02,2.21,0.52,0.09,,,,,,2.83,3.33,-0.19,2.64,0.28,0.261,KT 위즈,11342
10,이홍구,21 C,0.246,35,13,143.1,129,122,7,0,100.0,8.1,-0.12,,0.46,,,0.49,0.6,,1.26,4.89,1.22,2.48,0.125,0.246,KT 위즈,11071
11,오윤석,21 1B,0.155,25,7,79.2,74,66,8,0,100.0,8.36,1.72,,0.07,,0.38,,,,2.16,3.21,-0.6,1.56,0.214,0.155,KT 위즈,11397
12,홍현빈,21 LF,0.142,23,1,49.2,12,11,1,0,100.0,2.17,1.46,0.02,0.05,,,,,,1.53,5.11,-0.09,1.44,0.151,0.142,KT 위즈,12941
13,신본기,21 SS,0.127,14,6,53.1,18,5,13,0,100.0,3.04,0.29,,0.09,0.43,,,,,0.81,1.21,0.48,1.29,0.08,0.127,KT 위즈,10840
14,천성호,21 2B,0.114,9,4,31.2,15,4,11,0,100.0,4.26,0.56,,0.04,0.41,,,,,1.01,3.54,0.14,1.15,0.1,0.114,KT 위즈,14606
15,호잉,21 CF,0.104,5,3,26.0,9,8,1,0,100.0,3.12,1.03,-0.01,0.03,,,,,,1.05,2.22,0.0,1.05,0.104,0.104,KT 위즈,13069
16,박경수,21 2B,0.094,97,60,522.0,305,121,181,3,99.0,5.21,-0.48,,0.66,-1.6,,,,,-1.42,-1.73,2.37,0.95,-0.141,0.094,KT 위즈,10469
17,강민국,21 3B,0.084,1,0,3.0,3,0,3,0,100.0,9.0,0.84,,0.0,,,,,,0.84,6.75,0.0,0.84,0.084,0.084,KT 위즈,11243
18,권동진,21 3B,0.081,2,0,5.0,3,1,2,0,100.0,5.4,0.45,,0.0,0.37,,,,,0.82,1.38,0.0,0.82,0.081,0.081,KT 위즈,14777
19,신본기,21 3B,0.076,47,21,195.0,60,14,45,1,98.3,2.72,1.47,,0.15,-1.31,0.46,,,,0.77,1.15,0.0,0.77,0.076,0.076,KT 위즈,10840
20,김태훈,21 LF,0.058,5,4,22.0,5,4,1,0,100.0,2.05,-0.23,0.89,0.02,,,,,,0.69,2.25,-0.1,0.59,0.068,0.058,KT 위즈,11336
21,홍현빈,21 RF,0.057,2,0,5.0,2,2,0,0,100.0,3.6,0.58,,0.01,,,,,,0.58,1.95,-0.01,0.57,0.058,0.057,KT 위즈,12941
22,문상철,21 LF,0.056,3,0,3.1,1,1,0,0,100.0,2.7,0.57,0.0,0.0,,,,,,0.57,1.56,-0.01,0.56,0.057,0.056,KT 위즈,11333
23,조용호,21 CF,0.049,2,2,10.0,2,2,0,0,100.0,1.8,0.48,,0.01,,,,,,0.49,0.51,0.0,0.49,0.049,0.049,KT 위즈,12943
24,김민혁,21 CF,0.048,2,0,4.0,1,1,0,0,100.0,2.25,0.48,,0.0,,,,,,0.48,0.92,0.0,0.48,0.048,0.048,KT 위즈,11339
25,문상철,21 1B,0.038,18,7,66.2,77,74,3,0,100.0,10.4,0.91,,0.06,,,,,,0.97,2.63,-0.58,0.39,0.096,0.038,KT 위즈,11333
26,호잉,21 RF,0.035,68,65,554.0,128,121,4,3,97.7,2.03,4.02,-0.12,-0.73,,,,,,3.17,6.71,-2.82,0.35,0.314,0.035,KT 위즈,13069
27,고명성,21 SS,0.02,4,0,4.2,3,0,3,0,100.0,5.79,0.44,,0.01,-0.26,,,,,0.18,3.8,0.02,0.2,0.018,0.02,KT 위즈,13171
28,강민국,21 2B,0.008,16,13,105.0,67,24,42,1,98.5,5.66,-1.07,,0.13,0.54,,,,,-0.39,-3.15,0.47,0.08,-0.039,0.008,KT 위즈,11243
29,문상철,21 3B,0.0,1,0,1.0,0,0,0,0,0.0,0.0,,,0.0,,,,,,0.0,0.0,0.0,0.0,0.0,0.0,KT 위즈,11333
30,고영표,21 P,0.0,26,25,166.2,38,10,28,0,100.0,2.05,,,,,,,,,0.0,0.0,0.0,0.0,0.0,0.0,KT 위즈,11308
31,김준태,21 C,-0.001,7,1,16.0,17,13,3,1,94.1,9.0,0.0,,-0.45,,,0.43,-0.22,,-0.17,-0.43,0.17,-0.01,-0.017,-0.001,KT 위즈,10835
32,김병희,21 1B,-0.002,2,0,3.0,2,2,0,0,100.0,6.0,-0.01,,0.0,,,,,,0.0,-0.02,-0.02,-0.02,0.0,-0.002,KT 위즈,11330
33,권동진,21 2B,-0.023,39,5,96.1,53,21,29,3,94.3,4.67,-0.76,,0.12,0.12,,,,,-0.52,-0.88,0.29,-0.23,-0.052,-0.023,KT 위즈,14777
34,강백호,21 C,-0.028,1,0,1.0,2,2,0,0,100.0,18.0,0.0,,0.0,,,,-0.44,,-0.31,-0.31,0.02,-0.28,-0.03,-0.028,KT 위즈,13168
35,김민혁,21 LF,-0.044,38,31,225.2,48,48,0,0,100.0,1.91,1.2,-0.55,0.2,,,,,,0.86,1.64,-1.3,-0.44,0.085,-0.044,KT 위즈,11339
36,송민섭,21 CF,-0.074,17,0,34.2,7,7,0,0,100.0,1.82,-0.73,-0.05,0.04,,,,,,-0.75,-0.88,0.0,-0.75,-0.074,-0.074,KT 위즈,11342
37,천성호,21 1B,-0.077,12,2,37.2,32,31,0,1,96.9,7.41,-0.54,,0.03,,,,,,-0.51,-1.8,-0.26,-0.77,-0.051,-0.077,KT 위즈,14606
38,박승욱,21 2B,-0.11,4,2,12.0,10,4,4,2,80.0,6.0,-1.17,,0.02,,,,,,-1.16,-20.86,0.05,-1.11,-0.115,-0.11,KT 위즈,10804
39,김건형,21 RF,-0.147,11,11,85.0,10,9,1,0,100.0,1.06,-1.62,0.4,0.12,,,,,,-1.1,-14.34,-0.39,-1.49,-0.109,-0.147,KT 위즈,14779
40,천성호,21 3B,-0.164,8,1,21.0,7,0,5,2,71.4,2.14,-1.83,,0.02,0.16,,,,,-1.65,-5.81,0.0,-1.65,-0.164,-0.164,KT 위즈,14606
41,권동진,21 SS,-0.177,44,9,140.0,75,25,45,5,93.3,4.5,-1.47,,0.23,-1.51,,,,,-2.75,-4.6,0.96,-1.79,-0.272,-0.177,KT 위즈,14777
42,김병희,21 3B,-0.198,19,10,94.2,33,8,22,3,90.9,2.85,-1.38,,0.07,-0.68,,,,,-2.0,-8.46,0.0,-2.0,-0.198,-0.198,KT 위즈,11330
43,김병희,21 2B,-0.199,12,7,54.1,25,6,17,2,92.0,3.81,-2.0,,0.07,-0.33,,,,,-2.25,-9.54,0.24,-2.01,-0.223,-0.199,KT 위즈,11330
44,김민혁,21 RF,-0.223,5,1,14.2,6,5,0,1,83.3,3.07,-0.68,-1.03,-0.48,,,,,,-2.19,-4.21,-0.06,-2.25,-0.217,-0.223,KT 위즈,11339
45,김태훈,21 RF,-0.241,12,11,91.0,17,17,0,0,100.0,1.68,-2.05,-0.11,0.13,,,,,,-2.03,-6.65,-0.4,-2.43,-0.201,-0.241,KT 위즈,11336
46,유한준,21 RF,-0.272,15,11,85.0,11,11,0,0,100.0,1.16,-1.93,-0.49,0.12,,,,,,-2.3,-3.19,-0.44,-2.74,-0.228,-0.272,KT 위즈,10627
47,강백호,21 RF,-0.278,5,4,30.2,5,5,0,0,100.0,1.47,-1.77,-0.91,0.04,,,,,,-2.64,-2.68,-0.16,-2.8,-0.262,-0.278,KT 위즈,13168
48,알몬테,21 LF,-0.371,35,33,241.0,55,52,1,2,96.4,1.98,-1.67,-0.44,-0.28,,,,,,-2.4,-5.76,-1.34,-3.74,-0.238,-0.371,KT 위즈,14752
49,조용호,21 RF,-0.372,45,38,289.1,58,56,2,0,100.0,1.8,-3.07,0.53,0.4,,,,,,-2.14,-2.23,-1.61,-3.75,-0.212,-0.372,KT 위즈,12943
50,조용호,21 LF,-0.632,104,75,619.1,124,119,5,0,100.0,1.8,-3.73,0.09,0.56,,,,,,-3.08,-3.21,-3.3,-6.38,-0.305,-0.632,KT 위즈,12943
51,강백호,21 1B,-0.762,133,128,1068.0,1149,1024,106,19,98.3,9.52,4.07,,-0.11,,-0.22,,,,3.74,3.79,-11.42,-7.68,0.37,-0.762,KT 위즈,13168
52,안영명,21 P,,35,0,35.1,8,1,7,0,100.0,2.04,,,,,,,,,0.0,0.0,,,0.0,,KT 위즈,10600
52,오윤석,21 3B,,3,0,5.0,3,0,3,0,100.0,5.4,0.59,,0.0,-0.02,,,,,0.57,0.85,,,0.057,,KT 위즈,11397
52,김민수,21 P,,55,1,58.0,15,6,7,2,86.7,2.02,,,,,,,,,0.0,0.0,,,0.0,,KT 위즈,11317
52,심우준,21 2B,,1,0,1.0,0,0,0,0,0.0,0.0,,,0.0,,,,,,0.0,0.0,,,0.0,,KT 위즈,11334
52,이대은,21 P,,31,0,31.0,6,4,2,0,100.0,1.74,,,,,,,,,0.0,0.0,,,0.0,,KT 위즈,11907
52,박승욱,21 1B,,2,0,2.0,0,0,0,0,0.0,0.0,-1.24,,0.0,,,,,,-1.24,-22.36,,,-0.123,,KT 위즈,10804
52,고명성,21 2B,,1,0,1.0,0,0,0,0,0.0,0.0,,,0.0,,,,,,0.0,0.03,,,0.0,,KT 위즈,13171
52,유원상,21 P,,11,0,13.1,2,0,2,0,100.0,1.35,,,,,,,,,0.0,0.0,,,0.0,,KT 위즈,10604
52,심재민,21 P,,28,2,46.2,6,2,4,0,100.0,1.16,,,,,,,,,0.0,0.0,,,0.0,,KT 위즈,11311
52,오윤석,21 SS,,1,0,1.0,0,0,0,0,0.0,0.0,-0.04,,0.0,,,,,,-0.04,-0.06,,,-0.004,,KT 위즈,11397
52,데스파이네,21 P,,33,33,188.2,46,9,36,1,97.8,2.15,,,,,,,,,0.0,,,,0.0,,KT 위즈,14602
52,하준호,21 P,,10,0,12.0,2,0,2,0,100.0,1.5,,,,,,,,,0.0,0.0,,,0.0,,KT 위즈,10304
52,이창재,21 P,,32,0,26.2,1,0,1,0,100.0,0.34,,,,,,,,,0.0,0.0,,,0.0,,KT 위즈,11320
52,고명성,21 3B,,1,0,1.0,0,0,0,0,0.0,0.0,0.0,,0.0,,,,,,0.0,0.0,,,0.0,,KT 위즈,13171
52,유한준,21 LF,,1,0,0.2,0,0,0,0,0.0,0.0,,,0.0,,,,,,0.0,0.0,,,0.0,,KT 위즈,10627
52,조현우,21 P,,48,0,31.0,17,4,11,2,88.2,4.35,,,,,,,,,0.0,0.0,,,0.0,,KT 위즈,11316
52,김재윤,21 P,,65,0,67.0,10,1,9,0,100.0,1.34,,,,,,,,,0.0,0.0,,,0.0,,KT 위즈,11489
52,황재균,21 1B,,1,0,2.0,2,2,0,0,100.0,9.0,0.37,,0.0,,,,,,0.37,0.45,,,0.037,,KT 위즈,10407
52,박시영,21 P,,48,0,45.0,7,2,4,1,85.7,1.2,,,,,,,,,0.0,0.0,,,0.0,,KT 위즈,10737
52,김태훈,21 1B,,4,0,5.0,3,3,0,0,100.0,5.4,0.26,,0.0,,,,,,0.27,0.87,,,0.026,,KT 위즈,11336
1,강민호,21 C,1.11,119,110,934.0,856,800,49,7,99.2,8.18,0.14,,-0.47,,0.14,-1.2,2.4,,0.28,0.33,10.92,11.2,0.028,1.11,삼성 라이온즈,10232
2,박해민,21 CF,0.48,125,119,989.2,283,280,2,1,99.6,2.56,4.04,0.28,0.52,,,,,,4.84,5.49,0.0,4.84,0.48,0.48,삼성 라이온즈,11190
3,김지찬,21 SS,0.254,90,73,599.1,277,90,172,15,94.6,3.93,-3.74,,-0.53,1.51,,,,,-2.76,-3.31,5.32,2.56,-0.273,0.254,삼성 라이온즈,14618
4,박승규,21 LF,0.251,18,9,93.1,32,32,0,0,100.0,3.09,3.56,-0.67,0.08,,,,,,2.97,7.26,-0.44,2.53,0.295,0.251,삼성 라이온즈,14122
5,김지찬,21 2B,0.249,36,10,130.0,74,27,44,3,95.9,4.92,1.38,,-0.83,1.46,,,,,2.0,2.4,0.51,2.51,0.198,0.249,삼성 라이온즈,14618
6,박승규,21 CF,0.165,22,4,62.1,24,24,0,0,100.0,3.47,2.01,-0.42,0.06,,,,,,1.66,4.05,0.0,1.66,0.165,0.165,삼성 라이온즈,14122
7,김도환,21 C,0.119,25,13,113.2,92,88,3,1,98.9,7.21,0.27,,-0.13,,,-0.21,0.29,,0.12,0.71,1.08,1.2,0.012,0.119,삼성 라이온즈,14115
8,김헌곤,21 RF,0.105,19,13,125.1,31,31,0,0,100.0,2.23,1.83,-0.34,0.17,,,,,,1.66,2.02,-0.6,1.06,0.164,0.105,삼성 라이온즈,10640
9,김현준,21 RF,0.076,6,0,9.2,5,5,0,0,100.0,4.66,0.71,0.07,0.01,,,,,,0.79,8.72,-0.02,0.77,0.078,0.076,삼성 라이온즈,14867
10,박승규,21 RF,0.075,5,0,10.0,1,1,0,0,100.0,0.9,0.6,0.17,0.01,,,,,,0.78,1.9,-0.02,0.76,0.077,0.075,삼성 라이온즈,14122
11,김성윤,21 RF,0.065,8,1,23.0,8,7,0,1,87.5,2.74,1.13,0.07,-0.47,,,,,,0.74,3.54,-0.08,0.66,0.073,0.065,삼성 라이온즈,12936
12,김상수,21 2B,0.061,130,125,1039.0,612,241,359,12,98.0,5.2,-1.7,,-1.18,-1.42,,,,,-4.3,-4.69,4.91,0.61,-0.426,0.061,삼성 라이온즈,10320
13,이성곤,21 1B,0.048,2,1,5.0,8,7,1,0,100.0,14.4,0.52,,0.0,,,,,,0.53,1.23,-0.04,0.49,0.052,0.048,삼성 라이온즈,11206
14,김호재,21 2B,0.036,6,0,12.1,4,0,4,0,100.0,2.92,0.32,,0.02,,,,,,0.33,0.55,0.03,0.36,0.033,0.036,삼성 라이온즈,13240
15,김민수,21 C,0.031,46,19,201.1,192,176,13,3,98.4,8.45,-0.26,,-0.85,,-0.04,1.42,-2.82,,-1.71,-5.22,2.02,0.31,-0.169,0.031,삼성 라이온즈,11266
16,김현준,21 LF,0.03,4,0,6.0,2,2,0,0,100.0,3.0,0.66,-0.35,0.01,,,,,,0.31,3.45,-0.01,0.3,0.031,0.03,삼성 라이온즈,14867
17,김응민,21 C,0.015,1,1,7.0,4,4,0,0,100.0,5.14,0.0,,0.02,,,0.0,0.12,,0.11,15.25,0.05,0.15,0.01,0.015,삼성 라이온즈,10890
18,김지찬,21 3B,0.013,5,4,33.0,12,0,11,1,91.7,3.0,0.53,,0.02,-0.52,0.1,,,,0.13,0.16,0.0,0.13,0.013,0.013,삼성 라이온즈,14618
19,김호재,21 3B,0.007,27,2,56.0,15,5,10,0,100.0,2.41,0.29,,0.04,-0.26,,,,,0.07,0.12,0.0,0.07,0.007,0.007,삼성 라이온즈,13240
20,권정웅,21 C,0.004,2,1,3.0,2,2,0,0,100.0,6.0,,,0.01,,,,0.01,,0.02,1.4,0.02,0.04,0.002,0.004,삼성 라이온즈,12529
21,오선진,21 2B,0.001,2,0,3.0,2,1,1,0,100.0,6.0,,,0.0,,,,,,0.0,0.02,0.01,0.01,0.0,0.001,삼성 라이온즈,10557
22,이학주,21 SS,-0.026,64,47,401.2,223,81,131,11,95.1,4.75,-2.27,,-1.35,-0.01,,,,,-3.63,-7.91,3.36,-0.27,-0.36,-0.026,삼성 라이온즈,14114
23,김호재,21 1B,-0.048,35,8,109.2,97,88,8,1,99.0,7.88,0.23,,0.09,,,,,,0.32,0.53,-0.8,-0.48,0.031,-0.048,삼성 라이온즈,13240
24,최영진,21 3B,-0.048,17,5,63.0,20,8,12,0,100.0,2.86,-0.99,,0.05,0.35,0.11,,,,-0.49,-1.59,0.0,-0.49,-0.048,-0.048,삼성 라이온즈,10934
25,김호재,21 SS,-0.051,12,3,35.0,13,3,9,1,92.3,3.09,-0.46,,0.06,-0.36,,,,,-0.76,-1.26,0.24,-0.52,-0.075,-0.051,삼성 라이온즈,13240
26,송준석,21 LF,-0.053,13,12,90.0,24,24,0,0,100.0,2.4,-0.17,0.0,0.08,,,,,,-0.09,-0.71,-0.44,-0.53,-0.009,-0.053,삼성 라이온즈,11200
27,구자욱,21 RF,-0.064,130,130,1085.0,259,247,9,3,98.8,2.12,3.89,1.18,0.0,,,,,,5.07,5.25,-5.71,-0.64,0.503,-0.064,삼성 라이온즈,10892
28,이원석,21 3B,-0.072,103,103,742.0,176,43,129,4,97.7,2.09,-1.21,,0.06,0.24,0.19,,,,-0.73,-0.8,0.0,-0.73,-0.072,-0.072,삼성 라이온즈,10180
29,강한울,21 2B,-0.073,17,9,73.2,33,15,17,1,97.0,3.91,-1.14,,0.09,-0.04,,,,,-1.09,-1.26,0.35,-0.74,-0.108,-0.073,삼성 라이온즈,11255
30,강한울,21 SS,-0.08,23,11,112.0,53,22,30,1,98.1,4.18,-2.07,,0.18,0.08,,,,,-1.8,-2.1,1.0,-0.8,-0.179,-0.08,삼성 라이온즈,11255
31,김성표,21 CF,-0.086,20,3,65.1,18,17,0,1,94.4,2.34,-1.04,0.6,-0.43,,,,,,-0.87,-3.21,0.0,-0.87,-0.086,-0.086,삼성 라이온즈,11109
32,박해민,21 1B,-0.118,4,1,14.2,14,14,0,0,100.0,8.59,-1.1,,0.01,,,,,,-1.09,-1.24,-0.1,-1.19,-0.108,-0.118,삼성 라이온즈,11190
33,김성윤,21 CF,-0.158,6,2,19.2,4,4,0,0,100.0,1.83,-1.63,0.02,0.02,,,,,,-1.59,-7.64,0.0,-1.59,-0.158,-0.158,삼성 라이온즈,12936
34,최영진,21 1B,-0.176,21,4,59.2,58,53,5,0,100.0,8.75,-1.35,,0.05,,,,,,-1.3,-4.24,-0.48,-1.78,-0.128,-0.176,삼성 라이온즈,10934
35,강한울,21 3B,-0.19,82,30,365.0,97,27,63,7,92.8,2.22,-1.99,,-0.23,0.18,0.12,,,,-1.91,-2.22,0.0,-1.91,-0.19,-0.19,삼성 라이온즈,11255
36,김성윤,21 LF,-0.19,7,0,9.0,1,0,0,1,0.0,0.0,-1.3,-0.1,-0.49,,,,,,-1.89,-9.07,-0.03,-1.92,-0.187,-0.19,삼성 라이온즈,12936
37,오선진,21 SS,-0.202,21,10,111.0,44,20,22,2,95.5,3.41,-1.86,,0.18,-1.23,,,,,-2.92,-18.25,0.88,-2.04,-0.289,-0.202,삼성 라이온즈,10557
38,이원석,21 1B,-0.209,20,17,128.0,111,103,7,1,99.1,7.73,-0.83,,0.11,,,,,,-0.72,-0.8,-1.38,-2.1,-0.072,-0.209,삼성 라이온즈,10180
39,김동엽,21 LF,-0.235,36,25,193.2,41,39,1,1,97.6,1.86,-0.94,-0.6,0.18,,,,,,-1.37,-2.85,-1.0,-2.37,-0.135,-0.235,삼성 라이온즈,12548
40,김헌곤,21 CF,-0.273,23,16,120.0,26,24,2,0,100.0,1.95,-2.6,-0.27,0.12,,,,,,-2.75,-3.36,0.0,-2.75,-0.273,-0.273,삼성 라이온즈,10640
41,김헌곤,21 LF,-0.305,93,61,569.0,137,130,6,1,99.3,2.15,-1.2,0.52,0.02,,,,,,-0.66,-0.8,-2.42,-3.08,-0.065,-0.305,삼성 라이온즈,10640
42,피렐라,21 LF,-0.332,38,37,295.1,63,61,2,0,100.0,1.92,-2.73,0.72,0.27,,,,,,-1.74,-1.79,-1.61,-3.35,-0.172,-0.332,삼성 라이온즈,14757
43,오재일,21 1B,-0.552,117,113,936.0,918,864,52,2,99.8,8.81,3.34,,0.78,,-0.36,,,,3.75,4.5,-9.32,-5.57,0.372,-0.552,삼성 라이온즈,10400
44,최채흥,21 P,,26,20,122.1,32,9,23,0,100.0,2.35,,,,,,,,,0.0,,,,0.0,,삼성 라이온즈,13156
44,이재익,21 P,,11,0,10.0,1,0,1,0,100.0,0.9,,,,,,,,,0.0,0.0,,,0.0,,삼성 라이온즈,13244
44,김현준,21 CF,,1,0,2.0,1,1,0,0,100.0,4.5,-0.94,,0.0,,,,,,-0.94,-10.43,,,-0.093,,삼성 라이온즈,14867
44,송준석,21 RF,,1,0,2.0,0,0,0,0,0.0,0.0,0.0,,0.0,,,,,,0.0,-0.02,,,0.0,,삼성 라이온즈,11200
44,문용익,21 P,,22,0,22.0,4,2,2,0,100.0,1.64,,,,,,,,,0.0,0.0,,,0.0,,삼성 라이온즈,12885
44,김성표,21 RF,,3,0,4.0,0,0,0,0,0.0,0.0,-0.78,0.13,0.01,,,,,,-0.65,-2.39,,,-0.064,,삼성 라이온즈,11109
44,오승환,21 P,,64,0,62.0,7,1,5,1,85.7,0.87,,,,,,,,,0.0,0.0,,,0.0,,삼성 라이온즈,10367
44,이태훈,21 1B,,1,0,1.0,0,0,0,0,0.0,0.0,,,0.0,,,,,,0.0,0.04,,,0.0,,삼성 라이온즈,13160
44,김성표,21 LF,,2,0,2.2,0,0,0,0,0.0,0.0,-0.36,,0.0,,,,,,-0.36,-1.32,,,-0.035,,삼성 라이온즈,11109
44,노성호,21 P,,16,0,19.0,2,1,1,0,100.0,0.95,,,,,,,,,0.0,0.0,,,0.0,,삼성 라이온즈,11144
44,안주형,21 2B,,1,0,1.0,1,0,1,0,100.0,9.0,0.16,,0.0,,,,,,0.17,23.82,,,0.016,,삼성 라이온즈,12988
44,백승민,21 1B,,3,0,5.0,3,3,0,0,100.0,5.4,-0.43,,0.0,,,,,,-0.42,-15.3,,,-0.042,,삼성 라이온즈,13241
44,김윤수,21 P,,20,1,19.0,3,1,2,0,100.0,1.42,,,,,,,,,0.0,0.0,,,0.0,,삼성 라이온즈,13162
1,박성한,21 SS,1.311,129,111,993.2,530,194,313,23,95.7,4.59,1.8,,0.61,1.61,,,,,4.02,4.29,9.2,13.22,0.398,1.311,SSG 랜더스,12922
2,이재원,21 C,0.749,104,80,678.2,596,551,38,7,98.8,7.81,-0.34,,-0.8,,-0.04,0.83,1.09,,0.4,0.54,7.15,7.56,0.04,0.749,SSG 랜더스,10082
3,최지훈,21 CF,0.566,105,99,670.1,222,216,5,1,99.5,2.97,4.79,0.73,0.19,,,,,,5.71,6.05,0.0,5.71,0.566,0.566,SSG 랜더스,14587
4,김성현,21 2B,0.39,73,33,357.0,208,86,119,3,98.6,5.17,2.11,,-0.05,0.38,,,,,2.44,3.2,1.49,3.93,0.242,0.39,SSG 랜더스,10636
5,최주환,21 2B,0.366,74,69,553.2,311,130,173,8,97.4,4.93,0.28,,0.2,0.29,,,,,0.77,0.95,2.92,3.69,0.076,0.366,SSG 랜더스,10182
6,최정,21 3B,0.304,128,124,1029.0,304,83,209,12,96.1,2.55,1.59,,0.27,0.98,0.23,,,,3.07,3.3,0.0,3.07,0.304,0.304,SSG 랜더스,10106
7,이현석,21 C,0.295,38,25,220.0,201,184,15,2,99.0,8.14,0.56,,-0.29,,0.08,0.81,-0.32,,0.93,3.44,2.04,2.97,0.093,0.295,SSG 랜더스,11369
8,김강민,21 CF,0.159,116,40,566.1,157,149,6,2,98.7,2.46,1.39,0.13,0.08,,,,,,1.61,1.9,0.0,1.61,0.159,0.159,SSG 랜더스,10108
9,이흥련,21 C,0.154,87,38,369.0,324,301,22,1,99.7,7.88,-0.26,,0.69,,-0.04,-1.59,-0.82,,-1.76,-2.82,3.31,1.55,-0.175,0.154,SSG 랜더스,11108
10,김찬형,21 2B,0.149,26,15,129.2,72,22,50,0,100.0,5.0,1.47,,0.16,-0.65,,,,,0.98,1.61,0.52,1.5,0.098,0.149,SSG 랜더스,12622
11,오태곤,21 LF,0.147,54,24,248.1,66,63,3,0,100.0,2.39,2.23,0.11,0.23,,,,,,2.57,3.03,-1.08,1.49,0.255,0.147,SSG 랜더스,10249
12,정현,21 2B,0.139,6,3,36.0,23,7,15,1,95.7,5.5,1.06,,-0.45,0.64,,,,,1.24,2.63,0.16,1.4,0.123,0.139,SSG 랜더스,11111
13,김성현,21 3B,0.126,7,5,44.0,8,1,7,0,100.0,1.64,0.96,,0.03,0.28,,,,,1.27,1.66,0.0,1.27,0.126,0.126,SSG 랜더스,10636
14,김창평,21 SS,0.075,3,0,6.0,3,1,2,0,100.0,4.5,0.67,,0.01,,,,,,0.68,2.45,0.08,0.76,0.067,0.075,SSG 랜더스,14146
15,안상현,21 2B,0.073,20,9,82.0,49,22,25,2,95.9,5.16,1.03,,-0.4,-0.24,,,,,0.39,1.51,0.35,0.74,0.038,0.073,SSG 랜더스,12613
16,최항,21 2B,0.065,17,14,99.1,61,30,28,3,95.1,5.26,0.17,,0.13,-0.17,,,,,0.13,0.55,0.53,0.66,0.013,0.065,SSG 랜더스,10810
17,김창평,21 LF,0.063,7,2,23.0,3,3,0,0,100.0,1.17,-0.05,0.73,0.02,,,,,,0.7,2.53,-0.07,0.63,0.07,0.063,SSG 랜더스,14146
18,오준혁,21 LF,0.04,4,1,12.0,3,3,0,0,100.0,2.25,0.42,0.03,0.01,,,,,,0.47,2.58,-0.06,0.41,0.046,0.04,SSG 랜더스,10672
19,최항,21 3B,0.037,2,1,7.0,5,1,4,0,100.0,6.43,0.09,,0.01,0.28,,,,,0.38,1.59,0.0,0.38,0.037,0.037,SSG 랜더스,10810
20,김규남,21 RF,0.021,1,0,3.0,1,1,0,0,100.0,3.0,0.23,,0.0,,,,,,0.23,8.33,-0.02,0.21,0.023,0.021,SSG 랜더스,14200
21,최항,21 1B,0.006,4,0,5.2,4,4,0,0,100.0,6.35,0.08,,0.0,,,,,,0.08,0.35,-0.02,0.06,0.008,0.006,SSG 랜더스,10810
22,안상현,21 SS,0.002,3,0,3.0,0,0,0,0,0.0,0.0,,,0.0,,,,,,0.0,0.02,0.02,0.02,0.0,0.002,SSG 랜더스,12613
23,오태곤,21 3B,0.0,2,0,3.0,0,0,0,0,0.0,0.0,,,0.0,,,,,,0.0,0.0,0.0,0.0,0.0,0.0,SSG 랜더스,10249
24,서진용,21 P,0.0,65,0,67.1,7,2,5,0,100.0,0.94,,,,,,,,,0.0,0.0,0.0,0.0,0.0,0.0,SSG 랜더스,10784
25,유서준,21 CF,-0.001,1,0,2.0,0,0,0,0,0.0,0.0,-0.01,,0.0,,,,,,-0.01,-0.26,0.0,-0.01,-0.001,-0.001,SSG 랜더스,11240
26,정진기,21 CF,-0.014,2,2,14.0,5,3,1,1,80.0,2.57,0.12,0.23,-0.48,,,,,,-0.14,-0.23,0.0,-0.14,-0.014,-0.014,SSG 랜더스,10717
27,김규남,21 LF,-0.036,2,2,11.0,3,3,0,0,100.0,2.45,-0.41,0.09,0.01,,,,,,-0.31,-11.2,-0.05,-0.36,-0.031,-0.036,SSG 랜더스,14200
28,정상호,21 C,-0.043,3,1,9.0,5,4,0,1,80.0,4.0,0.0,,-0.47,,,-0.04,0.05,,-0.48,-22.93,0.05,-0.43,-0.047,-0.043,SSG 랜더스,10083
29,김창평,21 RF,-0.043,6,0,8.2,1,1,0,0,100.0,1.04,-0.33,-0.1,0.01,,,,,,-0.41,-1.49,-0.02,-0.43,-0.041,-0.043,SSG 랜더스,14146
30,김창평,21 2B,-0.044,3,0,5.0,2,2,0,0,100.0,3.6,-0.46,,0.01,,,,,,-0.45,-1.63,0.01,-0.44,-0.045,-0.044,SSG 랜더스,14146
31,김창평,21 CF,-0.052,1,1,8.0,4,4,0,0,100.0,4.5,-0.55,0.01,0.01,,,,,,-0.53,-1.89,0.0,-0.53,-0.052,-0.052,SSG 랜더스,14146
32,오태곤,21 RF,-0.07,8,2,22.2,5,4,0,1,80.0,1.59,0.13,-0.27,-0.47,,,,,,-0.61,-0.72,-0.1,-0.71,-0.06,-0.07,SSG 랜더스,10249
33,최지훈,21 RF,-0.078,34,10,139.1,31,29,1,1,96.8,1.94,0.07,0.12,-0.31,,,,,,-0.11,-0.12,-0.67,-0.78,-0.011,-0.078,SSG 랜더스,14587
34,한유섬,21 LF,-0.081,39,36,279.0,56,55,0,1,98.2,1.77,0.57,-0.16,0.25,,,,,,0.66,0.71,-1.48,-0.82,0.066,-0.081,SSG 랜더스,10815
35,오태곤,21 CF,-0.082,3,2,16.0,2,2,0,0,100.0,1.13,-0.64,-0.21,0.02,,,,,,-0.83,-0.98,0.0,-0.83,-0.082,-0.082,SSG 랜더스,10249
36,김창평,21 3B,-0.096,3,1,10.0,2,0,2,0,100.0,1.8,-0.97,,0.01,,,,,,-0.96,-3.47,0.0,-0.96,-0.096,-0.096,SSG 랜더스,14146
37,남태혁,21 1B,-0.105,6,3,23.0,23,21,0,2,91.3,8.22,-0.65,,-0.48,,0.31,,,,-0.82,-9.87,-0.24,-1.06,-0.082,-0.105,SSG 랜더스,12521
38,정의윤,21 LF,-0.113,22,20,138.0,34,33,1,0,100.0,2.22,-0.87,0.3,0.13,,,,,,-0.44,-1.02,-0.7,-1.14,-0.044,-0.113,SSG 랜더스,10655
39,김성현,21 SS,-0.12,40,29,242.1,107,29,73,5,95.3,3.79,-2.08,,-0.11,-1.09,,,,,-3.27,-4.28,2.06,-1.21,-0.324,-0.12,SSG 랜더스,10636
40,오준혁,21 RF,-0.121,4,1,10.0,2,2,0,0,100.0,1.8,-0.96,-0.23,0.01,,,,,,-1.17,-6.5,-0.05,-1.22,-0.116,-0.121,SSG 랜더스,10672
41,최지훈,21 LF,-0.137,74,9,244.1,58,57,1,0,100.0,2.14,-0.98,0.42,0.22,,,,,,-0.34,-0.36,-1.04,-1.38,-0.034,-0.137,SSG 랜더스,14587
42,박성한,21 2B,-0.158,8,1,14.0,7,5,2,0,100.0,4.5,-1.41,,0.02,-0.24,,,,,-1.63,-1.74,0.04,-1.59,-0.162,-0.158,SSG 랜더스,12922
43,최주환,21 1B,-0.164,32,28,218.2,224,197,24,3,98.7,9.1,1.11,,-0.32,,,,,,0.79,0.98,-2.44,-1.65,0.078,-0.164,SSG 랜더스,10182
44,김찬형,21 SS,-0.194,9,4,29.2,17,6,10,1,94.1,4.85,-1.78,,0.05,-0.52,,,,,-2.26,-3.69,0.3,-1.96,-0.224,-0.194,SSG 랜더스,12622
45,정현,21 3B,-0.215,7,2,29.0,8,2,5,1,87.5,2.17,-2.15,,0.02,-0.14,0.1,,,,-2.17,-4.6,0.0,-2.17,-0.215,-0.215,SSG 랜더스,11111
46,오태곤,21 1B,-0.238,61,20,257.1,274,251,21,2,99.3,9.51,0.67,,-0.79,,-0.06,,,,-0.18,-0.21,-2.22,-2.4,-0.018,-0.238,SSG 랜더스,10249
47,김찬형,21 3B,-0.264,39,11,154.2,43,15,26,2,95.3,2.39,-1.46,,0.12,-1.41,0.1,,,,-2.66,-4.35,0.0,-2.66,-0.264,-0.264,SSG 랜더스,12622
48,한유섬,21 RF,-0.328,87,73,632.2,174,168,5,1,99.4,2.46,-0.43,-0.14,0.37,,,,,,-0.19,-0.21,-3.11,-3.3,-0.019,-0.328,SSG 랜더스,10815
49,정의윤,21 RF,-0.359,15,11,84.0,13,12,1,0,100.0,1.39,-2.65,-0.71,0.12,,,,,,-3.25,-7.55,-0.37,-3.62,-0.322,-0.359,SSG 랜더스,10655
50,이정범,21 LF,-0.36,17,17,107.0,21,19,1,1,95.2,1.68,-2.53,-0.08,-0.4,,,,,,-3.01,-22.84,-0.62,-3.63,-0.299,-0.36,SSG 랜더스,13194
51,고종욱,21 LF,-0.506,40,33,214.0,29,27,1,1,96.6,1.18,-5.16,1.47,-0.31,,,,,,-4.0,-6.54,-1.11,-5.11,-0.396,-0.506,SSG 랜더스,10659
52,추신수,21 RF,-0.592,47,47,372.1,80,79,0,1,98.8,1.91,-3.29,-1.02,0.51,,,,,,-3.8,-3.99,-2.18,-5.98,-0.376,-0.592,SSG 랜더스,14888
53,로맥,21 1B,-0.764,100,93,770.0,733,690,41,2,99.7,8.54,-0.16,,0.64,,-0.22,,,,0.26,0.34,-7.96,-7.7,0.025,-0.764,SSG 랜더스,12991
54,김택형,21 P,,58,0,75.1,21,6,14,1,95.2,2.39,,,,,,,,,0.0,0.0,,,0.0,,SSG 랜더스,11373
54,신재영,21 P,,20,1,28.1,5,3,2,0,100.0,1.59,,,,,,,,,0.0,0.0,,,0.0,,SSG 랜더스,11149
54,장지훈,21 P,,60,0,80.1,22,2,18,2,90.9,2.24,,,,,,,,,0.0,0.0,,,0.0,,SSG 랜더스,14804
54,유서준,21 RF,,2,0,2.0,2,2,0,0,100.0,9.0,0.39,0.01,0.0,,,,,,0.4,9.59,,,0.04,,SSG 랜더스,11240
54,이정범,21 RF,,2,0,2.0,0,0,0,0,0.0,0.0,,,0.0,,,,,,0.0,0.02,,,0.0,,SSG 랜더스,13194
54,박민호,21 P,,40,0,41.0,7,2,5,0,100.0,1.54,,,,,,,,,0.0,0.0,,,0.0,,SSG 랜더스,11236
54,서동민,21 P,,20,0,26.1,5,1,4,0,100.0,1.71,,,,,,,,,0.0,0.0,,,0.0,,SSG 랜더스,13191
54,고명준,21 1B,,1,0,1.0,2,1,1,0,100.0,18.0,0.47,,0.0,,,,,,0.47,22.46,,,0.046,,SSG 랜더스,14807
54,김상수,21 P,,50,0,58.1,15,4,11,0,100.0,2.31,,,,,,,,,0.0,0.0,,,0.0,,SSG 랜더스,10427
54,김태훈,21 P,,62,0,58.0,6,0,4,2,66.7,0.62,,,,,,,,,0.0,0.0,,,0.0,,SSG 랜더스,10133
54,정현,21 SS,,1,0,2.0,0,0,0,0,0.0,0.0,-0.11,,0.0,,,,,,-0.11,-0.24,,,-0.011,,SSG 랜더스,11111
54,정수민,21 P,,10,7,30.1,4,1,2,1,75.0,0.89,,,,,,,,,0.0,0.0,,,0.0,,SSG 랜더스,12561
54,김찬형,21 1B,,1,0,1.0,0,0,0,0,0.0,0.0,0.0,,0.0,,,,,,0.0,0.0,,,0.0,,SSG 랜더스,12622
54,하재훈,21 P,,18,0,18.0,5,2,3,0,100.0,2.5,,,,,,,,,0.0,0.0,,,0.0,,SSG 랜더스,14147
54,조요한,21 P,,6,0,7.0,2,1,1,0,100.0,2.57,,,,,,,,,0.0,0.0,,,0.0,,SSG 랜더스,14858
54,김강민,21 P,,1,0,0.2,0,0,0,0,0.0,0.0,,,,,,,,,0.0,0.0,,,0.0,,SSG 랜더스,10108
1,김태군,21 C,0.983,100,76,666.0,622,568,48,6,99.0,8.32,0.41,,-0.84,,0.25,0.88,3.81,,3.36,4.74,6.55,9.91,0.333,0.983,NC 다이노스,10459
2,박민우,21 2B,0.689,49,48,384.0,215,103,109,3,98.6,4.97,4.6,,0.48,-0.27,,,,,4.81,13.86,2.14,6.95,0.477,0.689,NC 다이노스,11137
3,노진혁,21 SS,0.591,65,61,503.2,225,84,136,5,97.8,3.93,1.19,,-0.18,0.09,,,,,1.1,1.48,4.86,5.96,0.109,0.591,NC 다이노스,11165
4,최정원,21 2B,0.422,65,56,451.1,232,92,133,7,97.0,4.49,2.27,,-0.93,0.63,,,,,1.97,3.94,2.29,4.26,0.195,0.422,NC 다이노스,14221
5,김주원,21 SS,0.351,51,40,346.1,180,73,97,10,94.4,4.42,1.97,,-0.44,-0.91,,,,,0.62,1.3,2.92,3.54,0.062,0.351,NC 다이노스,14765
6,양의지,21 C,0.34,45,38,302.1,275,252,20,3,98.9,8.1,-0.49,,-0.02,,0.14,1.07,-1.49,,-0.34,-0.34,3.77,3.43,-0.033,0.34,NC 다이노스,10165
7,알테어,21 CF,0.332,134,129,1078.2,325,319,4,2,99.4,2.69,2.77,0.47,0.11,,,,,,3.35,3.37,0.0,3.35,0.332,0.332,NC 다이노스,14599
8,김주원,21 2B,0.184,28,13,121.1,67,23,42,2,97.0,4.82,1.77,,0.15,-0.49,,,,,1.43,2.99,0.42,1.85,0.142,0.184,NC 다이노스,14765
9,최승민,21 LF,0.175,15,3,43.0,14,14,0,0,100.0,2.93,1.67,0.22,0.04,,,,,,1.93,5.79,-0.16,1.77,0.191,0.175,NC 다이노스,14187
10,김찬형,21 2B,0.167,8,2,30.2,19,5,14,0,100.0,5.58,0.63,,0.04,0.88,,,,,1.56,2.54,0.13,1.69,0.154,0.167,NC 다이노스,12622
11,지석훈,21 3B,0.148,5,1,19.0,11,5,6,0,100.0,5.21,1.75,,0.01,-0.27,,,,,1.49,7.68,0.0,1.49,0.148,0.148,NC 다이노스,10683
12,최정원,21 LF,0.113,5,1,15.2,7,7,0,0,100.0,4.02,1.19,0.0,0.01,,,,,,1.21,2.42,-0.07,1.14,0.12,0.113,NC 다이노스,14221
13,이재율,21 LF,0.108,7,2,26.0,5,5,0,0,100.0,1.73,0.83,0.34,0.02,,,,,,1.19,7.48,-0.11,1.08,0.118,0.108,NC 다이노스,12525
14,박준영,21 SS,0.094,59,38,343.0,158,62,90,6,96.2,3.99,-2.2,,0.55,-0.34,,,,,-1.99,-2.59,2.94,0.95,-0.198,0.094,NC 다이노스,12522
15,박준영,21 3B,0.091,65,39,353.2,99,31,65,3,97.0,2.44,2.08,,-0.73,0.56,-0.99,,,,0.91,1.19,0.0,0.91,0.091,0.091,NC 다이노스,12522
16,김민수,21 3B,0.07,7,1,17.0,3,0,3,0,100.0,1.59,0.69,,0.01,,,,,,0.7,14.49,0.0,0.7,0.07,0.07,NC 다이노스,12903
17,김준완,21 CF,0.065,9,0,13.0,4,4,0,0,100.0,2.77,0.44,0.19,0.01,,,,,,0.65,7.22,0.0,0.65,0.065,0.065,NC 다이노스,11182
18,이재율,21 CF,0.064,5,0,15.0,4,4,0,0,100.0,2.4,0.73,-0.1,0.02,,,,,,0.64,4.03,0.0,0.64,0.064,0.064,NC 다이노스,12525
19,최정원,21 CF,0.051,4,0,5.0,3,3,0,0,100.0,5.4,0.51,,0.01,,,,,,0.51,1.02,0.0,0.51,0.051,0.051,NC 다이노스,14221
20,지석훈,21 SS,0.049,12,1,31.0,14,1,13,0,100.0,4.06,-0.75,,0.05,1.01,,,,,0.31,1.62,0.18,0.49,0.031,0.049,NC 다이노스,10683
21,모창민,21 1B,0.042,3,2,16.0,16,15,1,0,100.0,9.0,0.53,,0.01,,,,,,0.55,26.29,-0.12,0.43,0.054,0.042,NC 다이노스,10093
22,정현,21 3B,0.039,18,7,75.2,14,3,11,0,100.0,1.67,0.48,,0.06,-0.14,,,,,0.39,0.83,0.0,0.39,0.039,0.039,NC 다이노스,11111
23,권희동,21 RF,0.026,14,10,83.0,15,14,0,1,93.3,1.52,0.94,0.15,-0.38,,,,,,0.7,1.83,-0.44,0.26,0.069,0.026,NC 다이노스,11172
24,박석민,21 3B,0.025,47,44,330.2,118,29,81,8,93.2,2.99,2.32,,-0.75,-0.89,-0.42,,,,0.25,0.62,0.0,0.25,0.025,0.025,NC 다이노스,10322
25,김준완,21 LF,0.024,1,1,7.0,3,3,0,0,100.0,3.86,0.62,-0.36,0.01,,,,,,0.27,3.01,-0.03,0.24,0.027,0.024,NC 다이노스,11182
26,최우재,21 LF,0.023,1,0,2.0,1,1,0,0,100.0,4.5,0.24,,0.0,,,,,,0.24,17.23,-0.01,0.23,0.024,0.023,NC 다이노스,12621
27,최승민,21 CF,0.009,16,4,55.0,20,20,0,0,100.0,3.27,0.8,-0.77,0.06,,,,,,0.09,0.26,0.0,0.09,0.009,0.009,NC 다이노스,14187
28,김준완,21 RF,0.003,4,0,10.0,4,4,0,0,100.0,3.6,0.41,-0.34,0.01,,,,,,0.09,1.0,-0.06,0.03,0.009,0.003,NC 다이노스,11182
29,전민수,21 RF,0.0,4,0,5.0,0,0,0,0,0.0,0.0,0.0,,0.01,,,,,,0.01,0.01,-0.01,0.0,0.001,0.0,NC 다이노스,10417
30,김기환,21 RF,-0.001,2,0,2.0,0,0,0,0,0.0,0.0,,,0.0,,,,,,0.0,0.01,-0.01,-0.01,0.0,-0.001,NC 다이노스,11400
31,정현,21 SS,-0.001,1,0,1.0,0,0,0,0,0.0,0.0,-0.04,,0.0,,,,,,-0.03,-0.07,0.02,-0.01,-0.003,-0.001,NC 다이노스,11111
32,강진성,21 RF,-0.001,1,0,1.0,0,0,0,0,0.0,0.0,-0.01,,0.0,,,,,,-0.01,-0.01,-0.01,-0.02,0.0,-0.001,NC 다이노스,11148
33,노진혁,21 1B,-0.004,1,0,1.0,1,1,0,0,100.0,9.0,-0.02,,0.0,,,,,,-0.02,-0.02,-0.02,-0.04,-0.002,-0.004,NC 다이노스,11165
34,정범모,21 C,-0.012,19,3,53.2,46,45,1,0,100.0,7.71,-0.09,,0.17,,,-0.39,-0.41,,-0.6,-4.53,0.48,-0.12,-0.059,-0.012,NC 다이노스,10772
35,이원재,21 LF,-0.017,1,0,4.0,0,0,0,0,0.0,0.0,-0.15,,0.0,,,,,,-0.15,-0.68,-0.02,-0.17,-0.015,-0.017,NC 다이노스,12999
36,박대온,21 C,-0.03,41,27,234.2,219,204,13,2,99.1,8.32,0.64,,-0.24,,-0.04,-1.56,-1.91,,-2.53,-8.68,2.23,-0.3,-0.251,-0.03,NC 다이노스,11246
37,김기환,21 LF,-0.031,55,37,318.0,76,73,1,2,97.4,2.09,2.41,-0.55,-0.71,,,,,,1.15,2.67,-1.46,-0.31,0.114,-0.031,NC 다이노스,11400
38,도태훈,21 3B,-0.034,47,14,144.0,40,13,25,2,95.0,2.38,-1.28,,0.11,1.17,-0.34,,,,-0.35,-0.65,0.0,-0.35,-0.034,-0.034,NC 다이노스,12560
39,김찬형,21 3B,-0.054,1,0,5.0,2,0,2,0,100.0,3.6,-0.42,,0.0,-0.13,,,,,-0.55,-0.9,0.0,-0.55,-0.054,-0.054,NC 다이노스,12622
40,도태훈,21 1B,-0.08,13,1,37.1,36,34,2,0,100.0,8.68,-0.59,,0.03,,,,,,-0.56,-1.05,-0.24,-0.8,-0.056,-0.08,NC 다이노스,12560
41,정진기,21 CF,-0.082,13,8,66.0,17,16,1,0,100.0,2.32,-0.31,-0.59,0.07,,,,,,-0.83,-1.36,0.0,-0.83,-0.082,-0.082,NC 다이노스,10717
42,권희동,21 LF,-0.09,29,15,153.2,36,34,2,0,100.0,2.11,-1.07,0.8,0.14,,,,,,-0.13,-0.34,-0.78,-0.91,-0.013,-0.09,NC 다이노스,11172
43,도태훈,21 2B,-0.104,21,1,40.1,31,14,15,2,93.5,6.47,-1.48,,0.05,0.28,,,,,-1.15,-2.15,0.1,-1.05,-0.114,-0.104,NC 다이노스,12560
44,정현,21 2B,-0.106,31,17,163.0,82,39,41,2,97.6,4.42,-1.09,,-0.29,-0.36,,,,,-1.74,-3.68,0.67,-1.07,-0.172,-0.106,NC 다이노스,11111
45,최보성,21 3B,-0.111,8,3,34.0,11,3,6,2,81.8,2.38,-0.76,,0.03,-0.39,,,,,-1.12,-16.08,0.0,-1.12,-0.111,-0.111,NC 다이노스,13087
46,김찬형,21 SS,-0.155,6,4,29.2,15,7,7,1,93.3,4.25,-1.94,,0.05,0.15,,,,,-1.74,-2.85,0.18,-1.56,-0.173,-0.155,NC 다이노스,12622
47,정진기,21 RF,-0.169,31,4,79.0,18,17,0,1,94.4,1.94,-0.94,-0.1,-0.39,,,,,,-1.43,-2.34,-0.27,-1.7,-0.142,-0.169,NC 다이노스,10717
48,지석훈,21 2B,-0.19,15,7,64.0,31,10,20,1,96.8,4.22,-1.57,,0.08,-0.68,,,,,-2.17,-11.16,0.25,-1.92,-0.215,-0.19,NC 다이노스,10683
49,권희동,21 CF,-0.197,6,3,23.0,4,4,0,0,100.0,1.57,-1.35,-0.66,0.02,,,,,,-1.99,-5.2,0.0,-1.99,-0.197,-0.197,NC 다이노스,11172
50,노진혁,21 3B,-0.206,37,35,277.2,73,26,44,3,95.9,2.27,-1.79,,-0.29,0.09,-0.09,,,,-2.08,-2.79,0.0,-2.08,-0.206,-0.206,NC 다이노스,11165
51,이원재,21 1B,-0.251,24,15,129.0,119,107,10,2,98.3,8.16,-1.54,,0.11,,,,,,-1.43,-6.66,-1.1,-2.53,-0.142,-0.251,NC 다이노스,12999
52,정진기,21 LF,-0.264,43,29,240.1,54,52,2,0,100.0,2.02,-1.29,-0.5,0.22,,,,,,-1.57,-2.57,-1.09,-2.66,-0.156,-0.264,NC 다이노스,10717
53,전민수,21 LF,-0.334,21,8,67.0,12,12,0,0,100.0,1.61,-2.4,-0.7,0.06,,,,,,-3.04,-6.16,-0.33,-3.37,-0.301,-0.334,NC 다이노스,10417
54,윤형준,21 1B,-0.4,25,11,103.0,103,90,7,6,94.2,8.48,-2.79,,-0.41,,0.07,,,,-3.14,-8.86,-0.9,-4.04,-0.311,-0.4,NC 다이노스,11135
55,이명기,21 LF,-0.692,49,48,380.0,84,80,3,1,98.8,1.97,-4.59,-0.11,-0.15,,,,,,-4.85,-12.48,-2.12,-6.97,-0.481,-0.692,NC 다이노스,10119
56,나성범,21 RF,-0.795,131,130,1071.2,241,231,5,5,97.9,1.98,-3.61,1.22,-0.02,,,,,,-2.41,-2.41,-5.61,-8.02,-0.239,-0.795,NC 다이노스,11162
57,강진성,21 1B,-1.43,120,115,970.1,908,839,56,13,98.6,8.3,-5.57,,0.8,,-0.58,,,,-5.34,-6.2,-9.08,-14.42,-0.529,-1.43,NC 다이노스,11148
58,김건태,21 P,,6,0,6.2,2,2,0,0,100.0,2.7,,,,,,,,,0.0,0.0,,,0.0,,NC 다이노스,10432
58,손정욱,21 P,,15,0,12.1,1,1,0,0,100.0,0.73,,,,,,,,,0.0,,,,0.0,,NC 다이노스,11142
58,김진성,21 P,,41,0,37.2,6,1,5,0,100.0,1.43,,,,,,,,,0.0,0.0,,,0.0,,NC 다이노스,11166
58,도태훈,21 SS,,1,0,2.0,2,1,1,0,100.0,9.0,0.47,,0.0,,,,,,0.48,0.89,,,0.047,,NC 다이노스,12560
58,오태양,21 2B,,1,0,1.0,1,1,0,0,100.0,9.0,0.68,,0.0,,,,,,0.68,98.22,,,0.068,,NC 다이노스,14766
58,이용찬,21 P,,38,0,37.0,6,1,4,1,83.3,1.22,,,,,,,,,0.0,0.0,,,0.0,,NC 다이노스,10217
58,원종현,21 P,,61,0,53.0,9,3,5,1,88.9,1.36,,,,,,,,,0.0,0.0,,,0.0,,NC 다이노스,11161
58,이우석,21 P,,10,0,9.2,0,0,0,0,0.0,0.0,,,,,,,,,0.0,0.0,,,0.0,,NC 다이노스,11360
58,김영규,21 P,,37,8,63.2,21,5,16,0,100.0,2.97,,,,,,,,,0.0,0.0,,,0.0,,NC 다이노스,13088
58,안인산,21 P,,7,0,6.2,0,0,0,0,0.0,0.0,,,,,,,,,0.0,0.0,,,0.0,,NC 다이노스,14598
58,임창민,21 P,,46,0,40.1,8,3,5,0,100.0,1.79,,,,,,,,,0.0,0.0,,,0.0,,NC 다이노스,10452
58,임정호,21 P,,57,0,34.2,8,2,6,0,100.0,2.08,,,,,,,,,0.0,0.0,,,0.0,,NC 다이노스,11168
58,신민혁,21 P,,30,25,145.0,22,7,13,2,90.9,1.24,,,,,,,,,0.0,0.0,,,0.0,,NC 다이노스,13085
58,오장한,21 RF,,1,0,2.0,1,1,0,0,100.0,4.5,0.08,0.01,0.0,,,,,,0.1,14.12,,,0.01,,NC 다이노스,14767
58,이재율,21 RF,,2,0,2.0,1,1,0,0,100.0,4.5,0.39,,0.0,,,,,,0.39,2.45,,,0.039,,NC 다이노스,12525
58,배민서,21 P,,32,2,40.0,8,3,4,1,87.5,1.58,,,,,,,,,0.0,0.0,,,0.0,,NC 다이노스,14158
58,강윤구,21 P,,1,1,2.0,0,0,0,0,0.0,0.0,,,,,,,,,0.0,0.0,,,0.0,,NC 다이노스,10423
58,박준영,21 2B,,1,0,1.0,1,0,1,0,100.0,9.0,0.2,,0.0,,,,,,0.2,0.26,,,0.02,,NC 다이노스,12522
58,홍성민,21 P,,52,0,41.1,14,3,11,0,100.0,3.05,,,,,,,,,0.0,0.0,,,0.0,,NC 다이노스,10814
58,류진욱,21 P,,44,0,43.1,11,4,7,0,100.0,2.28,,,,,,,,,0.0,0.0,,,0.0,,NC 다이노스,11355
58,최정원,21 RF,,1,0,1.0,0,0,0,0,0.0,0.0,0.0,,0.0,,,,,,0.0,0.0,,,0.0,,NC 다이노스,14221
58,최금강,21 P,,20,0,28.0,4,0,4,0,100.0,1.29,,,,,,,,,0.0,0.0,,,0.0,,NC 다이노스,11174
58,김기환,21 CF,,1,0,1.0,1,1,0,0,100.0,9.0,0.14,-0.05,0.0,,,,,,0.09,0.22,,,0.009,,NC 다이노스,11400
58,김태현,21 P,,6,0,5.1,0,0,0,0,0.0,0.0,,,,,,,,,0.0,0.0,,,0.0,,NC 다이노스,12898
58,노시훈,21 P,,5,0,4.2,1,1,0,0,100.0,1.93,,,,,,,,,0.0,0.0,,,0.0,,NC 다이노스,14649
1,강승호,21 2B,1.006,103,82,686.1,368,137,226,5,98.6,4.76,6.03,,0.37,0.67,,,,,7.07,9.01,3.08,10.15,0.701,1.006,두산 베어스,11087
2,박세혁,21 C,0.765,96,73,575.1,549,495,50,4,99.3,8.53,0.32,,0.36,,-0.24,-0.11,1.67,,1.5,2.25,6.22,7.71,0.148,0.765,두산 베어스,10891
3,박계범,21 SS,0.684,64,43,374.1,158,70,87,1,99.4,3.77,1.93,,0.61,0.77,,,,,3.3,4.03,3.6,6.9,0.327,0.684,두산 베어스,11198
4,김재호,21 SS,0.583,83,63,543.0,262,108,150,4,98.5,4.28,1.61,,0.38,-0.95,,,,,1.04,1.68,4.84,5.88,0.103,0.583,두산 베어스,10174
5,장승현,21 C,0.524,91,57,505.0,466,429,33,4,99.1,8.23,0.24,,-0.36,,0.18,0.81,-0.84,,0.26,0.41,5.02,5.28,0.026,0.524,두산 베어스,11097
6,조수행,21 CF,0.34,36,9,140.0,63,61,1,1,98.4,3.99,3.05,0.73,-0.36,,,,,,3.43,4.29,0.0,3.43,0.34,0.34,두산 베어스,12524
7,김인태,21 RF,0.315,83,75,536.0,149,145,4,0,100.0,2.5,5.19,0.13,0.74,,,,,,6.06,6.56,-2.88,3.18,0.601,0.315,두산 베어스,11098
8,안재석,21 SS,0.292,62,37,341.0,173,67,97,9,94.8,4.33,-0.06,,-0.45,0.43,,,,,-0.08,-0.12,3.02,2.94,-0.008,0.292,두산 베어스,14771
9,박지훈,21 SS,0.154,1,0,4.0,4,3,1,0,100.0,9.0,1.51,,0.01,,,,,,1.52,6.42,0.04,1.56,0.15,0.154,두산 베어스,14736
10,백동훈,21 CF,0.14,2,2,8.0,5,5,0,0,100.0,5.63,1.14,0.26,0.01,,,,,,1.41,40.72,0.0,1.41,0.14,0.14,두산 베어스,11084
11,안권수,21 RF,0.136,52,3,107.1,27,27,0,0,100.0,2.26,2.2,-0.69,0.15,,,,,,1.65,2.74,-0.28,1.37,0.164,0.136,두산 베어스,14571
12,강승호,21 1B,0.131,17,0,22.0,17,12,5,0,100.0,6.95,1.33,,0.02,,0.07,,,,1.42,1.81,-0.1,1.32,0.141,0.131,두산 베어스,11087
13,김인태,21 LF,0.123,38,18,188.0,41,40,1,0,100.0,1.96,1.93,0.04,0.17,,,,,,2.14,2.31,-0.9,1.24,0.212,0.123,두산 베어스,11098
14,권민석,21 2B,0.104,6,0,19.0,9,5,4,0,100.0,4.26,0.84,,0.02,0.12,,,,,0.98,4.28,0.07,1.05,0.097,0.104,두산 베어스,13079
15,안재석,21 3B,0.095,9,3,33.0,13,4,8,1,92.3,3.27,0.52,,0.02,0.31,0.1,,,,0.96,1.44,0.0,0.96,0.095,0.095,두산 베어스,14771
16,안재석,21 2B,0.09,23,15,107.1,61,25,33,3,95.1,4.86,0.52,,0.14,-0.22,,,,,0.43,0.65,0.47,0.9,0.043,0.09,두산 베어스,14771
17,오재원,21 1B,0.083,14,2,40.1,33,30,3,0,100.0,7.36,1.29,,0.03,,-0.26,,,,1.06,3.39,-0.22,0.84,0.105,0.083,두산 베어스,10178
18,정수빈,21 CF,0.082,103,77,731.2,223,218,4,1,99.6,2.73,0.64,-0.06,0.25,,,,,,0.82,1.14,0.0,0.82,0.082,0.082,두산 베어스,10195
19,김인태,21 1B,0.081,1,0,2.0,3,3,0,0,100.0,13.5,0.84,,0.0,,,,,,0.84,0.91,-0.02,0.82,0.083,0.081,두산 베어스,11098
20,박지훈,21 1B,0.075,14,0,20.2,23,20,3,0,100.0,10.02,0.84,,0.02,,,,,,0.86,3.64,-0.1,0.76,0.085,0.075,두산 베어스,14736
21,안권수,21 CF,0.071,11,1,27.1,6,6,0,0,100.0,1.98,0.52,0.17,0.03,,,,,,0.71,1.18,0.0,0.71,0.071,0.071,두산 베어스,14571
22,박계범,21 3B,0.064,27,18,140.2,41,18,21,2,95.1,2.5,0.45,,0.11,0.05,0.04,,,,0.64,0.79,0.0,0.64,0.064,0.064,두산 베어스,11198
23,권민석,21 3B,0.049,10,0,19.0,8,5,2,1,87.5,3.32,0.61,,0.01,-0.13,,,,,0.49,2.16,0.0,0.49,0.049,0.049,두산 베어스,13079
24,오재원,21 2B,0.045,28,10,125.1,81,32,47,2,97.5,5.67,-0.33,,0.16,0.08,,,,,-0.1,-0.32,0.55,0.45,-0.01,0.045,두산 베어스,10178
25,전민재,21 3B,0.039,3,0,6.0,1,0,1,0,100.0,1.5,0.39,,0.0,,,,,,0.4,6.36,0.0,0.4,0.039,0.039,두산 베어스,13073
26,박지훈,21 3B,0.028,6,0,9.0,2,1,1,0,100.0,2.0,0.28,,0.01,,,,,,0.28,1.21,0.0,0.28,0.028,0.028,두산 베어스,14736
27,국해성,21 RF,0.022,3,1,13.0,2,2,0,0,100.0,1.38,0.28,,0.02,,,,,,0.29,10.62,-0.07,0.22,0.029,0.022,두산 베어스,10172
28,최용제,21 C,0.018,49,14,189.0,160,136,20,4,97.5,7.43,0.23,,-0.89,,0.14,-0.69,-0.82,,-1.79,-3.26,1.97,0.18,-0.177,0.018,두산 베어스,12649
29,김민혁,21 1B,-0.002,1,0,2.0,2,2,0,0,100.0,9.0,0.0,,0.0,,,,,,0.0,-0.01,-0.02,-0.02,0.0,-0.002,두산 베어스,12970
30,김민혁,21 3B,-0.005,1,0,1.0,0,0,0,0,0.0,0.0,-0.05,,0.0,,,,,,-0.05,-1.18,0.0,-0.05,-0.005,-0.005,두산 베어스,12970
31,오명진,21 2B,-0.019,2,0,2.0,1,1,0,0,100.0,4.5,-0.2,,0.0,,,,,,-0.2,-14.25,0.01,-0.19,-0.02,-0.019,두산 베어스,14737
32,서예일,21 3B,-0.026,3,1,7.0,3,0,2,1,66.7,2.57,-0.27,,0.01,,,,,,-0.26,-7.54,0.0,-0.26,-0.026,-0.026,두산 베어스,12523
33,강승호,21 SS,-0.042,1,0,4.0,5,2,1,2,60.0,6.75,-0.24,,0.01,-0.25,,,,,-0.48,-0.61,0.06,-0.42,-0.048,-0.042,두산 베어스,11087
34,강승호,21 3B,-0.049,12,4,49.0,19,8,10,1,94.7,3.31,-0.27,,-0.46,-0.25,0.48,,,,-0.49,-0.63,0.0,-0.49,-0.049,-0.049,두산 베어스,11087
35,권민석,21 1B,-0.051,11,0,14.0,7,7,0,0,100.0,4.5,-0.51,,0.01,,,,,,-0.5,-2.17,-0.02,-0.52,-0.049,-0.051,두산 베어스,13079
36,신성현,21 1B,-0.067,6,0,13.0,12,10,2,0,100.0,8.31,-0.63,,0.01,,,,,,-0.62,-8.12,-0.06,-0.68,-0.062,-0.067,두산 베어스,11492
37,전민재,21 2B,-0.076,4,0,6.0,5,3,1,1,80.0,6.0,-0.8,,0.01,,,,,,-0.79,-12.66,0.02,-0.77,-0.078,-0.076,두산 베어스,13073
38,황경태,21 2B,-0.078,1,0,4.0,3,2,0,1,66.7,4.5,-0.8,,0.01,,,,,,-0.8,-114.92,0.01,-0.79,-0.079,-0.078,두산 베어스,12604
39,안권수,21 LF,-0.081,18,0,32.0,7,6,1,0,100.0,1.97,-0.47,-0.32,0.03,,,,,,-0.76,-1.26,-0.06,-0.82,-0.075,-0.081,두산 베어스,14571
40,박지훈,21 RF,-0.087,1,1,2.0,0,0,0,0,0.0,0.0,-1.13,0.26,0.0,,,,,,-0.87,-3.68,-0.01,-0.88,-0.086,-0.087,두산 베어스,14736
41,조수행,21 LF,-0.094,52,1,99.1,27,27,0,0,100.0,2.45,-0.73,-0.07,0.09,,,,,,-0.71,-0.89,-0.24,-0.95,-0.07,-0.094,두산 베어스,12524
42,신성현,21 3B,-0.15,2,2,17.0,6,2,4,0,100.0,3.18,-1.52,,0.01,,,,,,-1.51,-19.78,0.0,-1.51,-0.15,-0.15,두산 베어스,11492
43,오명진,21 3B,-0.157,1,0,3.0,0,0,0,0,0.0,0.0,-1.59,,0.0,,,,,,-1.59,-114.18,0.0,-1.59,-0.157,-0.157,두산 베어스,14737
44,박계범,21 2B,-0.169,56,37,316.1,186,73,105,8,95.7,5.06,-1.37,,-1.1,-0.65,,,,,-3.11,-3.8,1.41,-1.7,-0.309,-0.169,두산 베어스,11198
45,조수행,21 RF,-0.174,15,1,36.2,11,11,0,0,100.0,2.7,-0.96,-0.7,0.05,,,,,,-1.61,-2.02,-0.14,-1.75,-0.16,-0.174,두산 베어스,12524
46,박건우,21 CF,-0.183,57,55,361.1,110,109,0,1,99.1,2.71,-2.28,0.56,-0.13,,,,,,-1.85,-2.11,0.0,-1.85,-0.183,-0.183,두산 베어스,10189
47,박건우,21 RF,-0.291,88,63,571.2,132,129,3,0,100.0,2.08,0.09,-0.82,0.79,,,,,,0.06,0.07,-2.99,-2.93,0.006,-0.291,두산 베어스,10189
48,페르난데스,21 1B,-0.432,18,17,140.0,115,107,5,3,97.4,7.2,-2.76,,0.12,,-0.19,,,,-2.84,-2.9,-1.52,-4.36,-0.282,-0.432,두산 베어스,13927
49,허경민,21 3B,-1.003,130,116,984.2,261,92,161,8,96.9,2.31,-9.18,,-0.76,0.01,-0.19,,,,-10.12,-10.72,0.0,-10.12,-1.003,-1.003,두산 베어스,10184
50,김재환,21 LF,-1.165,126,125,948.0,207,199,4,4,98.1,1.93,-4.29,-1.11,-1.14,,,,,,-6.54,-6.87,-5.21,-11.75,-0.648,-1.165,두산 베어스,10643
51,양석환,21 1B,-1.472,127,125,1014.1,920,854,58,8,99.1,8.09,-5.02,,0.34,,0.34,,,,-4.34,-4.7,-10.5,-14.84,-0.431,-1.472,두산 베어스,11213
52,권민석,21 SS,,1,1,1.0,0,0,0,0,0.0,0.0,-0.18,,0.0,0.0,,,,,-0.18,-0.77,,,-0.017,,두산 베어스,13079
52,김강률,21 P,,50,0,51.2,11,4,7,0,100.0,1.92,,,,,,,,,0.0,0.0,,,0.0,,두산 베어스,10690
52,서예일,21 SS,,1,0,2.0,1,1,0,0,100.0,4.5,0.71,,0.0,,,,,,0.72,20.6,,,0.071,,두산 베어스,12523
52,이승진,21 P,,46,0,48.1,8,2,5,1,87.5,1.3,,,,,,,,,0.0,0.0,,,0.0,,두산 베어스,12678
52,박소준,21 P,,22,5,59.2,10,3,6,1,90.0,1.36,,,,,,,,,0.0,0.0,,,0.0,,두산 베어스,11491
52,박치국,21 P,,23,0,22.0,6,2,4,0,100.0,2.45,,,,,,,,,0.0,,,,0.0,,두산 베어스,12850
52,권민석,21 LF,,1,0,1.0,1,1,0,0,100.0,9.0,0.65,,0.0,,,,,,0.65,2.83,,,0.064,,두산 베어스,13079
52,백동훈,21 RF,,2,0,1.1,1,1,0,0,100.0,6.75,0.16,,0.0,,,,,,0.16,4.61,,,0.016,,두산 베어스,11084
52,서예일,21 2B,,1,0,1.0,0,0,0,0,0.0,0.0,0.0,,0.0,,,,,,0.0,-0.04,,,0.0,,두산 베어스,12523
52,남호,21 P,,4,0,2.2,1,0,1,0,100.0,3.38,,,,,,,,,0.0,0.0,,,0.0,,두산 베어스,14139
52,오재원,21 CF,,1,0,1.0,0,0,0,0,0.0,0.0,,,0.0,,,,,,0.0,0.0,,,0.0,,두산 베어스,10178
52,홍건희,21 P,,63,0,74.1,18,6,12,0,100.0,2.18,,,,,,,,,0.0,0.0,,,0.0,,두산 베어스,10696
52,김명신,21 P,,58,1,67.0,13,2,11,0,100.0,1.75,,,,,,,,,0.0,0.0,,,0.0,,두산 베어스,12847
52,백동훈,21 LF,,1,0,1.0,0,0,0,0,0.0,0.0,,,0.0,,,,,,0.0,0.03,,,0.0,,두산 베어스,11084
52,이영하,21 P,,35,11,78.2,10,2,8,0,100.0,1.14,,,,,,,,,0.0,0.0,,,0.0,,두산 베어스,12568
52,최원준,21 P,,29,29,158.1,24,8,15,1,95.8,1.31,,,,,,,,,0.0,,,,0.0,,두산 베어스,12852
52,권휘,21 P,,24,0,20.1,4,1,3,0,100.0,1.77,,,,,,,,,0.0,0.0,,,0.0,,두산 베어스,13665
52,박지훈,21 2B,,1,0,2.0,0,0,0,0,0.0,0.0,,,0.0,,,,,,0.0,0.01,,,0.0,,두산 베어스,14736
52,최용제,21 1B,,1,0,1.0,0,0,0,0,0.0,0.0,0.0,,0.0,,,,,,0.0,0.0,,,0.0,,두산 베어스,12649
52,김민규,21 P,,30,6,56.1,4,3,1,0,100.0,0.64,,,,,,,,,0.0,0.0,,,0.0,,두산 베어스,13072
52,이교훈,21 P,,11,0,8.1,1,0,1,0,100.0,1.08,,,,,,,,,0.0,0.0,,,0.0,,두산 베어스,14173
52,오재원,21 RF,,1,0,1.1,1,0,1,0,100.0,6.75,-0.78,0.97,0.0,,,,,,0.19,0.6,,,0.019,,두산 베어스,10178
52,윤명준,21 P,,44,0,45.2,14,1,13,0,100.0,2.76,,,,,,,,,0.0,0.0,,,0.0,,두산 베어스,10885
52,문대원,21 P,,2,0,1.1,0,0,0,0,0.0,0.0,,,,,,,,,0.0,0.0,,,0.0,,두산 베어스,12848
1,김혜성,21 SS,1.034,114,104,905.2,510,159,322,29,94.3,4.78,1.25,,-0.03,-0.45,,,,,0.76,0.76,9.66,10.42,0.076,1.034,키움 히어로즈,12905
2,박동원,21 C,0.901,84,73,560.1,458,407,46,5,98.9,7.28,0.66,,-0.19,,0.15,0.84,1.59,,2.58,2.84,6.5,9.09,0.256,0.901,키움 히어로즈,10387
3,이지영,21 C,0.641,94,50,508.2,422,389,30,3,99.3,7.41,0.21,,0.15,,-0.01,0.27,0.58,,1.02,1.36,5.45,6.47,0.101,0.641,키움 히어로즈,10312
4,서건창,21 2B,0.57,69,69,574.2,331,138,186,7,97.9,5.07,1.37,,0.23,0.93,,,,,2.53,2.53,3.21,5.74,0.251,0.57,키움 히어로즈,10855
5,송성문,21 2B,0.546,35,28,251.2,165,75,88,2,98.8,5.83,4.5,,0.32,-0.57,,,,,4.25,9.27,1.26,5.51,0.421,0.546,키움 히어로즈,11376
6,변상권,21 LF,0.481,58,41,360.2,98,96,2,0,100.0,2.45,5.36,0.73,0.33,,,,,,6.41,12.82,-1.56,4.85,0.635,0.481,키움 히어로즈,13223
7,김웅빈,21 3B,0.308,56,42,364.2,113,32,77,4,96.5,2.69,2.97,,0.27,-0.06,-0.08,,,,3.11,4.62,0.0,3.11,0.308,0.308,키움 히어로즈,12503
8,예진원,21 LF,0.296,24,15,126.0,39,38,1,0,100.0,2.79,3.7,-0.3,0.11,,,,,,3.51,9.73,-0.53,2.98,0.348,0.296,키움 히어로즈,13093
9,예진원,21 CF,0.285,22,18,150.2,42,40,2,0,100.0,2.51,1.99,0.73,0.15,,,,,,2.87,7.96,0.0,2.87,0.285,0.285,키움 히어로즈,13093
10,전병우,21 3B,0.256,77,44,422.1,124,28,88,8,93.5,2.47,1.92,,-0.18,0.35,0.5,,,,2.58,3.23,0.0,2.58,0.256,0.256,키움 히어로즈,11422
11,허정협,21 LF,0.236,13,6,61.0,19,19,0,0,100.0,2.8,2.36,0.22,0.06,,,,,,2.63,13.06,-0.25,2.38,0.261,0.236,키움 히어로즈,11498
12,박주홍,21 LF,0.154,11,5,53.0,20,20,0,0,100.0,3.4,2.13,-0.42,0.05,,,,,,1.76,11.04,-0.21,1.55,0.175,0.154,키움 히어로즈,14580
13,박정음,21 LF,0.147,19,1,41.1,16,16,0,0,100.0,3.48,2.17,-0.65,0.04,,,,,,1.55,3.19,-0.07,1.48,0.154,0.147,키움 히어로즈,10866
14,이용규,21 CF,0.115,12,8,62.0,24,23,1,0,100.0,3.48,1.25,-0.15,0.06,,,,,,1.16,1.25,0.0,1.16,0.115,0.115,키움 히어로즈,10035
15,박정음,21 CF,0.114,17,0,27.0,10,10,0,0,100.0,3.33,1.44,-0.32,0.03,,,,,,1.15,2.36,0.0,1.15,0.114,0.114,키움 히어로즈,10866
16,문찬종,21 2B,0.107,5,2,21.1,13,6,7,0,100.0,5.48,1.21,,0.03,-0.23,,,,,1.0,11.05,0.08,1.08,0.099,0.107,키움 히어로즈,14578
17,김은성,21 LF,0.106,6,5,44.0,17,17,0,0,100.0,3.48,1.18,0.03,0.04,,,,,,1.25,30.07,-0.18,1.07,0.124,0.106,키움 히어로즈,12683
18,신준우,21 2B,0.092,22,0,33.1,20,10,10,0,100.0,5.4,0.83,,0.04,,,,,,0.87,2.24,0.06,0.93,0.086,0.092,키움 히어로즈,14695
19,전병우,21 2B,0.089,13,6,57.1,39,13,26,0,100.0,6.12,0.5,,0.07,0.1,,,,,0.67,0.84,0.23,0.9,0.066,0.089,키움 히어로즈,11422
20,김수환,21 3B,0.084,4,4,28.1,10,1,8,1,90.0,2.86,0.82,,0.02,,,,,,0.84,9.35,0.0,0.84,0.084,0.084,키움 히어로즈,13096
21,송성문,21 3B,0.074,38,33,265.0,90,18,67,5,94.4,2.89,0.6,,0.2,0.31,-0.36,,,,0.74,1.62,0.0,0.74,0.074,0.074,키움 히어로즈,11376
22,이용규,21 LF,0.072,68,61,503.1,105,100,3,2,98.1,1.84,3.41,-0.01,-0.04,,,,,,3.35,3.63,-2.63,0.72,0.332,0.072,키움 히어로즈,10035
23,이명기,21 1B,0.06,2,2,12.0,15,13,2,0,100.0,11.25,0.73,,0.01,,,,,,0.74,35.6,-0.14,0.6,0.074,0.06,키움 히어로즈,14212
24,박준태,21 LF,0.046,5,3,20.0,8,8,0,0,100.0,3.6,0.4,0.12,0.02,,,,,,0.54,2.86,-0.07,0.47,0.053,0.046,키움 히어로즈,11260
25,박주홍,21 1B,0.043,1,1,7.0,11,11,0,0,100.0,14.14,0.51,,0.01,,,,,,0.52,3.24,-0.08,0.44,0.051,0.043,키움 히어로즈,14580
26,박정음,21 RF,0.042,11,0,15.2,4,4,0,0,100.0,2.3,0.29,0.14,0.02,,,,,,0.45,0.94,-0.03,0.42,0.045,0.042,키움 히어로즈,10866
27,임지열,21 LF,0.042,10,7,53.0,11,10,1,0,100.0,1.87,-0.7,1.3,0.05,,,,,,0.65,4.93,-0.23,0.42,0.065,0.042,키움 히어로즈,11225
28,허정협,21 RF,0.016,2,0,8.0,1,1,0,0,100.0,1.13,0.04,0.14,0.01,,,,,,0.19,0.94,-0.03,0.16,0.019,0.016,키움 히어로즈,11498
29,김병휘,21 2B,-0.013,5,2,24.0,13,5,7,1,92.3,4.5,-0.28,,0.03,,,,,,-0.25,-2.72,0.11,-0.14,-0.024,-0.013,키움 히어로즈,14577
30,김주형,21 3B,-0.024,1,1,9.0,2,1,1,0,100.0,2.0,-0.25,,0.01,,,,,,-0.24,-0.96,0.0,-0.24,-0.024,-0.024,키움 히어로즈,14214
31,김휘집,21 SS,-0.031,9,3,30.0,19,9,8,2,89.5,5.1,-0.85,,0.05,0.3,,,,,-0.51,-2.15,0.2,-0.31,-0.05,-0.031,키움 히어로즈,14785
32,프레이타스,21 C,-0.036,9,9,55.1,42,36,5,1,97.6,6.67,0.15,,-0.32,,,-0.54,-0.39,,-0.99,-3.32,0.62,-0.37,-0.098,-0.036,키움 히어로즈,14762
33,송우현,21 RF,-0.044,67,64,561.1,119,113,5,1,99.2,1.89,1.2,0.83,0.28,,,,,,2.3,4.81,-2.75,-0.45,0.228,-0.044,키움 히어로즈,11377
34,신준우,21 SS,-0.064,28,16,129.0,71,22,44,5,93.0,4.6,-1.45,,0.21,-0.27,,,,,-1.5,-3.87,0.86,-0.64,-0.149,-0.064,키움 히어로즈,14695
35,문찬종,21 SS,-0.069,3,0,7.0,6,2,4,0,100.0,7.71,-0.24,,0.01,-0.51,,,,,-0.74,-8.17,0.04,-0.7,-0.073,-0.069,키움 히어로즈,14578
36,이정후,21 CF,-0.069,115,114,966.2,269,258,8,3,98.9,2.48,-1.42,1.23,-0.51,,,,,,-0.7,-0.82,0.0,-0.7,-0.069,-0.069,키움 히어로즈,12906
37,김휘집,21 2B,-0.075,7,1,14.0,7,1,5,1,85.7,3.86,-0.31,,-0.48,,,,,,-0.79,-3.36,0.04,-0.75,-0.079,-0.075,키움 히어로즈,14785
38,김재현,21 C,-0.081,39,12,139.0,102,93,8,1,99.0,6.54,-0.09,,-0.05,,-0.04,-0.56,-1.78,,-1.99,-7.35,1.18,-0.82,-0.197,-0.081,키움 히어로즈,10870
39,문찬종,21 3B,-0.087,2,1,10.0,3,0,3,0,100.0,2.7,-0.89,,0.01,,,,,,-0.88,-9.77,0.0,-0.88,-0.087,-0.087,키움 히어로즈,14578
40,송성문,21 1B,-0.093,3,2,19.0,25,24,1,0,100.0,11.84,-0.77,,0.02,,,,,,-0.75,-1.64,-0.18,-0.93,-0.075,-0.093,키움 히어로즈,11376
41,크레익,21 1B,-0.101,29,26,226.2,249,232,17,0,100.0,9.89,1.1,,0.19,,0.06,,,,1.35,3.18,-2.36,-1.01,0.133,-0.101,키움 히어로즈,14990
42,프레이타스,21 1B,-0.129,1,1,6.0,7,5,2,0,100.0,10.5,-1.23,,0.0,,,,,,-1.22,-4.09,-0.08,-1.3,-0.121,-0.129,키움 히어로즈,14762
43,변상권,21 CF,-0.13,7,0,12.0,2,2,0,0,100.0,1.5,-1.43,0.11,0.01,,,,,,-1.31,-2.62,0.0,-1.31,-0.13,-0.13,키움 히어로즈,13223
44,예진원,21 RF,-0.133,9,1,27.0,4,4,0,0,100.0,1.33,-1.53,0.27,0.04,,,,,,-1.23,-3.41,-0.11,-1.34,-0.122,-0.133,키움 히어로즈,13093
45,전병우,21 SS,-0.154,3,2,18.0,14,5,8,1,92.9,6.5,-1.83,,0.03,0.09,,,,,-1.71,-2.14,0.16,-1.55,-0.17,-0.154,키움 히어로즈,11422
46,박준태,21 CF,-0.162,10,4,45.0,14,14,0,0,100.0,2.8,-1.75,0.06,0.05,,,,,,-1.64,-8.73,0.0,-1.64,-0.162,-0.162,키움 히어로즈,11260
47,김휘집,21 3B,-0.167,24,19,162.0,43,7,32,4,90.7,2.17,-1.01,,0.12,-0.6,-0.19,,,,-1.68,-7.12,0.0,-1.68,-0.167,-0.167,키움 히어로즈,14785
48,박준태,21 RF,-0.181,16,6,71.0,17,17,0,0,100.0,2.15,-1.35,-0.25,0.1,,,,,,-1.5,-8.02,-0.32,-1.82,-0.149,-0.181,키움 히어로즈,11260
49,김수환,21 1B,-0.182,8,7,59.0,53,50,2,1,98.1,7.93,-1.3,,0.05,,,,,,-1.25,-13.87,-0.58,-1.83,-0.124,-0.182,키움 히어로즈,13096
50,김주형,21 SS,-0.19,30,19,170.2,79,22,52,5,93.7,3.9,-4.07,,0.28,0.56,,,,,-3.24,-12.95,1.32,-1.92,-0.321,-0.19,키움 히어로즈,14214
51,전병우,21 1B,-0.217,30,9,121.0,120,112,8,0,100.0,8.93,-1.37,,0.1,,,,,,-1.27,-1.58,-0.92,-2.19,-0.125,-0.217,키움 히어로즈,11422
52,이용규,21 RF,-0.365,62,55,438.1,95,93,1,1,98.9,1.93,-1.53,-0.37,0.6,,,,,,-1.29,-1.4,-2.39,-3.68,-0.128,-0.365,키움 히어로즈,10035
53,김혜성,21 2B,-0.384,39,36,283.0,189,79,104,6,96.8,5.82,-5.49,,0.36,-0.23,,,,,-5.36,-5.36,1.49,-3.87,-0.531,-0.384,키움 히어로즈,12905
54,크레익,21 RF,-0.481,18,18,140.0,28,24,1,3,89.3,1.61,-2.93,0.11,-1.3,,,,,,-4.13,-9.75,-0.72,-4.85,-0.409,-0.481,키움 히어로즈,14990
55,박병호,21 1B,-0.771,97,96,810.2,848,775,67,6,99.3,9.35,0.68,,-0.33,,-0.09,,,,0.26,0.32,-8.04,-7.78,0.026,-0.771,키움 히어로즈,10470
56,장재영,21 P,,19,2,17.2,3,0,3,0,100.0,1.53,,,,,,,,,0.0,0.0,,,0.0,,키움 히어로즈,14784
56,문성현,21 P,,4,0,3.1,0,0,0,0,0.0,0.0,,,,,,,,,0.0,0.0,,,0.0,,키움 히어로즈,10437
56,양현,21 P,,45,0,48.0,14,4,9,1,92.9,2.44,,,,,,,,,0.0,0.0,,,0.0,,키움 히어로즈,10730
56,박승주,21 P,,3,0,4.1,0,0,0,0,0.0,0.0,,,,,,,,,0.0,0.0,,,0.0,,키움 히어로즈,12989
56,윤정현,21 P,,10,0,12.1,4,2,2,0,100.0,2.92,,,,,,,,,0.0,0.0,,,0.0,,키움 히어로즈,14131
56,문찬종,21 1B,,2,0,2.0,1,1,0,0,100.0,4.5,0.0,,0.0,,,,,,0.0,0.01,,,0.0,,키움 히어로즈,14578
56,이승호,21 P,,38,3,47.1,10,1,8,1,90.0,1.71,,,,,,,,,0.0,0.0,,,0.0,,키움 히어로즈,12865
56,김주형,21 2B,,3,0,4.0,1,1,0,0,100.0,2.25,-0.04,,0.01,,,,,,-0.04,-0.15,,,-0.004,,키움 히어로즈,14214
56,오주원,21 P,,22,0,19.1,6,2,4,0,100.0,2.79,,,,,,,,,0.0,0.0,,,0.0,,키움 히어로즈,10445
56,김태훈,21 P,,66,0,64.1,18,6,10,2,88.9,2.24,,,,,,,,,0.0,0.0,,,0.0,,키움 히어로즈,10871
56,김동욱,21 P,,3,0,3.0,0,0,0,0,0.0,0.0,,,,,,,,,0.0,0.0,,,0.0,,키움 히어로즈,14681
56,김성진,21 P,,45,0,41.2,8,3,4,1,87.5,1.51,,,,,,,,,0.0,0.0,,,0.0,,키움 히어로즈,14849
56,임지열,21 RF,,2,0,2.0,0,0,0,0,0.0,0.0,-0.17,,0.0,,,,,,-0.17,-1.28,,,-0.017,,키움 히어로즈,11225
56,조영건,21 P,,1,0,1.0,0,0,0,0,0.0,0.0,,,,,,,,,0.0,0.0,,,0.0,,키움 히어로즈,14132
56,신준우,21 3B,,2,0,2.0,1,0,1,0,100.0,4.5,-0.04,,0.0,,,,,,-0.04,-0.11,,,-0.004,,키움 히어로즈,14695
56,조상우,21 P,,44,0,44.0,3,1,1,1,66.7,0.41,,,,,,,,,0.0,0.0,,,0.0,,키움 히어로즈,11126
56,김정인,21 P,,11,6,31.2,2,1,1,0,100.0,0.57,,,,,,,,,0.0,0.0,,,0.0,,키움 히어로즈,11531
56,김성민,21 P,,46,0,46.2,15,2,11,2,86.7,2.51,,,,,,,,,0.0,0.0,,,0.0,,키움 히어로즈,12918
56,김병휘,21 SS,,3,0,3.0,2,0,2,0,100.0,6.0,0.34,,0.0,0.28,,,,,0.63,6.95,,,0.062,,키움 히어로즈,14577
56,박관진,21 P,,2,0,0.2,0,0,0,0,0.0,0.0,,,,,,,,,0.0,0.0,,,0.0,,키움 히어로즈,14693
56,이주형,21 LF,,1,0,1.0,0,0,0,0,0.0,0.0,-0.01,,0.0,,,,,,-0.01,-0.16,,,-0.001,,키움 히어로즈,14855
56,김재웅,21 P,,51,0,53.1,8,0,6,2,75.0,1.01,,,,,,,,,0.0,0.0,,,0.0,,키움 히어로즈,12858
