Name,Team,WAAwithPOS,G,GS,IP,TC,PO,Ass,E,F%,RF9,Range RAA,Arm RAA,Err RAA,DP RAA,Bt RAA,CS RAA,Blk RAA,Frm RAA,종합 RAA,/144,POSAdj,RAAwithPOS,WAAwoPOS,pid
하주석,21 SS,0.692,113,111,923.2,376,131,231,14,96.3,3.53,-3.46,,0.0,0.99,,,,,-2.48,-2.58,9.46,6.98,-0.246,109139
이해창,21 C,0.18,20,16,149.0,129,112,16,1,99.2,7.73,0.27,,-0.02,,-0.06,0.56,-0.54,,0.37,2.68,1.44,1.81,0.037,103919
김현민,21 2B,0.089,3,1,13.0,7,2,5,0,100.0,4.85,0.95,,0.02,-0.11,,,,,0.85,24.46,0.05,0.9,0.084,142099
이성열,21 1B,0.019,10,7,64.0,52,46,5,1,98.1,7.17,0.7,,0.05,,,,,,0.76,2.37,-0.56,0.2,0.075,101689
장규현,21 C,0.019,4,1,16.0,12,12,0,0,100.0,6.75,0.0,,0.05,,,0.0,0.0,,0.05,1.01,0.14,0.19,0.005,148119
이성곤,21 1B,-0.115,38,34,283.0,268,251,13,4,98.5,8.4,1.78,,-0.26,,0.06,,,,1.58,3.66,-2.74,-1.16,0.156,112069
허관회,21 C,-0.14,17,9,94.0,78,74,3,1,98.7,7.37,-0.12,,-0.2,,,-0.31,-2.67,,-2.49,-12.83,1.08,-1.41,-0.247,142049
힐리,21 1B,-0.228,62,59,527.0,526,479,42,5,99.0,8.9,2.92,,-0.06,,-0.12,,,,2.74,5.88,-5.04,-2.3,0.272,147619
임종찬,21 RF,-0.366,40,38,329.0,71,70,0,1,98.6,1.91,-1.39,-0.81,-0.05,,,,,,-2.25,-7.71,-1.44,-3.69,-0.223,147069
윤대경,21 P,,43,9,77.2,6,4,2,0,100.0,0.7,,,,,,,,,0.0,,,,0.0,111109
장민재,21 P,,12,6,29.1,2,0,2,0,100.0,0.61,,,,,,,,,0.0,0.0,,,0.0,106109
카펜터,21 P,,31,30,170.0,25,6,16,3,88.0,1.16,,,,,,,,,0.0,,,,0.0,147609
임준섭,21 P,,13,0,10.2,0,0,0,0,0.0,0.0,,,,,,,,,0.0,0.0,,,0.0,107959
김종수,21 P,,47,0,46.2,6,2,4,0,100.0,1.16,,,,,,,,,0.0,0.0,,,0.0,111179
신정락,21 P,,20,0,20.0,5,2,3,0,100.0,2.25,,,,,,,,,0.0,0.0,,,0.0,105169
송윤준,21 P,,16,0,12.2,0,0,0,0,0.0,0.0,,,,,,,,,0.0,0.0,,,0.0,107489
김기탁,21 P,,17,0,12.1,0,0,0,0,0.0,0.0,,,,,,,,,0.0,0.0,,,0.0,128759
정우람,21 P,,50,0,44.2,6,1,5,0,100.0,1.21,,,,,,,,,0.0,0.0,,,0.0,101569
윤호솔,21 P,,54,0,48.2,1,0,0,1,0.0,0.0,,,,,,,,,0.0,0.0,,,0.0,111709
강재민,21 P,,58,0,63.1,11,5,6,0,100.0,1.56,,,,,,,,,0.0,0.0,,,0.0,147089
오지환,21 SS,1.738,132,129,1060.2,547,175,359,13,97.6,4.53,7.69,,-0.28,-0.34,,,,,7.07,7.6,10.46,17.53,0.701,104756
유강남,21 C,1.024,129,117,961.0,897,829,65,3,99.7,8.37,-1.21,,2.61,,-0.42,0.59,-2.26,,-0.01,-0.01,10.34,10.33,-0.001,107536
서건창,21 2B,0.465,62,58,463.2,237,115,121,1,99.6,4.58,1.93,,0.09,0.23,,,,,2.25,2.25,2.44,4.69,0.223,108556
김재성,21 C,0.227,55,16,198.2,176,162,13,1,99.4,7.93,0.16,,0.14,,0.14,-0.16,0.49,,0.63,1.56,1.66,2.29,0.062,113446
정주현,21 2B,0.224,72,67,505.0,310,110,188,12,96.1,5.31,0.28,,-0.36,0.22,,,,,0.13,0.27,2.12,2.25,0.013,104806
이성우,21 C,0.15,34,11,112.2,107,101,5,1,99.1,8.47,-0.14,,-0.13,,0.14,-0.43,1.77,,0.67,2.69,0.84,1.51,0.067,100046
김호은,21 1B,0.034,2,1,9.0,11,9,2,0,100.0,11.0,0.42,,0.01,,,,,,0.43,8.78,-0.08,0.35,0.042,125546
보어,21 1B,-0.29,28,27,200.0,196,181,12,3,98.5,8.69,-1.09,,0.17,,0.07,,,,-0.86,-3.87,-2.06,-2.92,-0.085,149886
라모스,21 1B,-0.293,37,37,287.0,314,286,24,4,98.7,9.72,1.63,,-0.76,,-0.83,,,,0.04,0.13,-3.0,-2.96,0.004,145926
김지용,21 P,,3,0,4.0,1,0,1,0,100.0,2.25,,,,,,,,,0.0,0.0,,,0.0,107476
채지선,21 P,,14,0,17.1,0,0,0,0,0.0,0.0,,,,,,,,,0.0,0.0,,,0.0,113876
이상규,21 P,,7,0,6.0,1,0,1,0,100.0,1.5,,,,,,,,,0.0,0.0,,,0.0,132456
김진수,21 P,,3,0,2.1,0,0,0,0,0.0,0.0,,,,,,,,,0.0,0.0,,,0.0,147816
최성훈,21 P,,46,0,40.2,6,4,1,1,83.3,1.11,,,,,,,,,0.0,0.0,,,0.0,108516
고우석,21 P,,63,0,58.0,13,2,11,0,100.0,2.02,,,,,,,,,0.0,0.0,,,0.0,129076
이상영,21 P,,21,9,50.0,7,1,6,0,100.0,1.26,,,,,,,,,0.0,0.0,,,0.0,141356
진해수,21 P,,48,0,44.1,13,4,9,0,100.0,2.64,,,,,,,,,0.0,0.0,,,0.0,100756
이우찬,21 P,,15,5,34.0,5,1,4,0,100.0,1.32,,,,,,,,,0.0,0.0,,,0.0,107496
이찬혁,21 P,,1,0,1.0,0,0,0,0,0.0,0.0,,,,,,,,,0.0,0.0,,,0.0,129096
류원석,21 P,,5,0,6.0,0,0,0,0,0.0,0.0,,,,,,,,,0.0,0.0,,,0.0,132516
김대유,21 P,,64,0,50.2,12,2,8,2,83.3,1.78,,,,,,,,,0.0,,,,0.0,107066
이정용,21 P,,66,0,69.2,12,3,8,1,91.7,1.42,,,,,,,,,0.0,0.0,,,0.0,141346
마차도,21 SS,1.818,133,127,1076.2,583,235,337,11,98.1,4.78,3.38,,1.24,3.03,,,,,7.66,8.23,10.68,18.34,0.759,146292
안중열,21 C,0.709,56,41,364.2,324,292,31,1,99.7,7.97,-0.15,,0.68,,-0.04,1.92,1.46,,3.43,8.53,3.72,7.15,0.341,113292
지시완,21 C,0.406,72,52,448.1,436,395,40,1,99.8,8.73,0.44,,0.95,,-0.04,0.02,-2.41,,-0.32,-0.63,4.42,4.1,-0.031,114132
김준태,21 C,0.203,45,31,286.0,273,254,18,1,99.6,8.56,-0.14,,0.43,,-0.27,-1.77,1.11,,-0.97,-2.42,3.02,2.05,-0.097,108352
김주현,21 1B,0.133,2,1,11.0,12,11,1,0,100.0,9.82,1.43,,0.01,,,,,,1.44,25.86,-0.1,1.34,0.142,125702
최종은,21 2B,0.02,1,0,1.0,1,0,1,0,100.0,9.0,0.19,,0.0,,,,,,0.19,27.71,0.01,0.2,0.019,148202
손성빈,21 C,-0.013,12,3,37.2,36,33,3,0,100.0,8.6,0.0,,0.12,,,-0.12,-0.76,,-0.54,-3.86,0.41,-0.13,-0.053,147962
정보근,21 C,-0.075,11,7,54.0,48,41,6,1,97.9,7.83,-0.12,,-0.32,,-0.04,0.0,-1.07,,-1.23,-16.13,0.48,-0.75,-0.122,131542
이병규,21 1B,-0.128,3,2,17.0,17,17,0,0,100.0,9.0,-1.11,,0.01,,,,,,-1.09,-5.44,-0.2,-1.29,-0.109,104772
안치홍,21 2B,-0.141,110,108,908.2,476,176,290,10,97.9,4.62,-5.57,,0.15,-0.69,,,,,-6.12,-7.4,4.69,-1.43,-0.607,100142
민병헌,21 CF,-0.37,12,11,88.1,17,17,0,0,100.0,1.73,-2.93,-0.9,0.09,,,,,,-3.73,-38.38,0.0,-3.73,-0.37,101882
손아섭,21 RF,-0.93,134,131,1118.0,232,222,5,5,97.8,1.83,-2.39,-0.11,-0.95,,,,,,-3.45,-3.57,-5.93,-9.38,-0.342,102612
전준우,21 LF,-1.023,116,116,969.0,239,233,6,0,100.0,2.22,-4.96,-1.06,0.88,,,,,,-5.14,-5.14,-5.18,-10.32,-0.509,102662
이인복,21 P,,25,8,61.1,12,5,7,0,100.0,1.76,,,,,,,,,0.0,0.0,,,0.0,112322
한승혁,21 P,,7,0,4.0,0,0,0,0,0.0,0.0,,,,,,,,,0.0,,,,0.0,125902
강윤구,21 P,,20,0,14.0,3,0,2,1,66.7,1.29,,,,,,,,,0.0,0.0,,,0.0,104232
박세웅,21 P,,28,28,163.0,39,12,26,1,97.4,2.1,,,,,,,,,0.0,,,,0.0,113102
나균안,21 P,,23,7,46.1,8,0,8,0,100.0,1.55,,,,,,,,,0.0,0.0,,,0.0,129302
오현택,21 P,,20,0,16.1,4,2,2,0,100.0,2.2,,,,,,,,,0.0,0.0,,,0.0,102102
김유영,21 P,,26,0,18.2,2,0,2,0,100.0,0.96,,,,,,,,,0.0,0.0,,,0.0,112292
나원탁,21 P,,2,0,2.0,0,0,0,0,0.0,0.0,,,,,,,,,0.0,0.0,,,0.0,129352
송재영,21 P,,19,0,14.2,2,1,1,0,100.0,1.23,,,,,,,,,0.0,0.0,,,0.0,147942
김원중,21 P,,61,0,62.2,8,2,5,1,87.5,1.01,,,,,,,,,0.0,0.0,,,0.0,108252
박찬호,21 SS,1.095,128,126,1100.1,549,204,321,24,95.6,4.29,1.51,,-0.72,0.61,,,,,1.4,1.54,9.64,11.04,0.139,112610
한승택,21 C,0.867,82,68,589.0,547,489,53,5,99.1,8.28,1.02,,-0.59,,0.12,0.57,2.75,,3.04,5.33,5.71,8.75,0.301,111190
김민식,21 C,0.437,86,67,606.0,517,470,42,5,99.0,7.6,-0.7,,0.46,,-0.02,-0.08,-2.64,,-2.19,-3.15,6.6,4.41,-0.217,107070
김호령,21 CF,0.328,61,44,394.0,126,124,2,0,100.0,2.88,1.83,1.07,0.4,,,,,,3.3,7.67,0.0,3.3,0.328,112980
박민,21 SS,0.058,14,11,94.2,39,13,24,2,94.9,3.52,0.75,,0.15,-1.02,,,,,-0.12,-0.94,0.7,0.58,-0.012,146110
최형우,21 LF,0.056,2,1,10.0,4,4,0,0,100.0,3.6,0.62,,0.01,,,,,,0.63,0.87,-0.06,0.57,0.062,103440
백용환,21 1B,-0.004,1,0,3.0,1,1,0,0,100.0,3.0,,,0.0,,,,,,0.0,0.01,-0.04,-0.04,0.0,100030
권혁경,21 C,-0.023,5,5,41.0,23,22,1,0,100.0,5.05,0.0,,0.13,,,-0.4,-0.55,,-0.66,-19.03,0.43,-0.23,-0.066,147900
이정훈,21 C,-0.029,4,4,33.0,28,24,2,2,92.9,7.09,-0.06,,-0.89,,,-0.09,0.44,,-0.73,-2.55,0.43,-0.29,-0.072,129160
오선우,21 LF,-0.056,6,4,33.1,16,15,1,0,100.0,4.32,-1.06,0.6,0.03,,,,,,-0.44,-6.99,-0.13,-0.57,-0.043,141810
김석환,21 1B,-0.243,4,4,35.0,42,40,0,2,95.2,10.29,-2.14,,0.03,,,,,,-2.11,-60.9,-0.34,-2.45,-0.21,129170
유민상,21 1B,-0.272,15,14,118.0,113,106,7,0,100.0,8.62,-1.68,,0.1,,,,,,-1.58,-9.5,-1.16,-2.74,-0.157,108950
나지완,21 LF,-0.565,24,23,176.0,38,38,0,0,100.0,1.94,-4.7,-0.24,0.16,,,,,,-4.78,-22.2,-0.92,-5.7,-0.474,100300
황대인,21 1B,-0.925,71,64,546.0,532,502,27,3,99.4,8.72,-3.87,,-0.55,,0.37,,,,-4.05,-6.78,-5.28,-9.33,-0.401,113060
이의리,21 P,,19,19,94.2,10,3,6,1,90.0,0.86,,,,,,,,,0.0,,,,0.0,147880
정해영,21 P,,64,0,65.1,14,3,10,1,92.9,1.79,,,,,,,,,0.0,0.0,,,0.0,146080
장현식,21 P,,69,0,76.2,11,1,9,1,90.9,1.17,,,,,,,,,0.0,0.0,,,0.0,111640
이준영,21 P,,47,1,35.2,7,1,6,0,100.0,1.77,,,,,,,,,0.0,,,,0.0,113030
장성우,21 C,0.72,110,97,813.1,748,698,43,7,99.1,8.2,-0.31,,-0.37,,-0.37,-0.84,-0.74,,-2.41,-2.73,9.67,7.26,-0.239,102358
배정대,21 CF,0.365,144,139,1189.1,318,308,7,3,99.1,2.38,2.41,1.55,-0.28,,,,,,3.68,3.68,0.0,3.68,0.365,112128
허도환,21 C,0.35,57,33,290.1,252,238,13,1,99.6,7.78,-0.17,,0.44,,-0.05,-0.08,0.8,,0.7,1.63,2.83,3.53,0.069,106848
이홍구,21 C,0.246,35,13,143.1,129,122,7,0,100.0,8.1,-0.12,,0.46,,,0.49,0.6,,1.26,4.89,1.22,2.48,0.125,110718
박경수,21 2B,0.094,97,60,522.0,305,121,181,3,99.0,5.21,-0.48,,0.66,-1.6,,,,,-1.42,-1.73,2.37,0.95,-0.141,104698
고영표,21 P,0.0,26,25,166.2,38,10,28,0,100.0,2.05,,,,,,,,,0.0,0.0,0.0,0.0,0.0,113088
김준태,21 C,-0.001,7,1,16.0,17,13,3,1,94.1,9.0,0.0,,-0.45,,,0.43,-0.22,,-0.17,-0.43,0.17,-0.01,-0.017,108358
김건형,21 RF,-0.147,11,11,85.0,10,9,1,0,100.0,1.06,-1.62,0.4,0.12,,,,,,-1.1,-14.34,-0.39,-1.49,-0.109,147798
알몬테,21 LF,-0.371,35,33,241.0,55,52,1,2,96.4,1.98,-1.67,-0.44,-0.28,,,,,,-2.4,-5.76,-1.34,-3.74,-0.238,147528
안영명,21 P,,35,0,35.1,8,1,7,0,100.0,2.04,,,,,,,,,0.0,0.0,,,0.0,106008
김민수,21 P,,55,1,58.0,15,6,7,2,86.7,2.02,,,,,,,,,0.0,0.0,,,0.0,113178
이대은,21 P,,31,0,31.0,6,4,2,0,100.0,1.74,,,,,,,,,0.0,0.0,,,0.0,119078
유원상,21 P,,11,0,13.1,2,0,2,0,100.0,1.35,,,,,,,,,0.0,0.0,,,0.0,106048
심재민,21 P,,28,2,46.2,6,2,4,0,100.0,1.16,,,,,,,,,0.0,0.0,,,0.0,113118
데스파이네,21 P,,33,33,188.2,46,9,36,1,97.8,2.15,,,,,,,,,0.0,,,,0.0,146028
하준호,21 P,,10,0,12.0,2,0,2,0,100.0,1.5,,,,,,,,,0.0,0.0,,,0.0,103048
이창재,21 P,,32,0,26.2,1,0,1,0,100.0,0.34,,,,,,,,,0.0,0.0,,,0.0,113208
조현우,21 P,,48,0,31.0,17,4,11,2,88.2,4.35,,,,,,,,,0.0,0.0,,,0.0,113168
김재윤,21 P,,65,0,67.0,10,1,9,0,100.0,1.34,,,,,,,,,0.0,0.0,,,0.0,114898
박시영,21 P,,48,0,45.0,7,2,4,1,85.7,1.2,,,,,,,,,0.0,0.0,,,0.0,107378
강민호,21 C,1.11,119,110,934.0,856,800,49,7,99.2,8.18,0.14,,-0.47,,0.14,-1.2,2.4,,0.28,0.33,10.92,11.2,0.028,102323
김도환,21 C,0.119,25,13,113.2,92,88,3,1,98.9,7.21,0.27,,-0.13,,,-0.21,0.29,,0.12,0.71,1.08,1.2,0.012,141153
김상수,21 2B,0.061,130,125,1039.0,612,241,359,12,98.0,5.2,-1.7,,-1.18,-1.42,,,,,-4.3,-4.69,4.91,0.61,-0.426,103203
이성곤,21 1B,0.048,2,1,5.0,8,7,1,0,100.0,14.4,0.52,,0.0,,,,,,0.53,1.23,-0.04,0.49,0.052,112063
김민수,21 C,0.031,46,19,201.1,192,176,13,3,98.4,8.45,-0.26,,-0.85,,-0.04,1.42,-2.82,,-1.71,-5.22,2.02,0.31,-0.169,112663
김응민,21 C,0.015,1,1,7.0,4,4,0,0,100.0,5.14,0.0,,0.02,,,0.0,0.12,,0.11,15.25,0.05,0.15,0.01,108903
권정웅,21 C,0.004,2,1,3.0,2,2,0,0,100.0,6.0,,,0.01,,,,0.01,,0.02,1.4,0.02,0.04,0.002,125293
이학주,21 SS,-0.026,64,47,401.2,223,81,131,11,95.1,4.75,-2.27,,-1.35,-0.01,,,,,-3.63,-7.91,3.36,-0.27,-0.36,141143
구자욱,21 RF,-0.064,130,130,1085.0,259,247,9,3,98.8,2.12,3.89,1.18,0.0,,,,,,5.07,5.25,-5.71,-0.64,0.503,108923
김동엽,21 LF,-0.235,36,25,193.2,41,39,1,1,97.6,1.86,-0.94,-0.6,0.18,,,,,,-1.37,-2.85,-1.0,-2.37,-0.135,125483
피렐라,21 LF,-0.332,38,37,295.1,63,61,2,0,100.0,1.92,-2.73,0.72,0.27,,,,,,-1.74,-1.79,-1.61,-3.35,-0.172,147573
오재일,21 1B,-0.552,117,113,936.0,918,864,52,2,99.8,8.81,3.34,,0.78,,-0.36,,,,3.75,4.5,-9.32,-5.57,0.372,104003
최채흥,21 P,,26,20,122.1,32,9,23,0,100.0,2.35,,,,,,,,,0.0,,,,0.0,131563
이재익,21 P,,11,0,10.0,1,0,1,0,100.0,0.9,,,,,,,,,0.0,0.0,,,0.0,132443
문용익,21 P,,22,0,22.0,4,2,2,0,100.0,1.64,,,,,,,,,0.0,0.0,,,0.0,128853
오승환,21 P,,64,0,62.0,7,1,5,1,85.7,0.87,,,,,,,,,0.0,0.0,,,0.0,103673
이태훈,21 1B,,1,0,1.0,0,0,0,0,0.0,0.0,,,0.0,,,,,,0.0,0.04,,,0.0,131603
노성호,21 P,,16,0,19.0,2,1,1,0,100.0,0.95,,,,,,,,,0.0,0.0,,,0.0,111443
안주형,21 2B,,1,0,1.0,1,0,1,0,100.0,9.0,0.16,,0.0,,,,,,0.17,23.82,,,0.016,129883
백승민,21 1B,,3,0,5.0,3,3,0,0,100.0,5.4,-0.43,,0.0,,,,,,-0.42,-15.3,,,-0.042,132413
김윤수,21 P,,20,1,19.0,3,1,2,0,100.0,1.42,,,,,,,,,0.0,0.0,,,0.0,131623
이재원,21 C,0.749,104,80,678.2,596,551,38,7,98.8,7.81,-0.34,,-0.8,,-0.04,0.83,1.09,,0.4,0.54,7.15,7.56,0.04,100824
최정,21 3B,0.304,128,124,1029.0,304,83,209,12,96.1,2.55,1.59,,0.27,0.98,0.23,,,,3.07,3.3,0.0,3.07,0.304,101064
이현석,21 C,0.295,38,25,220.0,201,184,15,2,99.0,8.14,0.56,,-0.29,,0.08,0.81,-0.32,,0.93,3.44,2.04,2.97,0.093,113694
이흥련,21 C,0.154,87,38,369.0,324,301,22,1,99.7,7.88,-0.26,,0.69,,-0.04,-1.59,-0.82,,-1.76,-2.82,3.31,1.55,-0.175,111084
서진용,21 P,0.0,65,0,67.1,7,2,5,0,100.0,0.94,,,,,,,,,0.0,0.0,0.0,0.0,0.0,107844
정진기,21 CF,-0.014,2,2,14.0,5,3,1,1,80.0,2.57,0.12,0.23,-0.48,,,,,,-0.14,-0.23,0.0,-0.14,-0.014,107174
정상호,21 C,-0.043,3,1,9.0,5,4,0,1,80.0,4.0,0.0,,-0.47,,,-0.04,0.05,,-0.48,-22.93,0.05,-0.43,-0.047,100834
남태혁,21 1B,-0.105,6,3,23.0,23,21,0,2,91.3,8.22,-0.65,,-0.48,,0.31,,,,-0.82,-9.87,-0.24,-1.06,-0.082,125214
고종욱,21 LF,-0.506,40,33,214.0,29,27,1,1,96.6,1.18,-5.16,1.47,-0.31,,,,,,-4.0,-6.54,-1.11,-5.11,-0.396,106594
추신수,21 RF,-0.592,47,47,372.1,80,79,0,1,98.8,1.91,-3.29,-1.02,0.51,,,,,,-3.8,-3.99,-2.18,-5.98,-0.376,148884
로맥,21 1B,-0.764,100,93,770.0,733,690,41,2,99.7,8.54,-0.16,,0.64,,-0.22,,,,0.26,0.34,-7.96,-7.7,0.025,129914
김택형,21 P,,58,0,75.1,21,6,14,1,95.2,2.39,,,,,,,,,0.0,0.0,,,0.0,113734
신재영,21 P,,20,1,28.1,5,3,2,0,100.0,1.59,,,,,,,,,0.0,0.0,,,0.0,111494
장지훈,21 P,,60,0,80.1,22,2,18,2,90.9,2.24,,,,,,,,,0.0,0.0,,,0.0,148044
박민호,21 P,,40,0,41.0,7,2,5,0,100.0,1.54,,,,,,,,,0.0,0.0,,,0.0,112364
서동민,21 P,,20,0,26.1,5,1,4,0,100.0,1.71,,,,,,,,,0.0,0.0,,,0.0,131914
고명준,21 1B,,1,0,1.0,2,1,1,0,100.0,18.0,0.47,,0.0,,,,,,0.47,22.46,,,0.046,148074
김상수,21 P,,50,0,58.1,15,4,11,0,100.0,2.31,,,,,,,,,0.0,0.0,,,0.0,104274
김태훈,21 P,,62,0,58.0,6,0,4,2,66.7,0.62,,,,,,,,,0.0,0.0,,,0.0,101334
정수민,21 P,,10,7,30.1,4,1,2,1,75.0,0.89,,,,,,,,,0.0,0.0,,,0.0,125614
하재훈,21 P,,18,0,18.0,5,2,3,0,100.0,2.5,,,,,,,,,0.0,0.0,,,0.0,141474
조요한,21 P,,6,0,7.0,2,1,1,0,100.0,2.57,,,,,,,,,0.0,0.0,,,0.0,148584
김태군,21 C,0.983,100,76,666.0,622,568,48,6,99.0,8.32,0.41,,-0.84,,0.25,0.88,3.81,,3.36,4.74,6.55,9.91,0.333,104595
박민우,21 2B,0.689,49,48,384.0,215,103,109,3,98.6,4.97,4.6,,0.48,-0.27,,,,,4.81,13.86,2.14,6.95,0.477,111375
양의지,21 C,0.34,45,38,302.1,275,252,20,3,98.9,8.1,-0.49,,-0.02,,0.14,1.07,-1.49,,-0.34,-0.34,3.77,3.43,-0.033,101655
알테어,21 CF,0.332,134,129,1078.2,325,319,4,2,99.4,2.69,2.77,0.47,0.11,,,,,,3.35,3.37,0.0,3.35,0.332,145995
김민수,21 3B,0.07,7,1,17.0,3,0,3,0,100.0,1.59,0.69,,0.01,,,,,,0.7,14.49,0.0,0.7,0.07,129035
모창민,21 1B,0.042,3,2,16.0,16,15,1,0,100.0,9.0,0.53,,0.01,,,,,,0.55,26.29,-0.12,0.43,0.054,100935
박석민,21 3B,0.025,47,44,330.2,118,29,81,8,93.2,2.99,2.32,,-0.75,-0.89,-0.42,,,,0.25,0.62,0.0,0.25,0.025,103225
최우재,21 LF,0.023,1,0,2.0,1,1,0,0,100.0,4.5,0.24,,0.0,,,,,,0.24,17.23,-0.01,0.23,0.024,126215
정범모,21 C,-0.012,19,3,53.2,46,45,1,0,100.0,7.71,-0.09,,0.17,,,-0.39,-0.41,,-0.6,-4.53,0.48,-0.12,-0.059,107725
박대온,21 C,-0.03,41,27,234.2,219,204,13,2,99.1,8.32,0.64,,-0.24,,-0.04,-1.56,-1.91,,-2.53,-8.68,2.23,-0.3,-0.251,112465
최보성,21 3B,-0.111,8,3,34.0,11,3,6,2,81.8,2.38,-0.76,,0.03,-0.39,,,,,-1.12,-16.08,0.0,-1.12,-0.111,130875
윤형준,21 1B,-0.4,25,11,103.0,103,90,7,6,94.2,8.48,-2.79,,-0.41,,0.07,,,,-3.14,-8.86,-0.9,-4.04,-0.311,111355
이명기,21 LF,-0.692,49,48,380.0,84,80,3,1,98.8,1.97,-4.59,-0.11,-0.15,,,,,,-4.85,-12.48,-2.12,-6.97,-0.481,101195
나성범,21 RF,-0.795,131,130,1071.2,241,231,5,5,97.9,1.98,-3.61,1.22,-0.02,,,,,,-2.41,-2.41,-5.61,-8.02,-0.239,111625
김건태,21 P,,6,0,6.2,2,2,0,0,100.0,2.7,,,,,,,,,0.0,0.0,,,0.0,104325
손정욱,21 P,,15,0,12.1,1,1,0,0,100.0,0.73,,,,,,,,,0.0,,,,0.0,111425
김진성,21 P,,41,0,37.2,6,1,5,0,100.0,1.43,,,,,,,,,0.0,0.0,,,0.0,111665
오태양,21 2B,,1,0,1.0,1,1,0,0,100.0,9.0,0.68,,0.0,,,,,,0.68,98.22,,,0.068,147665
이용찬,21 P,,38,0,37.0,6,1,4,1,83.3,1.22,,,,,,,,,0.0,0.0,,,0.0,102175
원종현,21 P,,61,0,53.0,9,3,5,1,88.9,1.36,,,,,,,,,0.0,0.0,,,0.0,111615
이우석,21 P,,10,0,9.2,0,0,0,0,0.0,0.0,,,,,,,,,0.0,0.0,,,0.0,113605
김영규,21 P,,37,8,63.2,21,5,16,0,100.0,2.97,,,,,,,,,0.0,0.0,,,0.0,130885
안인산,21 P,,7,0,6.2,0,0,0,0,0.0,0.0,,,,,,,,,0.0,0.0,,,0.0,145985
임창민,21 P,,46,0,40.1,8,3,5,0,100.0,1.79,,,,,,,,,0.0,0.0,,,0.0,104525
임정호,21 P,,57,0,34.2,8,2,6,0,100.0,2.08,,,,,,,,,0.0,0.0,,,0.0,111685
신민혁,21 P,,30,25,145.0,22,7,13,2,90.9,1.24,,,,,,,,,0.0,0.0,,,0.0,130855
오장한,21 RF,,1,0,2.0,1,1,0,0,100.0,4.5,0.08,0.01,0.0,,,,,,0.1,14.12,,,0.01,147675
배민서,21 P,,32,2,40.0,8,3,4,1,87.5,1.58,,,,,,,,,0.0,0.0,,,0.0,141585
강윤구,21 P,,1,1,2.0,0,0,0,0,0.0,0.0,,,,,,,,,0.0,0.0,,,0.0,104235
홍성민,21 P,,52,0,41.1,14,3,11,0,100.0,3.05,,,,,,,,,0.0,0.0,,,0.0,108145
류진욱,21 P,,44,0,43.1,11,4,7,0,100.0,2.28,,,,,,,,,0.0,0.0,,,0.0,113555
최금강,21 P,,20,0,28.0,4,0,4,0,100.0,1.29,,,,,,,,,0.0,0.0,,,0.0,111745
김태현,21 P,,6,0,5.1,0,0,0,0,0.0,0.0,,,,,,,,,0.0,0.0,,,0.0,128985
노시훈,21 P,,5,0,4.2,1,1,0,0,100.0,1.93,,,,,,,,,0.0,0.0,,,0.0,146495
박세혁,21 C,0.765,96,73,575.1,549,495,50,4,99.3,8.53,0.32,,0.36,,-0.24,-0.11,1.67,,1.5,2.25,6.22,7.71,0.148,108911
김재호,21 SS,0.583,83,63,543.0,262,108,150,4,98.5,4.28,1.61,,0.38,-0.95,,,,,1.04,1.68,4.84,5.88,0.103,101741
장승현,21 C,0.524,91,57,505.0,466,429,33,4,99.1,8.23,0.24,,-0.36,,0.18,0.81,-0.84,,0.26,0.41,5.02,5.28,0.026,110971
정수빈,21 CF,0.082,103,77,731.2,223,218,4,1,99.6,2.73,0.64,-0.06,0.25,,,,,,0.82,1.14,0.0,0.82,0.082,101951
국해성,21 RF,0.022,3,1,13.0,2,2,0,0,100.0,1.38,0.28,,0.02,,,,,,0.29,10.62,-0.07,0.22,0.029,101721
황경태,21 2B,-0.078,1,0,4.0,3,2,0,1,66.7,4.5,-0.8,,0.01,,,,,,-0.8,-114.92,0.01,-0.79,-0.079,126041
페르난데스,21 1B,-0.432,18,17,140.0,115,107,5,3,97.4,7.2,-2.76,,0.12,,-0.19,,,,-2.84,-2.9,-1.52,-4.36,-0.282,139271
허경민,21 3B,-1.003,130,116,984.2,261,92,161,8,96.9,2.31,-9.18,,-0.76,0.01,-0.19,,,,-10.12,-10.72,0.0,-10.12,-1.003,101841
김재환,21 LF,-1.165,126,125,948.0,207,199,4,4,98.1,1.93,-4.29,-1.11,-1.14,,,,,,-6.54,-6.87,-5.21,-11.75,-0.648,106431
양석환,21 1B,-1.472,127,125,1014.1,920,854,58,8,99.1,8.09,-5.02,,0.34,,0.34,,,,-4.34,-4.7,-10.5,-14.84,-0.431,112131
김강률,21 P,,50,0,51.2,11,4,7,0,100.0,1.92,,,,,,,,,0.0,0.0,,,0.0,106901
이승진,21 P,,46,0,48.1,8,2,5,1,87.5,1.3,,,,,,,,,0.0,0.0,,,0.0,126781
박소준,21 P,,22,5,59.2,10,3,6,1,90.0,1.36,,,,,,,,,0.0,0.0,,,0.0,114911
박치국,21 P,,23,0,22.0,6,2,4,0,100.0,2.45,,,,,,,,,0.0,,,,0.0,128501
남호,21 P,,4,0,2.2,1,0,1,0,100.0,3.38,,,,,,,,,0.0,0.0,,,0.0,141391
홍건희,21 P,,63,0,74.1,18,6,12,0,100.0,2.18,,,,,,,,,0.0,0.0,,,0.0,106961
김명신,21 P,,58,1,67.0,13,2,11,0,100.0,1.75,,,,,,,,,0.0,0.0,,,0.0,128471
이영하,21 P,,35,11,78.2,10,2,8,0,100.0,1.14,,,,,,,,,0.0,0.0,,,0.0,125681
최원준,21 P,,29,29,158.1,24,8,15,1,95.8,1.31,,,,,,,,,0.0,,,,0.0,128521
권휘,21 P,,24,0,20.1,4,1,3,0,100.0,1.77,,,,,,,,,0.0,0.0,,,0.0,136651
김민규,21 P,,30,6,56.1,4,3,1,0,100.0,0.64,,,,,,,,,0.0,0.0,,,0.0,130721
이교훈,21 P,,11,0,8.1,1,0,1,0,100.0,1.08,,,,,,,,,0.0,0.0,,,0.0,141731
윤명준,21 P,,44,0,45.2,14,1,13,0,100.0,2.76,,,,,,,,,0.0,0.0,,,0.0,108851
문대원,21 P,,2,0,1.1,0,0,0,0,0.0,0.0,,,,,,,,,0.0,0.0,,,0.0,128481
박동원,21 C,0.901,84,73,560.1,458,407,46,5,98.9,7.28,0.66,,-0.19,,0.15,0.84,1.59,,2.58,2.84,6.5,9.09,0.256,103877
이지영,21 C,0.641,94,50,508.2,422,389,30,3,99.3,7.41,0.21,,0.15,,-0.01,0.27,0.58,,1.02,1.36,5.45,6.47,0.101,103127
서건창,21 2B,0.57,69,69,574.2,331,138,186,7,97.9,5.07,1.37,,0.23,0.93,,,,,2.53,2.53,3.21,5.74,0.251,108557
김웅빈,21 3B,0.308,56,42,364.2,113,32,77,4,96.5,2.69,2.97,,0.27,-0.06,-0.08,,,,3.11,4.62,0.0,3.11,0.308,125037
김은성,21 LF,0.106,6,5,44.0,17,17,0,0,100.0,3.48,1.18,0.03,0.04,,,,,,1.25,30.07,-0.18,1.07,0.124,126837
이명기,21 1B,0.06,2,2,12.0,15,13,2,0,100.0,11.25,0.73,,0.01,,,,,,0.74,35.6,-0.14,0.6,0.074,142127
송우현,21 RF,-0.044,67,64,561.1,119,113,5,1,99.2,1.89,1.2,0.83,0.28,,,,,,2.3,4.81,-2.75,-0.45,0.228,113777
이정후,21 CF,-0.069,115,114,966.2,269,258,8,3,98.9,2.48,-1.42,1.23,-0.51,,,,,,-0.7,-0.82,0.0,-0.7,-0.069,129067
김재현,21 C,-0.081,39,12,139.0,102,93,8,1,99.0,6.54,-0.09,,-0.05,,-0.04,-0.56,-1.78,,-1.99,-7.35,1.18,-0.82,-0.197,108707
박병호,21 1B,-0.771,97,96,810.2,848,775,67,6,99.3,9.35,0.68,,-0.33,,-0.09,,,,0.26,0.32,-8.04,-7.78,0.026,104707
장재영,21 P,,19,2,17.2,3,0,3,0,100.0,1.53,,,,,,,,,0.0,0.0,,,0.0,147847
문성현,21 P,,4,0,3.1,0,0,0,0,0.0,0.0,,,,,,,,,0.0,0.0,,,0.0,104377
양현,21 P,,45,0,48.0,14,4,9,1,92.9,2.44,,,,,,,,,0.0,0.0,,,0.0,107307
박승주,21 P,,3,0,4.1,0,0,0,0,0.0,0.0,,,,,,,,,0.0,0.0,,,0.0,129897
윤정현,21 P,,10,0,12.1,4,2,2,0,100.0,2.92,,,,,,,,,0.0,0.0,,,0.0,141317
이승호,21 P,,38,3,47.1,10,1,8,1,90.0,1.71,,,,,,,,,0.0,0.0,,,0.0,128657
오주원,21 P,,22,0,19.1,6,2,4,0,100.0,2.79,,,,,,,,,0.0,0.0,,,0.0,104457
김태훈,21 P,,66,0,64.1,18,6,10,2,88.9,2.24,,,,,,,,,0.0,0.0,,,0.0,108717
김동욱,21 P,,3,0,3.0,0,0,0,0,0.0,0.0,,,,,,,,,0.0,0.0,,,0.0,146817
김성진,21 P,,45,0,41.2,8,3,4,1,87.5,1.51,,,,,,,,,0.0,0.0,,,0.0,148497
조영건,21 P,,1,0,1.0,0,0,0,0,0.0,0.0,,,,,,,,,0.0,0.0,,,0.0,141327
조상우,21 P,,44,0,44.0,3,1,1,1,66.7,0.41,,,,,,,,,0.0,0.0,,,0.0,111267
김정인,21 P,,11,6,31.2,2,1,1,0,100.0,0.57,,,,,,,,,0.0,0.0,,,0.0,115317
김성민,21 P,,46,0,46.2,15,2,11,2,86.7,2.51,,,,,,,,,0.0,0.0,,,0.0,129187
박관진,21 P,,2,0,0.2,0,0,0,0,0.0,0.0,,,,,,,,,0.0,0.0,,,0.0,146937
이주형,21 LF,,1,0,1.0,0,0,0,0,0.0,0.0,-0.01,,0.0,,,,,,-0.01,-0.16,,,-0.001,148557
김재웅,21 P,,51,0,53.1,8,0,6,2,75.0,1.01,,,,,,,,,0.0,0.0,,,0.0,128587
조한민,21 RF,-0.269,53,37,297.0,121,95,22,4,0.967,3.545,0.27,-0.86,-1.16,-0.82,0.0,,0.0,0.0,-2.57,-6.983,-0.139,-2.709,-0.255,142109
김창평,21 LF,-0.098,23,4,60.0,15,11,4,0,1.0,2.25,-1.69,0.64,0.07,0.0,0.0,,0.0,0.0,-0.97,-6.073,-0.015,-0.985,-0.096,141464
김용의,21 1B,0.169,93,3,172.0,172,155,16,1,0.994,8.948,2.12,0.0,0.15,0.0,0.0,,0.0,0.0,2.32,3.592,-0.612,1.708,0.23,104666
페레즈,21 1B,-0.104,75,54,465.0,272,199,63,10,0.963,5.071,-0.87,-0.59,0.48,0.72,0.0,,0.0,0.0,-0.3,-0.576,-0.752,-1.052,-0.03,149919
권민석,21 1B,0.144,29,1,54.0,25,18,6,1,0.96,4.0,1.41,0.0,0.04,-0.01,0.0,,0.0,0.0,1.44,7.15,0.007,1.447,0.143,130791
최정민,21 CF,0.116,22,3,59.0,14,13,1,0,1.0,2.136,1.22,-0.1,0.06,0.0,0.0,,0.0,0.0,1.18,7.724,-0.009,1.171,0.117,108080
김민수,21 2B,0.07,86,48,471.0,266,159,104,3,0.989,5.025,-0.17,0.0,0.49,1.11,0.0,,0.0,0.0,0.52,0.871,0.185,0.705,0.052,129312
신용수,21 CF,-0.653,79,30,306.0,68,63,3,2,0.971,1.941,-4.86,-1.05,-0.18,-0.39,0.0,,0.0,0.0,-6.5,-11.848,-0.08,-6.58,-0.645,141692
신민재,21 2B,0.025,23,4,64.0,28,13,14,1,0.964,3.797,1.22,-0.21,-0.42,-0.41,0.0,,0.0,0.0,0.19,1.19,0.06,0.25,0.019,130566
박지훈,21 1B,0.172,23,1,37.0,29,24,5,0,1.0,7.054,1.5,0.26,0.04,0.0,0.0,,0.0,0.0,1.79,11.207,-0.06,1.73,0.178,147361
이상호,21 2B,-0.081,44,15,181.0,98,48,48,2,0.98,4.773,-1.06,0.0,0.19,-0.44,0.0,,0.0,0.0,-1.0,-3.273,0.18,-0.82,-0.099,111476
오태곤,21 1B,-0.057,128,48,547.0,347,320,24,3,0.991,5.66,2.39,-0.37,-1.01,0.0,0.0,,0.0,0.0,0.95,1.069,-1.52,-0.57,0.094,102494
추재현,21 CF,0.128,97,68,586.0,144,138,4,2,0.986,2.181,2.87,-0.84,-0.39,0.0,0.0,,0.0,0.0,1.64,2.435,-0.346,1.294,0.163,130942
이영빈,21 1B,-0.184,66,34,296.0,240,176,57,7,0.971,7.084,-1.05,0.0,-0.17,-0.3,0.0,,0.0,0.0,-1.51,-3.295,-0.348,-1.858,-0.15,147836
오재원,21 2B,0.142,44,12,168.0,115,62,51,2,0.983,6.054,0.18,0.97,0.19,0.08,0.0,,0.0,0.0,1.15,3.764,0.28,1.43,0.114,101781
문찬종,21 2B,-0.057,12,3,40.0,23,9,14,0,1.0,5.175,0.08,0.0,0.05,-0.74,0.0,,0.0,0.0,-0.62,-7.44,0.043,-0.577,-0.062,145787
박정현,21 SS,0.141,35,27,242.0,134,75,53,6,0.955,4.76,2.14,0.0,-0.19,-1.5,0.0,,0.0,0.0,0.98,4.032,0.446,1.426,0.097,147049
전병우,21 3B,0.007,123,61,618.0,297,158,130,9,0.97,4.194,-0.78,0.0,0.02,0.54,0.0,,0.0,0.0,0.27,0.316,-0.196,0.074,0.027,114227
이형종,21 LF,-0.523,45,35,306.0,64,59,3,2,0.969,1.824,-4.23,0.36,-0.66,0.0,0.0,,0.0,0.0,-4.53,-14.496,-0.746,-5.276,-0.449,125166
오윤석,21 1B,-0.266,27,15,148.0,119,93,24,2,0.983,7.115,-2.66,0.0,0.14,0.28,0.0,,0.0,0.0,-2.24,-11.947,-0.444,-2.684,-0.222,113972
도태훈,21 3B,-0.158,82,16,223.0,109,62,43,4,0.963,4.238,-2.88,0.0,0.19,1.45,0.0,,0.0,0.0,-1.58,-2.775,-0.012,-1.592,-0.157,125605
강승호,21 2B,0.981,133,86,761.0,409,159,242,8,0.98,4.742,6.85,0.0,-0.06,0.17,0.0,,0.0,0.0,7.52,8.142,2.373,9.893,0.746,110871
배성근,21 SS,-0.584,69,21,264.0,134,61,66,7,0.948,4.33,-3.03,0.0,-0.11,-3.56,0.0,,0.0,0.0,-6.7,-13.983,0.81,-5.89,-0.665,132792
강경학,21 3B,0.106,11,5,51.0,23,11,11,1,0.957,3.882,0.79,0.0,0.05,0.2,0.0,,0.0,0.0,1.03,13.484,0.038,1.068,0.102,106769
김태연,21 3B,0.421,60,49,406.0,158,79,72,7,0.956,3.347,4.97,0.07,-0.61,-0.1,0.0,,0.0,0.0,4.43,10.632,-0.191,4.239,0.439,125859
김찬형,21 3B,-0.369,75,30,315.0,132,43,86,3,0.977,3.686,-1.77,0.0,0.33,-2.58,0.0,,0.0,0.0,-3.94,-7.565,0.216,-3.724,-0.391,126224
최정원,21 2B,0.562,75,57,473.0,242,102,133,7,0.971,4.471,3.97,0.0,-0.91,0.63,0.0,,0.0,0.0,3.69,7.085,1.98,5.67,0.366,142215
오윤석,21 2B,0.747,71,30,292.0,197,101,96,0,1.0,6.072,5.66,0.0,0.33,0.9,0.0,,0.0,0.0,7.26,14.725,0.268,7.528,0.72,113978
김호재,21 1B,-0.035,80,13,213.0,129,96,31,2,0.984,5.366,0.38,0.0,0.21,-0.62,0.0,,0.0,0.0,-0.04,-0.072,-0.312,-0.352,-0.004,132403
안재석,21 SS,0.339,94,55,481.0,247,96,138,13,0.947,4.378,0.98,0.0,-0.29,0.52,0.0,,0.0,0.0,1.31,2.007,2.107,3.417,0.13,147711
구본혁,21 2B,0.233,134,7,265.0,130,46,82,2,0.985,4.347,-0.27,0.0,0.34,1.59,0.0,,0.0,0.0,2.14,2.3,0.205,2.345,0.212,141406
김민성,21 3B,0.63,122,107,861.0,242,56,179,7,0.971,2.456,5.49,0.0,0.65,0.08,0.0,,0.0,0.0,6.35,7.495,0.001,6.351,0.63,102386
백동훈,21 CF,0.156,5,2,10.0,6,6,0,0,1.0,5.4,1.3,0.26,0.01,0.0,0.0,,0.0,0.0,1.57,45.216,0.0,1.57,0.156,110841
문성주,21 LF,0.243,34,20,181.0,49,48,0,1,0.98,2.387,3.56,-0.43,-0.32,0.0,0.0,,0.0,0.0,2.81,11.901,-0.365,2.445,0.279,131126
홍창기,21 CF,-0.125,155,132,1117.0,253,247,4,2,0.992,2.022,-1.6,0.35,0.23,0.0,0.0,,0.0,0.0,-1.04,-0.966,-0.222,-1.262,-0.103,125466
안익훈,21 CF,-0.276,50,0,82.0,11,11,0,0,1.0,1.207,-2.45,-0.39,0.1,0.0,0.0,,0.0,0.0,-2.76,-7.949,-0.019,-2.779,-0.274,113476
안권수,21 RF,0.14,81,4,166.0,40,39,1,0,1.0,2.169,2.25,-0.84,0.21,0.0,0.0,,0.0,0.0,1.6,2.844,-0.193,1.407,0.159,145711
이원석,21 CF,-0.229,41,31,300.0,74,72,1,1,0.986,2.19,-1.92,-0.69,0.3,0.0,0.0,,0.0,0.0,-2.31,-8.113,-0.0,-2.31,-0.229,131389
문보경,21 1B,0.245,116,79,664.0,536,429,102,5,0.991,7.197,4.17,0.0,0.52,-0.38,0.0,,0.0,0.0,4.43,5.499,-1.956,2.474,0.439,141376
이주형,21 1B,0.074,6,3,26.0,25,24,1,0,1.0,8.654,0.85,0.0,0.02,0.0,0.0,,0.0,0.0,0.87,20.88,-0.12,0.75,0.086,145916
최민창,21 CF,0.054,4,0,6.0,1,1,0,0,1.0,1.5,0.52,0.01,0.0,0.0,0.0,,0.0,0.0,0.54,19.44,0.0,0.54,0.054,113516
서예일,21 3B,0.046,5,1,10.0,4,1,2,1,0.75,2.7,0.44,0.0,0.01,0.0,0.0,,0.0,0.0,0.46,13.248,0.0,0.46,0.046,125231
한석현,21 LF,-0.105,12,7,58.0,8,7,0,1,0.875,1.086,-0.01,-0.49,-0.44,0.0,0.0,,0.0,0.0,-0.94,-11.28,-0.123,-1.063,-0.093,132506
예진원,21 LF,0.486,55,34,303.0,85,82,3,0,1.0,2.525,4.16,0.7,0.3,0.0,0.0,,0.0,0.0,5.15,13.484,-0.249,4.901,0.511,130937
김지수,21 RF,0.098,12,7,59.0,14,14,0,0,1.0,2.136,0.79,0.22,0.07,0.0,0.0,,0.0,0.0,1.08,12.96,-0.094,0.986,0.107,126629
송호정,21 SS,-0.161,6,2,24.0,5,0,4,1,0.8,1.5,-1.77,0.0,0.04,0.0,0.0,,0.0,0.0,-1.73,-41.52,0.107,-1.623,-0.172,148129
장운호,21 RF,0.409,116,79,727.0,195,190,5,0,1.0,2.414,4.82,-0.45,0.85,0.0,0.0,,0.0,0.0,5.22,6.48,-1.095,4.125,0.518,111229
송성문,21 3B,0.477,76,63,535.0,280,117,156,7,0.975,4.593,4.33,0.0,0.54,-0.26,0.0,,0.0,0.0,4.24,8.034,0.573,4.813,0.421,113767
박정음,21 LF,0.309,47,1,84.0,30,30,0,0,1.0,3.214,3.9,-0.83,0.09,0.0,0.0,,0.0,0.0,3.15,9.651,-0.035,3.115,0.313,108667
신준우,21 SS,-0.018,52,16,164.0,92,32,55,5,0.946,4.774,-0.66,0.0,0.25,-0.27,0.0,,0.0,0.0,-0.67,-1.855,0.488,-0.182,-0.066,146957
이도윤,21 SS,-0.035,54,12,185.0,72,22,46,4,0.944,3.308,-0.93,0.0,-0.27,0.77,0.0,,0.0,0.0,-0.61,-1.627,0.261,-0.349,-0.061,114149
김휘집,21 3B,-0.29,40,23,206.0,69,17,45,7,0.899,2.709,-2.17,0.0,-0.31,-0.3,0.0,,0.0,0.0,-2.98,-10.728,0.052,-2.928,-0.296,147857
김민하,21 RF,0.61,42,28,258.0,76,71,2,3,0.961,2.547,5.53,1.75,-0.71,0.0,0.0,,0.0,0.0,6.58,22.56,-0.427,6.153,0.653,107779
김주형,21 SS,-0.234,34,20,183.0,82,24,53,5,0.939,3.787,-4.36,0.0,0.3,0.56,0.0,,0.0,0.0,-3.52,-14.908,1.165,-2.355,-0.349,142147
박준태,21 RF,-0.275,31,13,136.0,39,39,0,0,1.0,2.581,-2.7,-0.07,0.17,0.0,0.0,,0.0,0.0,-2.6,-12.077,-0.176,-2.776,-0.258,112607
송민섭,21 LF,0.528,123,3,246.0,64,61,3,0,1.0,2.341,3.51,1.74,0.28,0.0,0.0,,0.0,0.0,5.53,6.474,-0.211,5.319,0.549,113428
신본기,21 2B,0.417,113,57,482.0,197,71,122,4,0.98,3.604,3.65,0.0,0.53,-0.94,0.0,,0.0,0.0,3.7,4.715,0.506,4.206,0.367,108408
황윤호,21 3B,-0.211,7,4,41.0,12,2,8,2,0.833,2.195,-2.18,0.0,0.03,0.0,0.0,,0.0,0.0,-2.14,-44.023,0.017,-2.123,-0.212,113630
터커,21 LF,-0.566,129,122,990.0,388,367,18,3,0.992,3.5,-2.83,-0.5,0.4,0.0,0.0,,0.0,0.0,-2.56,-2.858,-3.148,-5.708,-0.254,142240
김민혁,21 LF,-0.194,45,32,244.0,55,54,0,1,0.982,1.992,1.0,-1.58,-0.28,0.0,0.0,,0.0,0.0,-0.85,-2.72,-1.104,-1.954,-0.084,113398
조용호,21 LF,-0.742,151,115,918.0,184,177,7,0,1.0,1.804,-6.32,0.62,0.97,0.0,0.0,,0.0,0.0,-4.73,-4.511,-2.753,-7.483,-0.469,129438
고명성,21 SS,0.019,6,0,6.0,3,0,3,0,1.0,4.5,0.44,0.0,0.01,-0.26,0.0,,0.0,0.0,0.18,4.32,0.013,0.193,0.018,131718
김병희,21 3B,-0.413,33,17,152.0,60,16,39,5,0.917,3.257,-3.39,0.0,0.14,-1.01,0.0,,0.0,0.0,-4.25,-18.545,0.086,-4.164,-0.422,113308
유로결,21 CF,-0.067,34,28,253.0,78,77,1,0,1.0,2.775,-1.64,0.71,0.27,0.0,0.0,,0.0,0.0,-0.67,-2.838,-0.009,-0.679,-0.066,141269
강상원,21 LF,-0.245,35,9,130.0,29,29,0,0,1.0,2.008,-0.94,-1.58,0.14,0.0,0.0,,0.0,0.0,-2.38,-9.792,-0.088,-2.468,-0.236,125649
문상철,21 1B,0.106,22,7,71.0,78,75,3,0,1.0,9.887,1.48,0.0,0.06,0.0,0.0,,0.0,0.0,1.54,10.08,-0.476,1.064,0.153,113338
김태훈,21 RF,-0.131,21,15,118.0,25,24,1,0,1.0,1.907,-2.02,0.78,0.15,0.0,0.0,,0.0,0.0,-1.07,-7.337,-0.252,-1.322,-0.106,113368
김재유,21 CF,-0.411,69,40,377.0,106,99,3,4,0.962,2.435,-3.82,0.31,-0.61,0.0,0.0,,0.0,0.0,-4.13,-8.619,-0.013,-4.143,-0.41,114832
이용규,21 LF,0.091,142,124,1003.0,224,216,5,3,0.987,1.983,3.13,-0.53,0.62,0.0,0.0,,0.0,0.0,3.22,3.265,-2.303,0.917,0.319,100357
김기환,21 LF,-0.014,58,37,321.0,77,74,1,2,0.974,2.103,2.55,-0.6,-0.71,0.0,0.0,,0.0,0.0,1.24,3.079,-1.385,-0.145,0.123,114005
이호연,21 1B,0.211,3,1,12.0,12,10,2,0,1.0,9.0,1.78,0.0,0.01,0.36,0.0,,0.0,0.0,2.15,103.2,-0.023,2.127,0.213,131512
최항,21 2B,0.097,23,15,112.0,70,35,32,3,0.957,5.384,0.34,0.0,0.14,0.11,0.0,,0.0,0.0,0.59,3.694,0.388,0.978,0.059,108104
이창진,21 CF,0.586,107,72,631.0,199,197,1,1,0.995,2.824,6.11,-0.29,0.14,0.0,0.0,,0.0,0.0,5.96,8.021,-0.048,5.912,0.591,112330
강한울,21 3B,-0.453,122,50,550.0,183,64,110,9,0.951,2.847,-5.2,0.0,0.04,0.22,0.0,,0.0,0.0,-4.8,-5.666,0.237,-4.563,-0.476,112553
김성표,21 CF,-0.187,25,3,72.0,18,17,0,1,0.944,2.125,-2.18,0.73,-0.42,0.0,0.0,,0.0,0.0,-1.88,-10.829,0.0,-1.88,-0.187,111093
노진혁,21 SS,0.205,103,96,782.0,299,111,180,8,0.973,3.349,-0.62,0.0,-0.47,0.18,0.0,,0.0,0.0,-1.0,-1.398,3.067,2.067,-0.099,111655
장두성,21 CF,-0.395,39,8,114.0,17,16,0,1,0.941,1.263,-3.87,0.28,-0.38,0.0,0.0,,0.0,0.0,-3.98,-14.695,-0.003,-3.983,-0.395,131552
권희동,21 LF,-0.199,49,28,259.0,55,52,2,1,0.982,1.876,-1.48,0.29,-0.22,0.0,0.0,,0.0,0.0,-1.42,-4.173,-0.587,-2.007,-0.141,111725
김준완,21 CF,0.098,14,1,30.0,11,11,0,0,1.0,3.3,1.47,-0.51,0.03,0.0,0.0,,0.0,0.0,1.01,10.389,-0.019,0.991,0.1,111825
정현,21 2B,-0.096,50,24,239.0,96,42,52,2,0.979,3.54,-0.65,0.0,-0.23,-0.5,0.0,,0.0,0.0,-1.38,-3.974,0.416,-0.964,-0.137,111115
장준원,21 3B,0.029,5,0,9.0,6,3,2,1,0.833,5.0,0.28,0.0,0.0,0.0,0.0,,0.0,0.0,0.29,8.352,0.0,0.29,0.029,112146
박계범,21 SS,0.291,147,98,831.0,385,161,213,11,0.971,4.051,1.01,0.0,-0.38,0.17,0.0,,0.0,0.0,0.83,0.813,2.104,2.934,0.082,111981
조수행,21 LF,0.096,103,11,276.0,101,99,1,1,0.99,3.261,1.36,-0.04,-0.22,0.0,0.0,,0.0,0.0,1.11,1.552,-0.142,0.968,0.11,125241
김규성,21 2B,0.08,49,10,140.0,81,24,53,4,0.951,4.95,0.88,0.0,0.19,0.33,0.0,,0.0,0.0,0.6,1.763,0.202,0.802,0.06,125400
류지혁,21 3B,0.394,90,77,672.0,424,323,93,8,0.981,5.571,4.42,0.0,0.53,0.51,0.0,,0.0,0.0,5.33,8.528,-1.363,3.967,0.529,108940
한동희,21 3B,0.198,129,117,1004.0,311,102,195,14,0.955,2.662,1.19,0.0,0.75,-0.28,0.0,,0.0,0.0,2.0,2.233,-0.002,1.998,0.198,131452
최정용,21 2B,0.198,29,8,101.0,56,22,32,2,0.964,4.812,0.7,0.0,0.12,0.98,0.0,,0.0,0.0,1.78,8.839,0.212,1.992,0.177,114070
정현,21 3B,-0.096,14,5,67.0,31,9,20,2,0.935,3.896,-1.2,0.0,-0.43,0.5,0.0,,0.0,0.0,-1.04,-10.697,0.069,-0.971,-0.103,111114
김성현,21 2B,0.202,120,67,643.0,323,116,199,8,0.975,4.409,0.99,0.0,-0.13,-0.43,0.0,,0.0,0.0,0.44,0.528,1.593,2.033,0.044,106364
천성호,21 1B,-0.12,29,7,90.0,54,35,16,3,0.944,5.1,-1.81,0.0,0.09,0.57,0.0,,0.0,0.0,-1.15,-5.71,-0.064,-1.214,-0.114,146068
권동진,21 SS,-0.181,85,14,241.0,131,47,76,8,0.939,4.593,-1.78,0.0,0.35,-1.02,0.0,,0.0,0.0,-2.45,-4.151,0.63,-1.82,-0.243,147778
정민규,21 3B,-0.02,5,4,28.0,22,8,11,3,0.864,6.107,-0.4,0.0,0.02,-0.19,0.0,,0.0,0.0,-0.19,-5.472,-0.01,-0.2,-0.019,148139
강백호,21 1B,-1.006,139,132,1099.0,1156,1031,106,19,0.984,9.311,2.3,-0.91,-0.07,0.0,0.0,,-0.44,0.0,0.79,0.818,-10.933,-10.143,0.078,131688
최지훈,21 CF,0.475,213,118,1054.0,311,302,7,2,0.994,2.639,3.88,1.27,0.1,0.0,0.0,,0.0,0.0,5.26,3.556,-0.468,4.792,0.522,145874
박준영,21 3B,0.05,125,77,697.0,258,93,156,9,0.965,3.215,0.08,0.0,-0.18,0.22,0.0,,0.0,0.0,-0.88,-1.014,1.388,0.508,-0.087,125225
김인태,21 RF,0.675,122,93,726.0,193,188,5,0,1.0,2.393,7.96,0.17,0.91,0.0,0.0,,0.0,0.0,9.04,10.67,-2.24,6.8,0.897,110981
이재율,21 LF,0.215,14,2,43.0,10,10,0,0,1.0,2.093,1.95,0.24,0.04,0.0,0.0,,0.0,0.0,2.22,22.834,-0.055,2.165,0.22,125255
이재원,21 RF,0.296,57,41,366.0,87,84,3,0,1.0,2.139,3.1,0.24,0.44,0.0,0.0,,0.0,0.0,3.78,9.549,-0.801,2.979,0.375,131046
정진기,21 LF,-0.443,87,41,385.0,89,85,3,1,0.989,2.057,-2.54,-1.19,-0.1,0.0,0.0,,0.0,0.0,-3.83,-6.339,-0.635,-4.465,-0.38,107175
김찬형,21 2B,-0.058,15,6,65.0,36,12,23,1,0.972,4.846,-1.73,0.0,0.09,0.9,0.0,,0.0,0.0,-0.73,-7.008,0.141,-0.589,-0.072,126225
박정우,21 CF,0.122,32,16,159.0,48,47,1,0,1.0,2.717,1.47,-0.39,0.15,0.0,0.0,,0.0,0.0,1.25,5.625,-0.023,1.227,0.124,128690
김헌곤,21 LF,-0.347,135,90,814.0,194,185,8,1,0.995,2.134,-1.97,-0.09,0.31,0.0,0.0,,0.0,0.0,-1.75,-1.867,-1.752,-3.502,-0.174,106403
박승규,21 CF,0.519,45,13,165.0,57,57,0,0,1.0,3.109,6.17,-0.92,0.15,0.0,0.0,,0.0,0.0,5.41,17.312,-0.178,5.232,0.537,141223
김지찬,21 SS,0.314,131,87,762.0,363,117,227,19,0.948,4.063,-1.83,0.0,-1.34,2.45,0.0,,0.0,0.0,-0.63,-0.693,3.795,3.165,-0.062,146183
강경학,21 2B,0.041,12,3,36.0,25,12,12,1,0.96,6.0,-0.03,0.0,0.05,0.33,0.0,,0.0,0.0,0.35,4.2,0.062,0.412,0.035,106760
김성윤,21 RF,-0.276,21,3,51.0,13,11,0,2,0.846,1.941,-1.8,-0.01,-0.94,0.0,0.0,,0.0,0.0,-2.74,-18.789,-0.04,-2.78,-0.272,129363
김현준,21 RF,0.014,11,0,17.0,8,8,0,0,1.0,4.235,0.43,-0.28,0.02,0.0,0.0,,0.0,0.0,0.16,2.095,-0.015,0.145,0.016,148673
지석훈,21 2B,-0.018,32,9,114.0,56,16,39,1,0.982,4.342,-0.57,0.0,0.14,0.06,0.0,,0.0,0.0,-0.37,-1.665,0.185,-0.185,-0.037,106835
최재훈,21 C,1.716,109,100,844.0,767,704,62,1,0.999,8.168,0.18,0.0,2.22,0.0,1.83,,3.51,0.0,7.02,9.274,10.275,17.295,0.696,101709
정진호,21 LF,0.184,44,38,304.0,83,78,3,2,0.976,2.398,4.04,-0.12,-0.72,0.0,0.0,,0.0,0.0,3.2,10.473,-1.342,1.858,0.317,106459
노시환,21 3B,0.563,101,94,823.0,304,107,177,20,0.934,3.106,5.32,0.0,-0.38,0.43,0.0,,0.0,0.0,5.68,8.098,-0.005,5.675,0.563,141259
변상권,21 LF,0.368,65,41,372.0,100,98,2,0,1.0,2.419,3.93,0.84,0.34,0.0,0.0,,0.0,0.0,5.1,11.298,-1.392,3.708,0.506,132237
김수환,21 1B,-0.079,12,11,87.0,63,51,10,2,0.968,6.31,-0.48,0.0,0.07,0.0,0.0,,0.0,0.0,-0.41,-4.92,-0.387,-0.797,-0.041,130967
허정협,21 LF,0.258,15,6,69.0,20,20,0,0,1.0,2.609,2.4,0.36,0.07,0.0,0.0,,0.0,0.0,2.82,27.072,-0.221,2.599,0.28,114987
박주홍,21 LF,0.206,12,6,60.0,31,31,0,0,1.0,4.65,2.64,-0.42,0.06,0.0,0.0,,0.0,0.0,2.28,27.36,-0.199,2.081,0.226,145807
박건우,21 RF,-0.358,145,118,933.0,242,238,3,1,0.996,2.325,-2.19,-0.26,0.66,0.0,0.0,,0.0,0.0,-1.79,-1.778,-1.815,-3.605,-0.178,101891
김현수,21 LF,-0.486,85,78,631.0,133,131,2,0,1.0,1.897,-1.67,-0.76,0.57,0.0,0.0,,0.0,0.0,-1.87,-3.168,-3.031,-4.901,-0.186,101876
오명진,21 2B,-0.177,3,0,5.0,1,1,0,0,1.0,1.8,-1.79,0.0,0.0,0.0,0.0,,0.0,0.0,-1.79,-85.92,0.007,-1.783,-0.178,147371
전민재,21 2B,-0.038,7,0,12.0,6,3,2,1,0.833,3.75,-0.41,0.0,0.01,0.0,0.0,,0.0,0.0,-0.39,-8.023,0.011,-0.379,-0.039,130731
최용제,21 C,0.014,50,14,190.0,160,136,20,4,0.975,7.389,0.23,0.0,-0.89,0.0,-0.69,,-0.82,0.0,-1.79,-5.155,1.931,0.141,-0.178,126491
김민혁,21 1B,-0.006,2,0,3.0,2,2,0,0,1.0,6.0,-0.05,0.0,0.0,0.0,0.0,,0.0,0.0,-0.05,-3.6,-0.01,-0.06,-0.005,129701
신성현,21 1B,-0.216,8,2,30.0,18,12,6,0,1.0,5.4,-2.15,0.0,0.02,0.0,0.0,,0.0,0.0,-2.13,-38.34,-0.045,-2.175,-0.211,114921
장지승,21 RF,-0.122,21,18,146.0,33,32,0,1,0.97,1.973,0.41,-1.32,0.2,0.0,0.0,,0.0,0.0,-0.72,-4.937,-0.507,-1.227,-0.071,148809
노수광,21 CF,-0.032,51,44,377.0,121,117,4,0,1.0,2.889,-1.3,0.68,0.38,0.0,0.0,,0.0,0.0,-0.26,-0.734,-0.059,-0.319,-0.026,112689
김혜성,21 SS,0.295,153,140,1188.0,699,238,426,35,0.95,5.03,-4.24,0.0,0.33,-0.68,0.0,,0.0,0.0,-4.6,-4.329,7.577,2.977,-0.456,129057
이대호,21 1B,-0.366,19,15,119.0,118,107,9,2,0.983,8.773,-2.22,0.0,-0.4,0.0,0.0,,0.07,0.0,-2.51,-19.023,-1.175,-3.685,-0.249,102512
정훈,21 1B,-0.648,118,110,921.0,809,763,45,1,0.999,7.896,-0.22,0.43,0.29,0.0,0.0,,0.0,0.0,0.4,0.488,-6.932,-6.532,0.04,102532
김강민,21 CF,0.16,117,40,567.0,157,149,6,2,0.987,2.46,1.39,0.13,0.08,0.0,0.0,,0.0,0.0,1.61,1.982,0.0,1.61,0.16,101084
한유섬,21 RF,-0.212,126,109,911.0,230,223,5,2,0.991,2.252,0.14,-0.3,0.62,0.0,0.0,,0.0,0.0,0.47,0.537,-2.605,-2.135,0.047,108154
이정범,21 LF,-0.354,19,17,109.0,21,19,1,1,0.952,1.651,-2.53,-0.08,-0.4,0.0,0.0,,0.0,0.0,-3.01,-22.813,-0.555,-3.565,-0.299,131944
김주원,21 SS,0.405,79,53,467.0,247,96,139,12,0.951,4.529,3.74,0.0,-0.29,-1.4,0.0,,0.0,0.0,2.05,3.737,2.034,4.084,0.203,147655
이주찬,21 SS,0.036,2,2,17.0,10,5,5,0,1.0,5.294,0.49,0.0,0.02,-0.2,0.0,,0.0,0.0,0.31,22.32,0.05,0.36,0.031,148192
전민수,21 LF,-0.328,25,8,72.0,12,12,0,0,1.0,1.5,-2.4,-0.7,0.07,0.0,0.0,,0.0,0.0,-3.03,-17.453,-0.279,-3.309,-0.301,104175
강진성,21 1B,-1.424,121,115,971.0,908,839,56,13,0.986,8.296,-5.58,0.0,0.8,0.0,0.0,,0.0,0.0,-5.35,-6.367,-9.005,-14.355,-0.531,111485
이원재,21 1B,-0.262,25,15,133.0,119,107,10,2,0.983,7.917,-1.69,0.0,0.11,0.0,0.0,,0.0,0.0,-1.58,-9.101,-1.057,-2.637,-0.157,129995
이천웅,21 CF,-0.097,68,42,405.0,90,89,1,0,1.0,2.0,-1.49,0.37,0.4,0.0,0.0,,0.0,0.0,-0.72,-1.525,-0.26,-0.98,-0.071,109356
채은성,21 RF,-0.543,85,79,642.0,152,147,4,1,0.993,2.117,-2.65,0.13,0.39,0.0,0.0,,0.0,0.0,-2.14,-3.625,-3.33,-5.47,-0.212,112156
손호영,21 SS,-0.191,8,2,31.0,14,4,8,2,0.857,3.484,-1.31,0.0,-0.45,-0.26,0.0,,0.0,0.0,-2.03,-36.54,0.105,-1.925,-0.201,145906
김주성,21 3B,-0.268,3,1,13.0,3,1,0,2,0.333,0.692,-2.71,0.0,0.01,0.0,0.0,,0.0,0.0,-2.7,-129.6,0.0,-2.7,-0.268,125456
강로한,21 CF,-0.018,16,7,79.0,35,34,0,1,0.971,3.873,-0.03,-0.23,0.08,0.0,0.0,,0.0,0.0,-0.18,-1.62,-0.006,-0.186,-0.018,113892
나승엽,21 1B,-0.03,48,24,231.0,137,107,25,5,0.964,5.143,0.87,0.0,-0.82,0.34,0.0,,0.0,0.0,0.31,0.93,-0.608,-0.298,0.031,147972
유서준,21 RF,0.039,3,0,4.0,2,2,0,0,1.0,4.5,0.38,0.01,0.0,0.0,0.0,,0.0,0.0,0.39,18.72,0.0,0.39,0.039,112404
최승민,21 CF,0.193,31,7,98.0,34,34,0,0,1.0,3.122,2.47,-0.55,0.1,0.0,0.0,,0.0,0.0,2.02,9.383,-0.077,1.943,0.2,141875
정의윤,21 LF,-0.422,37,31,222.0,47,45,2,0,1.0,1.905,-3.52,-0.41,0.25,0.0,0.0,,0.0,0.0,-3.69,-14.361,-0.566,-4.256,-0.366,106554
최주환,21 2B,0.284,106,97,772.0,535,327,197,11,0.979,6.109,1.39,0.0,-0.12,0.29,0.0,,0.0,0.0,1.56,2.119,1.302,2.862,0.155,101824
강태율,21 C,-0.03,19,10,79.0,67,55,8,4,0.94,7.177,-0.83,0.0,-1.24,0.0,-0.06,,1.6,0.0,-1.0,-7.579,0.701,-0.299,-0.099,113882
최민재,21 LF,-0.165,14,6,60.0,11,11,0,0,1.0,1.65,-1.63,-0.02,0.05,0.0,0.0,,0.0,0.0,-1.59,-16.354,-0.074,-1.664,-0.158,130042
이원석,21 3B,-0.166,123,120,870.0,287,146,136,5,0.983,2.917,-2.04,0.0,0.17,0.24,0.0,,0.0,0.0,-1.45,-1.698,-0.224,-1.674,-0.144,101803
김규남,21 LF,-0.012,3,2,14.0,4,4,0,0,1.0,2.571,-0.18,0.09,0.01,0.0,0.0,,0.0,0.0,-0.08,-3.84,-0.04,-0.12,-0.008,142004
안상현,21 2B,0.069,23,9,85.0,49,22,25,2,0.959,4.976,1.03,0.0,-0.4,-0.24,0.0,,0.0,0.0,0.39,2.442,0.307,0.697,0.039,126134
오준혁,21 LF,-0.075,8,2,22.0,5,5,0,0,1.0,2.045,-0.54,-0.2,0.02,0.0,0.0,,0.0,0.0,-0.7,-12.6,-0.055,-0.755,-0.069,106724
송준석,21 LF,-0.049,14,12,92.0,24,24,0,0,1.0,2.348,-0.17,0.0,0.08,0.0,0.0,,0.0,0.0,-0.09,-0.926,-0.409,-0.499,-0.009,112003
유한준,21 RF,-0.269,16,11,85.0,11,11,0,0,1.0,1.165,-1.93,-0.49,0.12,0.0,0.0,,0.0,0.0,-2.3,-20.7,-0.412,-2.712,-0.228,106278
심우준,21 SS,1.357,139,129,1066.0,556,210,327,19,0.966,4.534,3.52,0.0,-0.28,1.33,0.0,,0.0,0.0,4.58,4.745,9.094,13.674,0.454,113348
황재균,21 3B,0.413,115,112,940.0,263,69,178,16,0.939,2.365,1.45,0.0,0.7,1.49,0.0,,0.0,0.0,4.16,5.209,0.0,4.16,0.413,104078
오선진,21 SS,-0.21,23,10,114.0,46,21,23,2,0.957,3.474,-1.86,0.0,0.18,-1.23,0.0,,0.0,0.0,-2.92,-18.282,0.804,-2.116,-0.29,105573
최영진,21 1B,-0.204,38,9,122.0,78,61,17,0,1.0,5.754,-2.34,0.0,0.1,0.35,0.0,,0.0,0.0,-1.79,-6.783,-0.265,-2.055,-0.178,109343
나주환,21 3B,0.189,13,4,53.0,21,13,8,0,1.0,3.566,1.65,0.0,0.04,0.35,0.0,,0.0,0.0,1.92,21.268,-0.018,1.902,0.19,100920
이진영,21 CF,0.065,16,11,107.0,25,25,0,0,1.0,2.103,0.98,-0.4,0.12,0.0,0.0,,0.0,0.0,0.69,6.21,-0.032,0.658,0.068,125390
오정환,21 2B,-0.152,4,3,31.0,14,4,9,1,0.929,3.774,-1.66,0.0,0.04,0.0,0.0,,0.0,0.0,-1.62,-58.32,0.09,-1.53,-0.161,131170
이우성,21 LF,0.09,62,20,257.0,63,61,1,1,0.984,2.171,1.81,0.25,-0.26,0.0,0.0,,0.0,0.0,1.8,4.181,-0.892,0.908,0.179,110990
박성한,21 SS,1.097,137,112,1007.0,537,199,315,23,0.957,4.594,0.39,0.0,0.63,1.37,0.0,,0.0,0.0,2.39,2.512,8.665,11.055,0.237,129224
김태진,21 3B,-0.157,98,96,830.0,271,74,180,17,0.937,2.754,-0.1,0.0,-0.85,-0.59,0.0,,0.0,0.0,-1.59,-2.336,0.01,-1.58,-0.158,112440
박해민,21 CF,0.372,129,120,1004.0,297,294,2,1,0.997,2.653,2.94,0.28,0.53,0.0,0.0,,0.0,0.0,3.75,4.186,-0.003,3.747,0.372,111903
김선빈,21 2B,0.081,126,125,1017.0,518,206,305,7,0.986,4.522,-4.5,0.0,1.28,-1.49,0.0,,0.0,0.0,-4.71,-5.383,5.526,0.816,-0.467,100080
최원준,21 RF,-0.46,153,143,1244.0,329,312,10,7,0.979,2.33,1.63,1.26,-1.81,0.0,0.0,,0.0,0.0,1.07,1.007,-5.71,-4.64,0.106,125340
홍현빈,21 LF,0.201,25,1,54.0,14,13,1,0,1.0,2.333,2.04,0.02,0.06,0.0,0.0,,0.0,0.0,2.11,12.154,-0.084,2.026,0.209,129418
최인호,21 LF,0.239,45,41,335.0,78,77,1,0,1.0,2.096,2.7,0.87,0.31,0.0,0.0,,0.0,0.0,3.87,12.384,-1.464,2.406,0.384,147079
박승욱,21 2B,-0.235,6,2,14.0,10,4,4,2,0.8,5.143,-2.41,0.0,0.02,0.0,0.0,,0.0,0.0,-2.4,-57.6,0.033,-2.367,-0.238,108048
강민국,21 2B,0.089,17,13,108.0,70,24,45,1,0.986,5.75,-0.23,0.0,0.13,0.54,0.0,,0.0,0.0,0.45,3.812,0.442,0.892,0.045,112438
호잉,21 RF,0.158,73,68,580.0,137,129,5,3,0.978,2.079,5.05,-0.13,-0.7,0.0,0.0,,0.0,0.0,4.22,8.324,-2.627,1.593,0.419,130698
임지열,21 LF,0.029,12,7,55.0,11,10,1,0,1.0,1.8,-0.87,1.3,0.05,0.0,0.0,,0.0,0.0,0.48,5.76,-0.192,0.288,0.048,112257
노태형,21 1B,-0.132,12,10,75.0,62,56,4,2,0.968,7.2,-1.0,0.0,0.06,0.0,0.0,,0.0,0.0,-0.84,-10.08,-0.495,-1.335,-0.083,112699
백용환,21 C,-0.091,24,19,164.0,160,148,11,1,0.994,8.726,-0.19,0.0,0.02,0.0,-2.08,,-0.3,0.0,-2.52,-15.12,1.608,-0.913,-0.25,100039
이동훈,21 CF,-0.13,26,15,150.0,55,53,1,1,0.982,3.24,-0.37,-0.6,-0.34,0.0,0.0,,0.0,0.0,-1.31,-7.255,-0.003,-1.313,-0.13,125269
프레이타스,21 C,-0.165,10,10,61.0,49,41,7,1,0.98,7.082,-1.08,0.0,-0.32,0.0,-0.54,,-0.39,0.0,-2.21,-31.824,0.55,-1.66,-0.219,147627
김병휘,21 2B,0.045,8,2,27.0,15,5,9,1,0.933,4.667,0.06,0.0,0.03,0.28,0.0,,0.0,0.0,0.38,6.84,0.069,0.449,0.038,145777
크레익,21 1B,-0.448,47,44,366.0,277,256,18,3,0.989,6.738,-1.83,0.11,-1.11,0.0,0.0,,0.0,0.0,-2.78,-8.517,-1.732,-4.512,-0.276,149907
정은원,21 2B,0.143,126,123,1024.0,512,220,279,13,0.975,4.386,-3.94,0.0,0.29,-0.37,0.0,,0.0,0.0,-4.01,-4.583,5.447,1.437,-0.398,131379
