Rank,Name,Team,Sort▼,G,oWAR,dWAR,PA,ePA,AB,R,H,2B,3B,HR,TB,RBI,SB,CS,BB,HP,IB,SO,GDP,SH,SF,비율,비율,비율,비율,비율,비율,WAR▼,팀,pid
Rank,Name,Team,WAR,G,oWAR,dWAR,PA,ePA,AB,R,H,2B,3B,HR,TB,RBI,SB,CS,BB,HP,IB,SO,GDP,SH,SF,AVG,OBP,SLG,OPS,R/ePA,wRC+,WAR▼,,
1,최재훈,21 C,4.91,116,4.22,0.7,467,461,375,52,103,21,0,7,145,44,3,2,72,12,2,68,16,5,3,0.275,0.405,0.387,0.792,0.159,133.0,4.91,한화 이글스,10170
2,정은원,21 2B,4.45,139,4.84,-0.4,608,604,495,85,140,22,5,6,190,39,19,11,105,1,1,105,9,4,3,0.283,0.407,0.384,0.791,0.159,132.1,4.45,한화 이글스,13137
3,노시환,21 3B,4.18,107,3.61,0.56,458,451,380,56,103,18,1,18,177,84,5,2,73,1,9,107,15,0,4,0.271,0.386,0.466,0.852,0.17,141.6,4.18,한화 이글스,14125
4,하주석,21 SS,2.93,138,3.17,-0.25,594,589,525,84,143,27,3,10,206,68,23,6,51,10,1,135,9,5,3,0.272,0.346,0.392,0.738,0.123,102.5,2.93,한화 이글스,10913
5,김태연,21 3B,2.26,53,1.82,0.44,220,220,176,29,53,12,0,3,74,34,5,3,34,5,0,44,4,0,5,0.301,0.418,0.42,0.838,0.17,143.0,2.26,한화 이글스,12585
6,이성곤,21 1B,0.85,60,0.69,0.16,206,205,172,17,46,12,2,1,65,24,0,3,29,3,0,52,4,1,1,0.267,0.38,0.378,0.758,0.141,117.7,0.85,한화 이글스,11206
7,최인호,21 LF,0.53,49,0.14,0.38,164,164,136,17,28,6,0,4,46,23,2,1,24,2,0,43,1,0,2,0.206,0.329,0.338,0.667,0.105,88.2,0.53,한화 이글스,14707
8,페레즈,21 2B,0.49,59,0.52,-0.03,252,252,224,26,60,15,1,5,92,33,4,5,17,4,0,52,4,0,7,0.268,0.321,0.411,0.732,0.113,94.9,0.49,한화 이글스,14991
9,김민하,21 LF,0.45,46,-0.2,0.65,142,142,115,14,24,4,1,1,33,17,6,3,17,8,0,36,3,0,2,0.209,0.345,0.287,0.632,0.101,82.9,0.45,한화 이글스,10777
10,힐리,21 1B,0.24,67,-0.04,0.27,268,268,249,27,64,11,1,7,98,37,2,1,16,2,0,58,6,0,1,0.257,0.306,0.394,0.7,0.105,86.3,0.24,한화 이글스,14761
11,노수광,21 LF,0.17,52,0.2,-0.03,180,178,160,21,37,7,0,3,53,14,13,1,17,1,0,46,1,2,0,0.231,0.309,0.331,0.64,0.092,76.0,0.17,한화 이글스,11268
12,장운호,21 CF,0.16,103,-0.36,0.52,338,331,285,36,67,10,0,0,77,28,3,6,36,7,0,77,7,7,3,0.235,0.332,0.27,0.602,0.085,70.9,0.16,한화 이글스,11122
13,송윤준,21 P,0.0,1,0.0,0.0,0,0,0,0,0,0,0,0,0,0,0,0,0,0,0,0,0,0,0,,,,,,,0.0,한화 이글스,10748
13,김종수,21 P,0.0,1,0.0,0.0,0,0,0,0,0,0,0,0,0,0,0,0,0,0,0,0,0,0,0,,,,,,,0.0,한화 이글스,11117
13,윤대경,21 P,0.0,0,0.0,0.0,0,0,0,0,0,0,0,0,0,0,0,0,0,0,0,0,0,0,0,,,,,,,0.0,한화 이글스,11110
13,장민재,21 P,0.0,1,0.0,0.0,0,0,0,0,0,0,0,0,0,0,0,0,0,0,0,0,0,0,0,,,,,,,0.0,한화 이글스,10610
13,카펜터,21 P,0.0,0,0.0,0.0,0,0,0,0,0,0,0,0,0,0,0,0,0,0,0,0,0,0,0,,,,,,,0.0,한화 이글스,14760
13,임준섭,21 P,0.0,1,0.0,0.0,0,0,0,0,0,0,0,0,0,0,0,0,0,0,0,0,0,0,0,,,,,,,0.0,한화 이글스,10795
13,정우람,21 P,0.0,4,0.0,0.0,0,0,0,0,0,0,0,0,0,0,0,0,0,0,0,0,0,0,0,,,,,,,0.0,한화 이글스,10156
13,윤호솔,21 P,0.0,1,0.0,0.0,0,0,0,0,0,0,0,0,0,0,0,0,0,0,0,0,0,0,0,,,,,,,0.0,한화 이글스,11170
13,김태균,21 DH,0.0,1,0.0,0.0,0,0,0,0,0,0,0,0,0,0,0,0,0,0,0,0,0,0,0,,,,,,,0.0,한화 이글스,10552
13,강재민,21 P,0.0,2,0.0,0.0,0,0,0,0,0,0,0,0,0,0,0,0,0,0,0,0,0,0,0,,,,,,,0.0,한화 이글스,14708
13,김기탁,21 P,0.0,1,0.0,0.0,0,0,0,0,0,0,0,0,0,0,0,0,0,0,0,0,0,0,0,,,,,,,0.0,한화 이글스,12875
13,신정락,21 P,0.0,1,0.0,0.0,0,0,0,0,0,0,0,0,0,0,0,0,0,0,0,0,0,0,0,,,,,,,0.0,한화 이글스,10516
25,강경학,21 SS,-0.01,12,-0.12,0.1,26,26,22,1,3,0,0,0,3,0,1,0,4,0,0,10,0,0,0,0.136,0.269,0.136,0.405,0.021,16.7,-0.01,한화 이글스,10676
26,박상언,21 C,-0.03,1,-0.03,0.0,1,1,1,0,0,0,0,0,0,0,0,0,0,0,0,0,0,0,0,0.0,0.0,0.0,0.0,-0.179,-133.0,-0.03,한화 이글스,12587
27,장규현,21 C,-0.05,7,-0.05,0.0,12,12,12,0,3,1,0,0,4,1,0,0,0,0,0,4,1,0,0,0.25,0.25,0.333,0.583,0.051,45.5,-0.05,한화 이글스,14811
28,정진호,21 RF,-0.18,48,-0.5,0.32,167,162,145,9,33,9,0,0,42,15,4,1,15,1,1,22,5,4,2,0.228,0.301,0.29,0.591,0.07,58.0,-0.18,한화 이글스,10645
29,김현민,21 2B,-0.21,5,-0.29,0.08,12,12,12,0,1,0,0,0,1,0,0,0,0,0,0,4,0,0,0,0.083,0.083,0.083,0.166,-0.111,-95.1,-0.21,한화 이글스,14209
30,정민규,21 2B,-0.23,6,-0.21,-0.02,17,17,16,1,2,1,0,0,3,0,0,0,1,0,0,6,1,0,0,0.125,0.176,0.188,0.364,-0.024,-19.0,-0.23,한화 이글스,14813
31,김지수,21 CF,-0.24,11,-0.34,0.11,25,25,24,0,2,1,0,0,3,0,0,0,1,0,0,14,0,0,0,0.083,0.12,0.125,0.245,-0.064,-53.0,-0.24,한화 이글스,12662
32,이성열,21 RF,-0.26,46,-0.34,0.08,140,140,119,15,25,8,0,2,39,20,1,0,18,1,0,36,2,0,2,0.21,0.314,0.328,0.642,0.091,76.5,-0.26,한화 이글스,10168
33,송호정,21 2B,-0.32,10,-0.15,-0.17,11,11,10,1,0,0,0,0,0,0,0,0,1,0,0,8,0,0,0,0.0,0.091,0.0,0.091,-0.116,-97.2,-0.32,한화 이글스,14812
34,이해창,21 C,-0.38,20,-0.42,0.04,60,57,54,4,9,3,0,0,12,4,0,1,1,1,0,13,0,3,1,0.167,0.193,0.222,0.415,-0.009,-7.5,-0.38,한화 이글스,10391
35,조한민,21 SS,-0.4,52,-0.14,-0.25,145,144,127,15,25,6,2,5,50,18,3,2,13,2,0,57,4,1,2,0.197,0.278,0.394,0.672,0.09,75.6,-0.4,한화 이글스,14210
36,강상원,21 CF,-0.42,35,-0.18,-0.24,49,47,37,7,4,0,0,0,4,2,3,0,9,1,0,11,0,2,0,0.108,0.298,0.108,0.406,0.037,30.5,-0.42,한화 이글스,12564
37,박정현,21 SS,-0.42,33,-0.52,0.1,120,117,107,10,21,4,0,0,25,9,1,0,9,0,0,32,1,3,1,0.196,0.256,0.234,0.49,0.031,25.7,-0.42,한화 이글스,14704
38,장지승,21 LF,-0.44,24,-0.37,-0.07,72,70,61,7,11,1,0,1,15,5,2,0,7,1,0,24,4,2,1,0.18,0.271,0.246,0.517,0.047,39.4,-0.44,한화 이글스,14880
39,백용환,21 C,-0.44,36,-0.19,-0.25,95,93,81,10,12,1,0,4,25,4,0,0,9,3,0,24,4,2,0,0.148,0.258,0.309,0.567,0.061,51.0,-0.44,한화 이글스,10003
40,허관회,21 C,-0.5,28,-0.25,-0.25,79,79,63,4,12,0,0,0,12,2,0,0,13,1,0,22,1,0,2,0.19,0.329,0.19,0.519,0.067,56.0,-0.5,한화 이글스,14204
41,이동훈,21 CF,-0.56,33,-0.43,-0.13,62,58,53,8,10,1,0,0,11,2,2,2,3,2,0,12,2,4,0,0.189,0.259,0.208,0.467,0.027,23.3,-0.56,한화 이글스,12526
42,노태형,21 2B,-0.56,18,-0.47,-0.08,49,49,43,6,5,1,0,0,6,1,0,0,6,0,0,15,0,0,0,0.116,0.224,0.14,0.364,-0.005,-4.4,-0.56,한화 이글스,11269
43,이도윤,21 3B,-0.57,56,-0.51,-0.06,68,67,63,5,11,0,0,0,11,2,1,2,4,0,0,18,1,1,0,0.175,0.224,0.175,0.399,-0.004,-3.2,-0.57,한화 이글스,11414
44,유로결,21 LF,-0.88,34,-0.82,-0.07,112,110,98,11,14,5,0,1,22,7,2,1,8,2,0,39,2,2,2,0.143,0.218,0.224,0.442,0.011,8.9,-0.88,한화 이글스,14126
45,이원석,21 CF,-0.99,43,-0.76,-0.23,130,126,114,12,20,1,1,1,26,9,4,2,8,2,0,43,1,4,2,0.175,0.238,0.228,0.466,0.021,17.0,-0.99,한화 이글스,13138
46,임종찬,21 RF,-1.32,42,-1.1,-0.22,146,144,131,9,20,5,0,1,28,8,0,1,12,1,0,49,2,2,0,0.153,0.229,0.214,0.443,0.014,11.8,-1.32,한화 이글스,14706
1,홍창기,21 CF,6.92,144,7.02,-0.1,651,647,524,103,172,26,2,4,214,52,23,8,109,16,4,95,6,0,2,0.328,0.456,0.408,0.864,0.19,164.4,6.92,LG 트윈스,12546
2,김현수,21 LF,3.34,140,3.53,-0.19,595,592,506,70,144,23,1,17,220,96,3,0,77,3,5,42,7,0,9,0.285,0.376,0.435,0.811,0.153,132.2,3.34,LG 트윈스,10187
3,오지환,21 SS,3.18,134,2.48,0.7,532,528,464,62,118,19,2,8,165,57,12,6,54,5,0,82,11,4,5,0.254,0.335,0.356,0.691,0.109,94.6,3.18,LG 트윈스,10475
4,채은성,21 RF,2.33,110,2.54,-0.21,448,446,387,59,107,20,0,16,175,82,4,2,38,16,2,80,9,0,7,0.276,0.359,0.452,0.811,0.148,128.9,2.33,LG 트윈스,11215
5,유강남,21 C,2.17,130,2.17,0.0,441,437,397,39,100,16,0,11,149,60,2,0,25,14,1,75,11,3,2,0.252,0.317,0.375,0.692,0.105,90.9,2.17,LG 트윈스,10753
6,김민성,21 3B,1.41,121,0.78,0.63,426,415,360,35,80,22,0,8,126,39,3,3,42,8,2,73,7,11,5,0.222,0.313,0.35,0.663,0.097,83.9,1.41,LG 트윈스,10238
7,문보경,21 1B,1.28,107,0.84,0.44,329,326,278,37,64,11,1,8,101,39,3,1,46,0,1,64,5,3,2,0.23,0.337,0.363,0.7,0.115,99.6,1.28,LG 트윈스,14137
8,서건창,21 2B,0.99,68,0.77,0.22,267,263,235,33,58,12,1,2,78,24,6,0,24,3,0,34,5,4,1,0.247,0.323,0.332,0.655,0.096,83.5,0.99,LG 트윈스,10855
9,이재원,21 RF,0.71,62,0.33,0.38,171,171,154,22,38,6,0,5,59,17,5,1,14,2,0,48,2,0,1,0.247,0.316,0.383,0.699,0.106,92.4,0.71,LG 트윈스,13104
10,라모스,21 1B,0.6,51,0.6,0.0,205,205,185,14,45,7,1,8,78,25,0,0,18,2,0,43,2,0,0,0.243,0.317,0.422,0.739,0.119,103.5,0.6,LG 트윈스,14592
11,정주현,21 2B,0.6,73,0.58,0.01,214,205,181,26,43,7,1,3,61,10,3,3,24,0,0,32,4,9,0,0.238,0.327,0.337,0.664,0.101,87.3,0.6,LG 트윈스,10480
12,이형종,21 RF,0.51,90,0.96,-0.45,281,280,239,32,52,11,0,10,93,34,3,1,34,7,1,65,10,1,0,0.218,0.332,0.389,0.721,0.121,104.4,0.51,LG 트윈스,12516
13,김용의,21 1B,0.35,102,0.12,0.23,41,37,27,19,4,2,0,0,6,2,6,0,9,0,0,5,1,4,1,0.148,0.351,0.222,0.573,0.093,79.9,0.35,LG 트윈스,10466
14,문성주,21 CF,0.12,31,-0.15,0.28,89,89,79,11,18,1,0,1,22,10,1,1,7,2,0,15,1,0,1,0.228,0.303,0.278,0.581,0.07,59.7,0.12,LG 트윈스,13112
15,한석현,21 LF,0.06,16,0.16,-0.09,26,26,21,5,6,2,1,0,10,1,2,0,3,1,0,7,1,0,1,0.286,0.385,0.476,0.861,0.163,144.8,0.06,LG 트윈스,13250
16,이영빈,21 SS,0.02,72,0.17,-0.15,169,167,148,21,36,9,0,2,51,16,6,3,15,3,0,51,1,2,1,0.243,0.323,0.345,0.668,0.1,85.4,0.02,LG 트윈스,14783
17,최민창,21 LF,0.0,3,-0.05,0.05,2,2,2,0,0,0,0,0,0,0,0,0,0,0,0,0,0,0,0,0.0,0.0,0.0,0.0,-0.179,-166.5,0.0,LG 트윈스,11351
18,김대유,21 P,0.0,0,0.0,0.0,0,0,0,0,0,0,0,0,0,0,0,0,0,0,0,0,0,0,0,,,,,,,0.0,LG 트윈스,10706
18,진해수,21 P,0.0,2,0.0,0.0,0,0,0,0,0,0,0,0,0,0,0,0,0,0,0,0,0,0,0,,,,,,,0.0,LG 트윈스,10075
18,이정용,21 P,0.0,1,0.0,0.0,0,0,0,0,0,0,0,0,0,0,0,0,0,0,0,0,0,0,0,,,,,,,0.0,LG 트윈스,14134
18,최성훈,21 P,0.0,5,0.0,0.0,0,0,0,0,0,0,0,0,0,0,0,0,0,0,0,0,0,0,0,,,,,,,0.0,LG 트윈스,10851
18,류원석,21 P,0.0,1,0.0,0.0,0,0,0,0,0,0,0,0,0,0,0,0,0,0,0,0,0,0,0,,,,,,,0.0,LG 트윈스,13251
18,이찬혁,21 P,0.0,1,0.0,0.0,0,0,0,0,0,0,0,0,0,0,0,0,0,0,0,0,0,0,0,,,,,,,0.0,LG 트윈스,12909
18,채지선,21 P,0.0,4,0.0,0.0,0,0,0,0,0,0,0,0,0,0,0,0,0,0,0,0,0,0,0,,,,,,,0.0,LG 트윈스,11387
18,이우찬,21 P,0.0,1,0.0,0.0,0,0,0,0,0,0,0,0,0,0,0,0,0,0,0,0,0,0,0,,,,,,,0.0,LG 트윈스,10749
18,고우석,21 P,0.0,5,0.0,0.0,0,0,0,0,0,0,0,0,0,0,0,0,0,0,0,0,0,0,0,,,,,,,0.0,LG 트윈스,12907
18,이상규,21 P,0.0,3,0.0,0.0,0,0,0,0,0,0,0,0,0,0,0,0,0,0,0,0,0,0,0,,,,,,,0.0,LG 트윈스,13245
18,김지용,21 P,0.0,1,0.0,0.0,0,0,0,0,0,0,0,0,0,0,0,0,0,0,0,0,0,0,0,,,,,,,0.0,LG 트윈스,10747
18,김진수,21 P,0.0,1,0.0,0.0,0,0,0,0,0,0,0,0,0,0,0,0,0,0,0,0,0,0,0,,,,,,,0.0,LG 트윈스,14781
18,이상영,21 P,0.0,3,0.0,0.0,0,0,0,0,0,0,0,0,0,0,0,0,0,0,0,0,0,0,0,,,,,,,0.0,LG 트윈스,14135
31,신민재,21 CF,-0.03,32,-0.05,0.02,27,27,23,8,3,0,0,0,3,2,2,1,4,0,0,6,0,0,0,0.13,0.259,0.13,0.389,0.014,12.0,-0.03,LG 트윈스,13056
32,장준원,21 3B,-0.05,5,-0.08,0.03,3,3,3,0,0,0,0,0,0,0,0,0,0,0,0,0,0,0,0,0.0,0.0,0.0,0.0,-0.179,-157.2,-0.05,LG 트윈스,11214
33,이주형,21 2B,-0.07,14,-0.16,0.09,19,18,16,3,2,0,0,0,2,0,2,1,1,1,0,7,0,1,0,0.125,0.222,0.125,0.347,-0.011,-9.7,-0.07,LG 트윈스,14591
34,이상호,21 2B,-0.1,45,0.0,-0.1,68,66,65,5,20,2,0,0,22,12,2,1,1,0,0,10,2,2,0,0.308,0.318,0.338,0.656,0.088,77.2,-0.1,LG 트윈스,11147
35,구본혁,21 3B,-0.11,123,-0.32,0.21,45,44,38,10,5,2,0,0,7,3,0,0,3,1,0,7,0,1,2,0.132,0.205,0.184,0.389,-0.009,-7.6,-0.11,LG 트윈스,14140
36,이성우,21 C,-0.12,36,-0.19,0.07,39,34,33,0,7,0,0,0,7,2,0,0,1,0,0,8,1,5,0,0.212,0.235,0.212,0.447,0.009,8.2,-0.12,LG 트윈스,10004
37,김주성,21 2B,-0.15,3,0.12,-0.27,7,7,6,1,1,0,0,1,4,1,0,0,1,0,0,3,0,0,0,0.167,0.286,0.667,0.953,0.175,159.5,-0.15,LG 트윈스,12545
38,김호은,21 1B,-0.2,7,-0.24,0.04,9,9,9,0,0,0,0,0,0,0,0,0,0,0,0,4,0,0,0,0.0,0.0,0.0,0.0,-0.179,-151.4,-0.2,LG 트윈스,12554
39,김재성,21 C,-0.26,58,-0.32,0.06,73,72,65,6,9,2,1,1,16,3,1,0,5,1,0,13,2,1,1,0.138,0.208,0.246,0.454,0.011,9.9,-0.26,LG 트윈스,11344
40,손호영,21 3B,-0.29,8,-0.09,-0.2,12,12,10,2,1,0,0,0,1,0,0,0,1,1,0,2,0,0,0,0.1,0.25,0.1,0.35,0.005,4.1,-0.29,LG 트윈스,14590
41,안익훈,21 CF,-0.38,48,-0.11,-0.27,16,16,14,4,2,1,0,0,3,1,0,0,0,2,0,2,1,0,0,0.143,0.25,0.214,0.464,0.03,25.6,-0.38,LG 트윈스,11347
42,이천웅,21 CF,-0.41,68,-0.34,-0.07,211,210,181,20,36,7,0,2,49,16,3,2,25,3,0,23,11,1,1,0.199,0.305,0.271,0.576,0.073,62.6,-0.41,LG 트윈스,10935
43,보어,21 1B,-0.58,32,-0.49,-0.09,117,117,100,7,17,2,0,3,28,17,0,0,11,3,0,30,2,0,3,0.17,0.265,0.28,0.545,0.053,46.5,-0.58,LG 트윈스,14988
1,전준우,21 LF,3.89,144,4.4,-0.51,619,618,552,88,192,46,0,7,259,92,6,3,53,5,0,71,10,1,8,0.348,0.405,0.469,0.874,0.173,134.6,3.89,롯데 자이언츠,10266
2,마차도,21 SS,3.53,134,2.77,0.76,539,535,466,83,130,21,1,5,168,58,8,5,58,4,1,65,9,4,7,0.279,0.359,0.361,0.72,0.121,94.6,3.53,롯데 자이언츠,14629
3,한동희,21 3B,3.0,129,2.8,0.2,496,494,424,54,113,24,0,17,188,69,0,1,61,6,1,95,21,1,4,0.267,0.364,0.443,0.807,0.151,118.4,3.0,롯데 자이언츠,13145
4,안치홍,21 2B,2.92,119,3.52,-0.61,490,484,421,58,129,30,2,10,193,82,3,6,52,3,2,58,10,5,9,0.306,0.379,0.458,0.837,0.156,122.3,2.92,롯데 자이언츠,10014
5,정훈,21 1B,2.66,135,2.62,0.04,561,553,486,70,142,27,1,14,213,79,8,1,68,3,8,89,6,1,3,0.292,0.38,0.438,0.818,0.157,122.2,2.66,롯데 자이언츠,10253
6,손아섭,21 RF,2.57,139,2.91,-0.34,610,605,542,88,173,29,2,3,215,58,11,6,61,3,3,67,15,3,1,0.319,0.39,0.397,0.787,0.147,114.7,2.57,롯데 자이언츠,10261
7,안중열,21 C,1.12,58,0.78,0.34,157,154,125,19,29,5,0,3,43,16,0,0,27,1,0,25,1,3,1,0.232,0.37,0.344,0.714,0.116,90.4,1.12,롯데 자이언츠,11329
8,지시완,21 C,0.88,73,0.91,-0.03,187,185,166,23,40,9,0,7,70,26,0,0,14,5,0,54,6,2,0,0.241,0.319,0.422,0.741,0.121,95.0,0.88,롯데 자이언츠,11413
9,추재현,21 RF,0.77,95,0.61,0.16,300,295,262,37,66,15,0,5,96,26,4,3,26,7,0,57,3,5,0,0.252,0.336,0.366,0.702,0.113,87.9,0.77,롯데 자이언츠,13094
10,이대호,21 DH,0.69,114,0.94,-0.25,465,463,420,39,120,11,0,19,188,81,0,0,34,5,3,50,12,0,6,0.286,0.342,0.448,0.79,0.138,106.9,0.69,롯데 자이언츠,10251
11,김준태,21 C,0.44,47,0.54,-0.1,131,131,111,17,23,5,0,4,40,15,0,0,17,1,0,35,2,0,2,0.207,0.313,0.36,0.673,0.101,77.5,0.44,롯데 자이언츠,10835
12,김민수,21 3B,0.38,82,0.33,0.05,224,221,199,19,48,11,1,3,70,25,0,0,18,3,0,62,4,3,1,0.241,0.312,0.352,0.664,0.095,74.6,0.38,롯데 자이언츠,12931
13,김재유,21 CF,0.14,87,0.55,-0.41,192,188,174,27,50,8,0,1,61,18,7,0,10,4,0,36,1,4,0,0.287,0.34,0.351,0.691,0.108,84.4,0.14,롯데 자이언츠,11483
14,이호연,21 2B,0.12,7,-0.09,0.21,11,11,9,0,2,0,0,0,2,1,0,0,1,0,0,1,1,0,1,0.222,0.273,0.222,0.495,0.032,24.8,0.12,롯데 자이언츠,13151
15,손성빈,21 C,0.12,20,0.17,-0.05,22,22,19,4,6,0,0,0,6,0,0,0,3,0,0,6,0,0,0,0.316,0.409,0.316,0.725,0.137,103.0,0.12,롯데 자이언츠,14796
16,김주현,21 1B,0.05,8,-0.1,0.14,17,17,16,1,4,0,0,0,4,0,0,0,1,0,0,6,0,0,0,0.25,0.294,0.25,0.544,0.054,44.1,0.05,롯데 자이언츠,12570
17,이병규,21 1B,0.01,29,0.12,-0.11,43,43,34,4,8,0,0,0,8,4,0,0,8,1,0,14,2,0,0,0.235,0.395,0.235,0.63,0.117,88.7,0.01,롯데 자이언츠,10477
18,강윤구,21 P,0.0,1,0.0,0.0,0,0,0,0,0,0,0,0,0,0,0,0,0,0,0,0,0,0,0,,,,,,,0.0,롯데 자이언츠,10423
18,이인복,21 P,0.0,1,0.0,0.0,0,0,0,0,0,0,0,0,0,0,0,0,0,0,0,0,0,0,0,,,,,,,0.0,롯데 자이언츠,11232
18,나균안,21 P,0.0,1,0.0,0.0,0,0,0,0,0,0,0,0,0,0,0,0,0,0,0,0,0,0,0,,,,,,,0.0,롯데 자이언츠,12930
18,김유영,21 P,0.0,2,0.0,0.0,0,0,0,0,0,0,0,0,0,0,0,0,0,0,0,0,0,0,0,,,,,,,0.0,롯데 자이언츠,11229
18,한승혁,21 P,0.0,0,0.0,0.0,0,0,0,0,0,0,0,0,0,0,0,0,0,0,0,0,0,0,0,,,,,,,0.0,롯데 자이언츠,12590
18,김원중,21 P,0.0,3,0.0,0.0,0,0,0,0,0,0,0,0,0,0,0,0,0,0,0,0,0,0,0,,,,,,,0.0,롯데 자이언츠,10825
18,박세웅,21 P,0.0,0,0.0,0.0,0,0,0,0,0,0,0,0,0,0,0,0,0,0,0,0,0,0,0,,,,,,,0.0,롯데 자이언츠,11310
18,송재영,21 P,0.0,1,0.0,0.0,0,0,0,0,0,0,0,0,0,0,0,0,0,0,0,0,0,0,0,,,,,,,0.0,롯데 자이언츠,14794
18,오현택,21 P,0.0,1,0.0,0.0,0,0,0,0,0,0,0,0,0,0,0,0,0,0,0,0,0,0,0,,,,,,,0.0,롯데 자이언츠,10210
27,최종은,21 2B,0.0,1,-0.02,0.02,1,1,1,0,0,0,0,0,0,0,0,0,0,0,0,1,0,0,0,0.0,0.0,0.0,0.0,-0.179,-166.5,0.0,롯데 자이언츠,14820
28,나원탁,21 P,-0.02,1,-0.02,0.0,1,1,1,0,0,0,0,0,0,0,0,0,0,0,0,1,0,0,0,0.0,0.0,0.0,0.0,-0.179,-137.5,-0.02,롯데 자이언츠,12935
29,정보근,21 C,-0.14,11,-0.02,-0.12,20,20,18,0,5,0,0,0,5,0,0,1,2,0,0,2,1,0,0,0.278,0.35,0.278,0.628,0.094,78.1,-0.14,롯데 자이언츠,13154
30,오윤석,21 2B,-0.16,33,0.07,-0.22,76,76,69,9,16,7,0,2,29,5,2,0,7,0,1,21,2,0,0,0.232,0.303,0.42,0.723,0.112,85.4,-0.16,롯데 자이언츠,11397
31,이주찬,21 2B,-0.16,3,-0.19,0.03,8,7,7,0,0,0,0,0,0,0,0,0,0,0,0,5,0,1,0,0.0,0.0,0.0,0.0,-0.179,-130.6,-0.16,롯데 자이언츠,14819
32,강로한,21 CF,-0.2,21,-0.19,-0.02,35,35,33,7,4,0,0,2,10,4,0,0,2,0,0,18,0,0,0,0.121,0.171,0.303,0.474,0.01,7.3,-0.2,롯데 자이언츠,11389
33,장두성,21 RF,-0.27,43,0.13,-0.39,41,41,36,12,8,2,1,0,12,4,4,2,5,0,0,12,0,0,0,0.222,0.317,0.333,0.65,0.095,72.1,-0.27,롯데 자이언츠,13155
34,신용수,21 RF,-0.34,71,0.3,-0.64,136,134,119,23,31,5,2,1,43,6,3,1,11,3,0,20,2,2,1,0.261,0.336,0.361,0.697,0.11,87.3,-0.34,롯데 자이언츠,14169
35,강태율,21 C,-0.35,19,-0.25,-0.1,31,31,26,1,2,1,0,1,6,5,0,1,4,0,0,10,1,0,1,0.077,0.194,0.231,0.425,0.004,3.2,-0.35,롯데 자이언츠,11388
36,나승엽,21 3B,-0.36,60,-0.39,0.03,128,128,113,16,23,2,0,2,31,10,1,0,14,0,0,33,1,0,1,0.204,0.289,0.274,0.563,0.063,50.0,-0.36,롯데 자이언츠,14797
37,배성근,21 SS,-0.49,78,0.18,-0.66,109,107,93,21,19,4,0,1,26,9,1,0,14,0,0,36,1,2,0,0.204,0.308,0.28,0.588,0.077,59.1,-0.49,롯데 자이언츠,13279
38,최민재,21 LF,-0.56,21,-0.4,-0.16,27,27,25,2,2,1,0,0,3,2,2,0,2,0,0,8,1,0,0,0.08,0.148,0.12,0.268,-0.056,-45.0,-0.56,롯데 자이언츠,13004
39,민병헌,21 CF,-0.6,14,-0.23,-0.37,49,48,42,5,8,3,0,0,11,2,0,1,6,0,0,11,2,1,0,0.19,0.292,0.262,0.554,0.061,47.2,-0.6,롯데 자이언츠,10188
1,김선빈,21 2B,2.94,130,3.41,-0.47,564,561,501,55,154,32,0,5,201,67,0,0,56,1,2,39,19,1,5,0.307,0.375,0.401,0.776,0.141,115.0,2.94,KIA 타이거즈,10008
2,최원준,21 CF,2.94,143,2.84,0.11,668,664,589,82,174,21,6,4,219,44,40,13,61,11,0,68,7,4,3,0.295,0.37,0.372,0.742,0.131,107.0,2.94,KIA 타이거즈,12534
3,류지혁,21 SS,1.69,92,1.16,0.53,327,324,273,37,76,8,0,2,90,34,0,0,42,7,1,46,7,2,3,0.278,0.385,0.33,0.715,0.13,106.4,1.69,KIA 타이거즈,10894
4,박찬호,21 SS,1.54,131,1.4,0.14,483,475,418,51,103,15,5,1,131,59,9,4,54,0,0,73,11,8,3,0.246,0.331,0.313,0.644,0.095,77.2,1.54,KIA 타이거즈,11261
5,최형우,21 DH,1.13,104,1.07,0.06,446,439,373,52,87,15,1,12,140,55,0,0,67,4,10,67,9,0,2,0.233,0.354,0.375,0.729,0.129,105.8,1.13,KIA 타이거즈,10344
6,한승택,21 C,1.05,82,0.74,0.3,239,234,203,17,44,7,0,3,60,16,0,0,28,3,0,61,6,5,0,0.217,0.321,0.296,0.617,0.088,72.1,1.05,KIA 타이거즈,11119
7,김민식,21 C,0.82,100,1.04,-0.22,301,298,250,30,55,8,0,3,72,26,0,0,41,4,1,49,2,3,3,0.22,0.336,0.288,0.624,0.094,76.5,0.82,KIA 타이거즈,10707
8,김호령,21 CF,0.64,62,0.31,0.33,154,152,130,16,27,2,0,4,41,15,4,1,16,6,0,44,2,2,0,0.208,0.322,0.315,0.637,0.096,78.4,0.64,KIA 타이거즈,11298
9,이창진,21 CF,0.35,105,-0.24,0.59,293,289,249,35,52,8,1,3,71,33,5,0,36,1,0,54,10,4,3,0.209,0.308,0.285,0.593,0.077,62.9,0.35,KIA 타이거즈,11233
10,이진영,21 RF,0.28,17,0.21,0.07,47,47,40,8,8,2,1,2,18,5,1,0,3,4,0,22,0,0,0,0.2,0.319,0.45,0.769,0.131,106.5,0.28,KIA 타이거즈,12539
11,최정민,21 2B,0.27,39,0.15,0.12,19,19,15,5,5,0,0,0,5,1,2,3,3,1,0,7,1,0,0,0.333,0.474,0.333,0.807,0.181,147.9,0.27,KIA 타이거즈,10808
12,터커,21 RF,0.24,127,0.5,-0.25,539,539,468,42,111,24,1,9,164,59,0,0,61,8,1,66,12,0,2,0.237,0.334,0.35,0.684,0.109,89.0,0.24,KIA 타이거즈,14224
13,김태진,21 3B,0.12,99,0.28,-0.16,414,408,381,43,105,12,5,1,130,36,8,5,23,0,1,64,7,6,4,0.276,0.314,0.341,0.655,0.089,72.2,0.12,KIA 타이거즈,11244
14,박정우,21 CF,0.06,32,-0.06,0.12,61,60,48,3,9,1,0,0,10,4,0,2,10,2,0,8,2,1,0,0.188,0.35,0.208,0.558,0.087,69.6,0.06,KIA 타이거즈,12869
15,이정훈,21 C,0.06,41,0.13,-0.07,151,151,129,14,32,6,0,2,44,14,0,0,19,3,0,33,3,0,0,0.248,0.358,0.341,0.699,0.12,96.8,0.06,KIA 타이거즈,12916
16,강경학,21 SS,0.01,13,-0.02,0.03,13,13,11,2,2,0,0,0,2,1,0,0,1,1,0,3,0,0,0,0.182,0.308,0.182,0.49,0.053,44.2,0.01,KIA 타이거즈,10676
17,이준영,21 P,0.0,0,0.0,0.0,0,0,0,0,0,0,0,0,0,0,0,0,0,0,0,0,0,0,0,,,,,,,0.0,KIA 타이거즈,11303
17,이의리,21 P,0.0,0,0.0,0.0,0,0,0,0,0,0,0,0,0,0,0,0,0,0,0,0,0,0,0,,,,,,,0.0,KIA 타이거즈,14788
17,정해영,21 P,0.0,3,0.0,0.0,0,0,0,0,0,0,0,0,0,0,0,0,0,0,0,0,0,0,0,,,,,,,0.0,KIA 타이거즈,14608
17,장현식,21 P,0.0,1,0.0,0.0,0,0,0,0,0,0,0,0,0,0,0,0,0,0,0,0,0,0,0,,,,,,,0.0,KIA 타이거즈,11164
21,이우성,21 LF,-0.04,65,-0.22,0.18,100,99,85,12,17,5,0,0,22,4,2,1,13,0,0,17,2,1,1,0.2,0.303,0.259,0.562,0.067,55.0,-0.04,KIA 타이거즈,11099
22,최정용,21 2B,-0.05,53,-0.23,0.18,65,62,52,7,10,1,0,0,11,2,2,0,9,0,0,16,1,3,1,0.192,0.306,0.212,0.518,0.058,48.0,-0.05,KIA 타이거즈,11407
23,유민상,21 1B,-0.05,24,0.1,-0.16,74,74,60,7,14,2,0,1,19,6,0,0,8,6,0,18,1,0,0,0.233,0.378,0.317,0.695,0.128,102.3,-0.05,KIA 타이거즈,10895
24,백용환,21 C,-0.06,3,-0.06,0.0,7,7,5,0,0,0,0,0,0,0,0,0,2,0,0,2,0,0,0,0.0,0.286,0.0,0.286,0.017,14.4,-0.06,KIA 타이거즈,10003
25,오정환,21 2B,-0.16,9,0.0,-0.16,18,18,17,1,4,1,0,0,5,2,0,0,1,0,0,9,0,0,0,0.235,0.278,0.294,0.572,0.058,47.6,-0.16,KIA 타이거즈,13117
26,김석환,21 1B,-0.21,5,0.0,-0.21,20,20,19,1,5,0,0,1,8,3,0,0,0,1,0,7,0,0,0,0.263,0.3,0.421,0.721,0.109,84.1,-0.21,KIA 타이거즈,12917
27,김규성,21 2B,-0.22,54,-0.28,0.06,41,41,36,8,5,1,0,0,6,2,0,1,5,0,0,17,0,0,0,0.139,0.244,0.167,0.411,0.012,9.8,-0.22,KIA 타이거즈,12540
28,권혁경,21 C,-0.24,5,-0.18,-0.07,18,18,18,1,4,0,0,0,4,0,0,0,0,0,0,6,2,0,0,0.222,0.222,0.222,0.444,0.002,2.0,-0.24,KIA 타이거즈,14790
29,박민,21 2B,-0.29,18,-0.28,-0.01,38,38,35,3,6,1,0,0,7,3,0,1,2,1,0,10,1,0,0,0.171,0.237,0.2,0.437,0.013,10.5,-0.29,KIA 타이거즈,14611
30,나주환,21 3B,-0.3,19,-0.49,0.19,32,32,31,0,5,0,0,0,5,3,0,0,0,0,0,12,2,0,1,0.161,0.156,0.161,0.317,-0.051,-41.6,-0.3,KIA 타이거즈,10092
31,황윤호,21 3B,-0.31,6,-0.09,-0.21,19,19,17,2,3,0,0,0,3,0,0,0,1,1,0,3,1,0,0,0.176,0.263,0.176,0.439,0.023,18.2,-0.31,KIA 타이거즈,11363
32,오선우,21 RF,-0.35,9,-0.31,-0.04,16,16,15,1,1,0,0,0,1,0,0,0,1,0,0,9,0,0,0,0.067,0.125,0.067,0.192,-0.085,-70.7,-0.35,KIA 타이거즈,14181
33,나지완,21 LF,-0.78,31,-0.3,-0.47,102,102,81,3,13,1,0,0,14,7,0,0,14,6,0,29,3,0,1,0.16,0.324,0.173,0.497,0.064,53.0,-0.78,KIA 타이거즈,10030
34,황대인,21 3B,-0.78,86,-0.38,-0.4,308,307,282,30,67,10,1,13,118,45,0,0,18,2,0,62,8,1,5,0.238,0.283,0.418,0.701,0.098,79.7,-0.78,KIA 타이거즈,11306
1,강백호,21 1B,6.8,142,6.72,0.08,627,620,516,76,179,40,1,16,269,102,10,5,103,0,10,85,7,0,8,0.347,0.45,0.521,0.971,0.212,168.7,6.8,KT 위즈,13168
2,배정대,21 CF,2.92,144,2.56,0.37,595,590,510,85,132,23,1,12,193,68,19,7,65,12,2,132,9,3,5,0.259,0.353,0.378,0.731,0.128,102.0,2.92,KT 위즈,11212
3,황재균,21 3B,2.83,117,2.41,0.41,507,505,453,74,132,16,2,10,182,56,11,4,46,3,1,92,11,1,4,0.291,0.358,0.402,0.76,0.135,107.9,2.83,KT 위즈,10407
4,심우준,21 SS,2.32,139,1.87,0.45,460,449,407,61,109,20,2,6,151,48,16,6,32,4,0,65,2,10,6,0.268,0.323,0.371,0.694,0.102,81.0,2.32,KT 위즈,11334
5,유한준,21 RF,1.69,104,1.92,-0.23,337,336,282,30,87,16,0,5,118,42,1,0,44,7,5,34,12,0,4,0.309,0.409,0.418,0.827,0.169,135.2,1.69,KT 위즈,10627
6,장성우,21 C,1.61,127,1.85,-0.24,460,450,385,46,89,13,0,14,144,63,1,2,60,3,3,69,16,9,3,0.231,0.337,0.374,0.711,0.117,93.8,1.61,KT 위즈,10235
7,오윤석,21 2B,1.49,64,0.77,0.72,122,117,95,14,24,4,0,2,34,11,2,0,20,2,0,26,2,5,0,0.253,0.393,0.358,0.751,0.141,113.3,1.49,KT 위즈,11397
8,김민혁,21 LF,1.06,75,1.15,-0.08,199,194,172,22,55,6,2,1,68,13,6,3,20,2,0,26,3,5,0,0.32,0.397,0.395,0.792,0.155,121.7,1.06,KT 위즈,11339
9,송민섭,21 LF,1.01,122,0.47,0.55,65,60,48,39,11,0,0,0,11,7,15,1,12,0,0,22,0,5,0,0.229,0.383,0.229,0.612,0.108,85.9,1.01,KT 위즈,11342
10,호잉,21 RF,1.0,68,0.59,0.42,294,292,259,32,62,11,1,11,108,52,5,2,26,4,2,52,2,0,5,0.239,0.313,0.417,0.73,0.115,91.8,1.0,KT 위즈,13069
11,김병희,21 3B,0.76,34,1.18,-0.42,70,68,52,16,15,3,0,5,33,13,3,0,13,3,0,15,0,2,0,0.288,0.456,0.635,1.091,0.249,196.7,0.76,KT 위즈,11330
12,허도환,21 C,0.66,62,0.59,0.07,125,115,105,8,29,6,0,2,41,21,0,0,8,2,0,28,3,10,0,0.276,0.339,0.39,0.729,0.125,100.2,0.66,KT 위즈,10684
13,신본기,21 SS,0.43,96,0.06,0.37,206,201,174,25,41,8,0,1,52,19,1,2,22,4,0,45,6,5,1,0.236,0.333,0.299,0.632,0.091,72.0,0.43,KT 위즈,10840
14,권동진,21 2B,0.32,86,0.56,-0.24,86,85,67,21,17,5,0,1,25,6,3,3,18,0,0,30,0,1,0,0.254,0.412,0.373,0.785,0.16,127.4,0.32,KT 위즈,14777
15,알몬테,21 LF,0.17,60,0.41,-0.24,250,250,225,18,61,9,0,7,91,36,1,0,22,1,0,50,9,0,2,0.271,0.336,0.404,0.74,0.122,96.8,0.17,KT 위즈,14752
16,박경수,21 2B,0.09,118,0.23,-0.14,280,276,239,24,46,10,0,9,83,33,0,1,34,3,2,76,7,4,0,0.192,0.301,0.347,0.648,0.092,73.6,0.09,KT 위즈,10469
17,고영표,21 P,0.04,1,0.04,0.0,1,1,0,0,0,0,0,0,0,0,0,0,1,0,0,0,0,0,0,,1.0,,,0.508,392.0,0.04,KT 위즈,11308
18,문상철,21 1B,0.03,53,-0.12,0.15,106,106,96,14,21,6,0,2,33,16,2,0,8,2,0,33,1,0,0,0.219,0.292,0.344,0.636,0.084,66.6,0.03,KT 위즈,11333
19,고명성,21 2B,0.0,7,-0.02,0.02,1,1,1,1,0,0,0,0,0,0,0,0,0,0,0,0,0,0,0,0.0,0.0,0.0,0.0,-0.179,-137.9,0.0,KT 위즈,13171
20,이창재,21 P,0.0,1,0.0,0.0,0,0,0,0,0,0,0,0,0,0,0,0,0,0,0,0,0,0,0,,,,,,,0.0,KT 위즈,11320
20,박시영,21 P,0.0,3,0.0,0.0,0,0,0,0,0,0,0,0,0,0,0,0,0,0,0,0,0,0,0,,,,,,,0.0,KT 위즈,10737
20,김민수,21 P,0.0,6,0.0,0.0,0,0,0,0,0,0,0,0,0,0,0,0,0,0,0,0,0,0,0,,,,,,,0.0,KT 위즈,11317
20,데스파이네,21 P,0.0,0,0.0,0.0,0,0,0,0,0,0,0,0,0,0,0,0,0,0,0,0,0,0,0,,,,,,,0.0,KT 위즈,14602
20,이대은,21 P,0.0,1,0.0,0.0,0,0,0,0,0,0,0,0,0,0,0,0,0,0,0,0,0,0,0,,,,,,,0.0,KT 위즈,11907
20,하준호,21 P,0.0,2,0.0,0.0,0,0,0,0,0,0,0,0,0,0,0,0,0,0,0,0,0,0,0,,,,,,,0.0,KT 위즈,10304
20,조현우,21 P,0.0,3,0.0,0.0,0,0,0,0,0,0,0,0,0,0,0,0,0,0,0,0,0,0,0,,,,,,,0.0,KT 위즈,11316
20,김재윤,21 P,0.0,8,0.0,0.0,0,0,0,0,0,0,0,0,0,0,0,0,0,0,0,0,0,0,0,,,,,,,0.0,KT 위즈,11489
20,심재민,21 P,0.0,3,0.0,0.0,0,0,0,0,0,0,0,0,0,0,0,0,0,0,0,0,0,0,0,,,,,,,0.0,KT 위즈,11311
20,유원상,21 P,0.0,1,0.0,0.0,0,0,0,0,0,0,0,0,0,0,0,0,0,0,0,0,0,0,0,,,,,,,0.0,KT 위즈,10604
20,안영명,21 P,0.0,1,0.0,0.0,0,0,0,0,0,0,0,0,0,0,0,0,0,0,0,0,0,0,0,,,,,,,0.0,KT 위즈,10600
31,천성호,21 2B,0.0,41,0.11,-0.11,47,47,42,13,12,1,0,0,13,4,1,0,3,2,0,9,0,0,0,0.286,0.362,0.31,0.672,0.11,87.9,0.0,KT 위즈,14606
32,강민국,21 2B,-0.05,18,-0.09,0.04,50,48,45,2,11,2,0,0,13,4,0,0,3,0,0,6,1,2,0,0.244,0.292,0.289,0.581,0.05,40.8,-0.05,KT 위즈,11243
33,홍현빈,21 LF,-0.12,43,-0.33,0.21,12,11,11,8,2,0,0,0,2,0,0,1,0,0,0,8,0,1,0,0.182,0.182,0.182,0.364,-0.03,-25.0,-0.12,KT 위즈,12941
34,김건형,21 LF,-0.16,11,-0.05,-0.11,39,38,33,4,7,1,0,0,8,0,1,0,6,0,1,6,0,0,0,0.212,0.333,0.242,0.575,0.075,61.6,-0.16,KT 위즈,14779
35,박승욱,21 2B,-0.19,8,0.05,-0.24,6,6,6,5,2,1,0,0,3,0,1,0,0,0,0,1,0,0,0,0.333,0.333,0.5,0.833,0.145,113.5,-0.19,KT 위즈,10804
36,김준태,21 C,-0.23,11,-0.22,-0.02,18,18,17,0,2,0,0,0,2,0,0,0,1,0,0,5,1,0,0,0.118,0.167,0.118,0.285,-0.05,-43.0,-0.23,KT 위즈,10835
37,김태훈,21 1B,-0.42,44,-0.31,-0.11,91,90,87,6,20,4,1,1,29,6,1,0,2,1,0,19,1,1,0,0.23,0.256,0.333,0.589,0.057,45.0,-0.42,KT 위즈,11336
38,조용호,21 LF,-0.43,138,0.04,-0.47,515,510,428,71,101,14,1,0,117,48,12,9,74,3,0,85,8,5,5,0.236,0.349,0.273,0.622,0.096,76.6,-0.43,KT 위즈,12943
39,이홍구,21 C,-0.47,37,-0.59,0.12,58,58,55,4,9,0,0,1,12,5,0,0,2,0,1,28,4,0,1,0.164,0.19,0.218,0.408,-0.011,-8.4,-0.47,KT 위즈,11071
1,구자욱,21 RF,4.75,139,4.24,0.5,610,609,543,107,166,30,10,22,282,88,27,4,48,6,3,98,9,1,12,0.306,0.361,0.519,0.88,0.166,129.8,4.75,삼성 라이온즈,10892
2,강민호,21 C,3.94,123,3.91,0.03,462,460,406,55,118,22,0,18,194,67,0,0,45,4,4,53,18,0,7,0.291,0.361,0.478,0.839,0.156,122.4,3.94,삼성 라이온즈,10232
3,박해민,21 CF,3.34,127,2.97,0.37,542,532,454,78,132,22,1,5,171,54,36,15,69,3,2,82,3,9,7,0.291,0.383,0.377,0.76,0.14,109.6,3.34,삼성 라이온즈,11190
4,오재일,21 1B,2.72,120,2.35,0.37,484,478,418,64,119,20,0,25,214,97,1,0,58,0,8,106,5,0,8,0.285,0.366,0.512,0.878,0.168,132.0,2.72,삼성 라이온즈,10400
5,피렐라,21 LF,2.39,140,2.56,-0.17,621,619,553,102,158,25,2,29,274,97,9,6,57,8,2,89,8,0,3,0.286,0.359,0.495,0.854,0.161,126.2,2.39,삼성 라이온즈,14757
6,김지찬,21 2B,1.03,120,1.09,-0.06,336,326,296,50,81,6,0,1,90,26,23,4,27,0,0,31,0,10,3,0.274,0.331,0.304,0.635,0.09,69.4,1.03,삼성 라이온즈,14618
7,이원석,21 3B,0.82,131,0.96,-0.14,480,478,399,40,92,19,0,9,138,59,1,0,60,11,2,80,11,2,8,0.231,0.341,0.346,0.687,0.112,88.0,0.82,삼성 라이온즈,10180
8,김헌곤,21 LF,0.6,118,0.78,-0.17,364,361,317,38,89,8,2,4,113,27,5,4,34,5,0,46,9,3,5,0.281,0.355,0.356,0.711,0.118,92.9,0.6,삼성 라이온즈,10640
9,박승규,21 CF,0.45,59,-0.09,0.54,78,77,66,13,12,1,0,3,22,5,1,1,9,2,0,9,4,1,0,0.182,0.299,0.333,0.632,0.089,70.9,0.45,삼성 라이온즈,14122
10,김민수,21 C,0.23,47,0.4,-0.17,87,85,76,9,20,5,0,3,34,13,0,0,6,1,0,13,2,2,2,0.263,0.318,0.447,0.765,0.123,94.2,0.23,삼성 라이온즈,11266
11,김성표,21 2B,0.15,39,0.33,-0.19,24,23,18,10,6,0,0,0,6,1,2,1,5,0,0,7,0,1,0,0.333,0.478,0.333,0.811,0.183,144.6,0.15,삼성 라이온즈,11109
12,최영진,21 3B,0.11,44,0.29,-0.18,63,63,57,9,16,1,2,1,24,6,1,0,5,1,0,12,1,0,0,0.281,0.349,0.421,0.77,0.134,103.6,0.11,삼성 라이온즈,10934
13,안주형,21 2B,0.01,1,0.0,0.01,0,0,0,0,0,0,0,0,0,0,0,0,0,0,0,0,0,0,0,,,,,,,0.01,삼성 라이온즈,12988
14,오승환,21 P,0.0,2,0.0,0.0,0,0,0,0,0,0,0,0,0,0,0,0,0,0,0,0,0,0,0,,,,,,,0.0,삼성 라이온즈,10367
14,문용익,21 P,0.0,1,0.0,0.0,0,0,0,0,0,0,0,0,0,0,0,0,0,0,0,0,0,0,0,,,,,,,0.0,삼성 라이온즈,12885
14,김윤수,21 P,0.0,2,0.0,0.0,0,0,0,0,0,0,0,0,0,0,0,0,0,0,0,0,0,0,0,,,,,,,0.0,삼성 라이온즈,13162
14,최채흥,21 P,0.0,0,0.0,0.0,0,0,0,0,0,0,0,0,0,0,0,0,0,0,0,0,0,0,0,,,,,,,0.0,삼성 라이온즈,13156
14,노성호,21 P,0.0,2,0.0,0.0,0,0,0,0,0,0,0,0,0,0,0,0,0,0,0,0,0,0,0,,,,,,,0.0,삼성 라이온즈,11144
14,이재익,21 P,0.0,1,0.0,0.0,0,0,0,0,0,0,0,0,0,0,0,0,0,0,0,0,0,0,0,,,,,,,0.0,삼성 라이온즈,13244
20,이성곤,21 1B,0.0,2,-0.05,0.05,2,2,2,0,0,0,0,0,0,0,0,0,0,0,0,1,0,0,0,0.0,0.0,0.0,0.0,-0.179,-166.5,0.0,삼성 라이온즈,11206
21,송준석,21 RF,-0.01,19,0.0,-0.01,55,55,51,5,12,2,0,2,20,4,0,0,3,1,0,13,1,0,0,0.235,0.291,0.392,0.683,0.096,76.3,-0.01,삼성 라이온즈,11200
22,권정웅,21 C,-0.02,2,-0.02,0.0,1,1,1,0,0,0,0,0,0,0,0,0,0,0,0,0,0,0,0,0.0,0.0,0.0,0.0,-0.179,-137.0,-0.02,삼성 라이온즈,12529
23,김응민,21 C,-0.03,1,-0.05,0.01,2,2,2,0,0,0,0,0,0,0,0,0,0,0,0,0,0,0,0,0.0,0.0,0.0,0.0,-0.179,-166.5,-0.03,삼성 라이온즈,10890
24,이태훈,21 1B,-0.05,3,-0.05,0.0,2,2,2,0,0,0,0,0,0,0,0,0,0,0,0,1,0,0,0,0.0,0.0,0.0,0.0,-0.179,-139.4,-0.05,삼성 라이온즈,13160
25,김현준,21 LF,-0.07,13,-0.08,0.02,4,4,4,2,1,0,0,0,1,0,0,0,0,0,0,0,1,0,0,0.25,0.25,0.25,0.5,0.025,20.5,-0.07,삼성 라이온즈,14867
26,김호재,21 3B,-0.1,87,-0.1,0.0,90,87,75,9,17,2,0,0,19,7,0,0,9,2,0,14,0,3,1,0.227,0.322,0.253,0.575,0.075,58.8,-0.1,삼성 라이온즈,13240
27,백승민,21 1B,-0.12,4,-0.08,-0.04,3,3,3,0,0,0,0,0,0,0,0,0,0,0,0,2,0,0,0,0.0,0.0,0.0,0.0,-0.179,-155.4,-0.12,삼성 라이온즈,13241
28,김상수,21 2B,-0.15,132,0.28,-0.43,496,488,429,46,101,17,1,3,129,42,4,2,52,3,0,51,14,8,4,0.235,0.32,0.301,0.621,0.086,67.5,-0.15,삼성 라이온즈,10320
29,김도환,21 C,-0.29,25,-0.3,0.01,46,45,41,1,6,2,0,0,8,1,0,1,2,2,0,20,0,1,0,0.146,0.222,0.195,0.417,0.006,4.4,-0.29,삼성 라이온즈,14115
30,강한울,21 SS,-0.33,124,0.15,-0.48,258,255,223,25,58,5,0,0,63,27,2,2,29,0,0,58,5,3,3,0.26,0.341,0.283,0.624,0.091,71.3,-0.33,삼성 라이온즈,11255
31,이학주,21 SS,-0.42,66,-0.06,-0.36,174,170,155,17,32,8,0,4,52,20,2,2,14,1,0,61,3,4,0,0.206,0.276,0.335,0.611,0.073,58.1,-0.42,삼성 라이온즈,14114
32,오선진,21 SS,-0.46,23,-0.17,-0.29,46,46,42,5,9,0,0,0,9,2,0,0,3,1,0,8,2,0,0,0.214,0.283,0.214,0.497,0.041,32.3,-0.46,삼성 라이온즈,10557
33,김성윤,21 LF,-0.55,30,-0.28,-0.27,19,19,18,7,3,0,0,0,3,2,0,1,0,0,0,5,0,0,1,0.167,0.158,0.167,0.325,-0.05,-38.8,-0.55,삼성 라이온즈,12936
34,김동엽,21 LF,-0.64,69,-0.5,-0.14,203,203,185,20,44,9,0,4,65,24,2,1,10,4,0,42,2,0,4,0.238,0.286,0.351,0.637,0.079,62.0,-0.64,삼성 라이온즈,12548
1,최정,21 3B,6.31,134,6.0,0.3,555,552,436,92,121,17,1,35,245,100,8,6,84,22,3,102,9,1,12,0.278,0.41,0.562,0.972,0.204,161.3,6.31,SSG 랜더스,10106
2,박성한,21 SS,4.13,135,3.89,0.24,471,459,407,53,123,21,1,4,158,44,12,5,49,1,0,73,1,12,2,0.302,0.377,0.388,0.765,0.139,110.3,4.13,SSG 랜더스,12922
3,한유섬,21 RF,3.73,135,3.68,0.05,519,517,442,71,123,18,1,31,236,95,1,0,60,10,4,96,11,1,6,0.278,0.373,0.534,0.907,0.179,142.0,3.73,SSG 랜더스,10815
4,추신수,21 RF,3.69,137,4.07,-0.38,580,578,461,84,122,19,2,21,208,69,25,9,103,12,4,123,8,0,4,0.265,0.409,0.451,0.86,0.177,140.9,3.69,SSG 랜더스,14888
5,최주환,21 2B,2.36,116,2.21,0.15,470,468,406,50,104,16,0,18,174,67,2,1,53,9,4,84,7,0,2,0.256,0.353,0.429,0.782,0.141,112.4,2.36,SSG 랜더스,10182
6,최지훈,21 RF,2.3,136,1.78,0.52,534,526,461,75,121,19,6,5,167,45,26,6,51,8,0,71,6,8,6,0.262,0.342,0.362,0.704,0.114,90.1,2.3,SSG 랜더스,14587
7,김성현,21 SS,1.63,110,1.59,0.04,274,270,237,27,67,15,0,6,100,37,5,2,29,0,0,29,8,4,4,0.283,0.356,0.422,0.778,0.137,107.9,1.63,SSG 랜더스,10636
8,이재원,21 C,1.61,107,1.57,0.04,313,306,271,29,76,13,0,3,98,30,0,2,29,5,4,47,14,6,2,0.28,0.358,0.362,0.72,0.123,98.4,1.61,SSG 랜더스,10082
9,로맥,21 1B,1.17,107,1.15,0.03,421,421,355,55,80,11,0,20,151,52,1,0,59,4,1,83,9,0,3,0.225,0.34,0.425,0.765,0.134,106.3,1.17,SSG 랜더스,12991
10,김강민,21 CF,0.98,122,0.82,0.16,260,257,223,43,53,11,1,8,90,27,3,3,25,6,1,52,3,3,3,0.238,0.327,0.404,0.731,0.119,96.1,0.98,SSG 랜더스,10108
11,오태곤,21 LF,0.45,122,0.36,0.09,253,252,235,47,63,10,0,9,100,35,9,4,14,2,0,52,4,1,1,0.268,0.313,0.426,0.739,0.116,92.7,0.45,SSG 랜더스,10249
12,이현석,21 C,0.44,39,0.35,0.09,89,86,79,7,21,5,0,4,38,19,0,0,4,1,0,29,0,3,2,0.266,0.302,0.481,0.783,0.124,96.4,0.44,SSG 랜더스,11369
13,이흥련,21 C,0.37,90,0.55,-0.17,146,144,127,15,30,3,0,3,42,14,0,0,12,5,0,31,4,2,0,0.236,0.326,0.331,0.657,0.1,79.2,0.37,SSG 랜더스,11108
14,최항,21 2B,0.26,34,0.2,0.06,79,78,69,5,19,2,1,0,23,7,1,0,6,2,1,16,4,1,1,0.275,0.346,0.333,0.679,0.107,85.7,0.26,SSG 랜더스,10810
15,안상현,21 2B,0.11,37,0.07,0.04,40,40,39,9,10,2,0,1,15,4,3,1,1,0,0,15,0,0,0,0.256,0.275,0.385,0.66,0.082,66.7,0.11,SSG 랜더스,12613
16,정현,21 SS,0.02,12,0.13,-0.1,29,27,21,5,4,2,0,0,6,0,0,0,3,3,0,4,1,2,0,0.19,0.37,0.286,0.656,0.119,95.2,0.02,SSG 랜더스,11111
17,김태훈,21 P,0.0,1,0.0,0.0,0,0,0,0,0,0,0,0,0,0,0,0,0,0,0,0,0,0,0,,,,,,,0.0,SSG 랜더스,10133
17,박민호,21 P,0.0,1,0.0,0.0,0,0,0,0,0,0,0,0,0,0,0,0,0,0,0,0,0,0,0,,,,,,,0.0,SSG 랜더스,11236
17,장지훈,21 P,0.0,2,0.0,0.0,0,0,0,0,0,0,0,0,0,0,0,0,0,0,0,0,0,0,0,,,,,,,0.0,SSG 랜더스,14804
17,정수민,21 P,0.0,1,0.0,0.0,0,0,0,0,0,0,0,0,0,0,0,0,0,0,0,0,0,0,0,,,,,,,0.0,SSG 랜더스,12561
17,서동민,21 P,0.0,1,0.0,0.0,0,0,0,0,0,0,0,0,0,0,0,0,0,0,0,0,0,0,0,,,,,,,0.0,SSG 랜더스,13191
17,신재영,21 P,0.0,1,0.0,0.0,0,0,0,0,0,0,0,0,0,0,0,0,0,0,0,0,0,0,0,,,,,,,0.0,SSG 랜더스,11149
17,김상수,21 P,0.0,2,0.0,0.0,0,0,0,0,0,0,0,0,0,0,0,0,0,0,0,0,0,0,0,,,,,,,0.0,SSG 랜더스,10427
17,김택형,21 P,0.0,3,0.0,0.0,0,0,0,0,0,0,0,0,0,0,0,0,0,0,0,0,0,0,0,,,,,,,0.0,SSG 랜더스,11373
17,하재훈,21 P,0.0,2,0.0,0.0,0,0,0,0,0,0,0,0,0,0,0,0,0,0,0,0,0,0,0,,,,,,,0.0,SSG 랜더스,14147
17,조요한,21 P,0.0,1,0.0,0.0,0,0,0,0,0,0,0,0,0,0,0,0,0,0,0,0,0,0,0,,,,,,,0.0,SSG 랜더스,14858
27,남태혁,21 1B,-0.01,12,0.07,-0.08,22,22,20,2,6,1,0,1,10,4,0,0,1,1,0,7,1,0,0,0.3,0.364,0.5,0.864,0.165,130.8,-0.01,SSG 랜더스,12521
28,유서준,21 SS,-0.02,6,-0.06,0.04,2,2,2,1,0,0,0,0,0,0,0,0,0,0,0,1,0,0,0,0.0,0.0,0.0,0.0,-0.179,-166.5,-0.02,SSG 랜더스,11240
29,이정범,21 LF,-0.02,19,0.28,-0.3,66,66,59,8,15,4,0,3,28,9,0,0,7,0,0,15,1,0,0,0.254,0.333,0.475,0.808,0.143,113.4,-0.02,SSG 랜더스,13194
30,서진용,21 P,-0.03,5,-0.03,0.0,1,1,1,0,0,0,0,0,0,0,0,0,0,0,0,1,0,0,0,0.0,0.0,0.0,0.0,-0.179,-137.5,-0.03,SSG 랜더스,10784
31,김찬형,21 SS,-0.05,71,0.34,-0.39,135,127,110,18,22,6,0,2,34,6,0,0,14,3,0,27,1,8,0,0.2,0.307,0.309,0.616,0.085,68.5,-0.05,SSG 랜더스,12622
32,오준혁,21 LF,-0.06,26,0.01,-0.07,50,50,46,7,10,2,0,2,18,5,0,0,4,0,0,15,2,0,0,0.217,0.28,0.391,0.671,0.091,72.1,-0.06,SSG 랜더스,10672
33,고명준,21 2B,-0.11,3,-0.16,0.05,5,5,5,0,0,0,0,0,0,0,0,0,0,0,0,3,1,0,0,0.0,0.0,0.0,0.0,-0.179,-160.6,-0.11,SSG 랜더스,14807
34,정상호,21 C,-0.12,3,-0.07,-0.05,3,3,3,0,0,0,0,0,0,0,0,0,0,0,0,2,0,0,0,0.0,0.0,0.0,0.0,-0.179,-156.7,-0.12,SSG 랜더스,10083
35,김규남,21 LF,-0.2,4,-0.19,-0.01,7,7,7,0,0,0,0,0,0,0,0,0,0,0,0,3,0,0,0,0.0,0.0,0.0,0.0,-0.179,-146.2,-0.2,SSG 랜더스,14200
36,정진기,21 RF,-0.2,2,-0.18,-0.01,7,7,7,0,0,0,0,0,0,0,0,0,0,0,0,2,0,0,0,0.0,0.0,0.0,0.0,-0.179,-137.0,-0.2,SSG 랜더스,10717
37,고종욱,21 LF,-0.49,88,-0.1,-0.4,199,198,180,25,48,5,0,2,59,18,2,3,16,0,0,30,6,1,2,0.267,0.323,0.328,0.651,0.092,73.0,-0.49,SSG 랜더스,10659
38,김창평,21 CF,-0.64,40,-0.54,-0.1,28,26,25,6,2,0,0,0,2,1,2,1,1,0,0,6,0,2,0,0.08,0.115,0.08,0.195,-0.09,-70.2,-0.64,SSG 랜더스,14146
39,정의윤,21 LF,-0.76,62,-0.39,-0.37,178,178,165,21,38,2,0,7,61,24,0,0,11,0,1,37,5,0,2,0.23,0.275,0.37,0.645,0.08,64.7,-0.76,SSG 랜더스,10655
1,양의지,21 C,5.99,141,6.03,-0.03,570,566,480,81,156,29,2,30,279,111,2,1,69,11,5,60,12,0,10,0.325,0.414,0.581,0.995,0.211,168.5,5.99,NC 다이노스,10165
2,알테어,21 CF,4.8,143,4.47,0.33,565,564,492,83,134,19,2,32,253,84,20,5,57,11,2,156,6,0,5,0.272,0.358,0.514,0.872,0.166,131.9,4.8,NC 다이노스,14599
3,나성범,21 DH,2.92,144,3.16,-0.24,623,621,570,96,160,29,1,33,290,101,1,2,38,11,2,155,5,0,4,0.281,0.335,0.509,0.844,0.152,121.4,2.92,NC 다이노스,11162
4,노진혁,21 SS,2.85,107,2.95,-0.1,384,380,330,41,95,22,0,8,141,58,1,1,42,5,0,90,3,4,3,0.288,0.374,0.427,0.801,0.149,118.8,2.85,NC 다이노스,11165
5,박민우,21 2B,1.56,50,1.08,0.48,215,211,180,30,47,5,3,1,61,18,12,3,22,7,0,23,4,4,2,0.261,0.36,0.339,0.699,0.119,94.8,1.56,NC 다이노스,11137
6,권희동,21 RF,1.26,55,1.4,-0.14,171,170,133,25,35,3,0,8,62,26,2,0,29,5,1,24,4,1,3,0.263,0.406,0.466,0.872,0.179,143.5,1.26,NC 다이노스,11172
7,박석민,21 3B,1.21,59,1.18,0.03,205,201,171,27,44,8,0,10,82,41,0,0,27,2,1,43,8,3,2,0.257,0.361,0.48,0.841,0.159,126.1,1.21,NC 다이노스,10322
8,최정원,21 2B,1.15,72,0.78,0.37,238,234,212,40,60,4,2,0,68,8,10,7,18,4,0,40,0,4,0,0.283,0.35,0.321,0.671,0.106,84.2,1.15,NC 다이노스,14221
9,김태군,21 C,1.02,102,0.69,0.33,276,267,232,23,51,7,0,7,79,24,0,1,21,11,0,30,4,9,3,0.22,0.311,0.341,0.652,0.094,74.6,1.02,NC 다이노스,10459
10,이명기,21 LF,0.96,56,1.44,-0.48,232,229,191,30,56,12,0,2,74,14,6,3,37,1,0,27,2,3,0,0.293,0.41,0.387,0.797,0.16,127.4,0.96,NC 다이노스,10119
11,김주원,21 2B,0.9,69,0.7,0.2,189,187,166,20,40,7,1,5,64,16,6,2,17,2,0,57,5,2,2,0.241,0.316,0.386,0.702,0.107,84.7,0.9,NC 다이노스,14765
12,박준영,21 SS,0.28,111,0.37,-0.09,315,312,273,37,57,7,2,8,92,31,4,3,27,10,0,92,9,3,2,0.209,0.301,0.337,0.638,0.088,70.9,0.28,NC 다이노스,12522
13,김찬형,21 SS,0.23,17,0.31,-0.07,26,25,22,2,8,1,0,0,9,1,0,0,2,1,0,5,0,1,0,0.364,0.44,0.409,0.849,0.178,136.5,0.23,NC 다이노스,12622
14,이재율,21 CF,0.08,23,-0.14,0.22,17,17,15,5,3,2,0,0,5,1,1,1,0,2,0,3,1,0,0,0.2,0.294,0.333,0.627,0.084,64.1,0.08,NC 다이노스,12525
15,김준완,21 RF,0.06,13,-0.05,0.1,14,14,12,3,2,0,1,0,4,1,0,0,2,0,0,0,0,0,0,0.167,0.286,0.333,0.619,0.08,68.7,0.06,NC 다이노스,11182
16,정현,21 SS,0.05,56,0.19,-0.14,120,114,96,9,22,3,1,0,27,7,0,1,14,4,0,20,6,6,0,0.229,0.351,0.281,0.632,0.101,79.5,0.05,NC 다이노스,11111
17,오태양,21 SS,0.04,1,-0.03,0.07,1,1,1,0,0,0,0,0,0,0,0,0,0,0,0,0,0,0,0,0.0,0.0,0.0,0.0,-0.179,-137.5,0.04,NC 다이노스,14766
18,김건태,21 P,0.0,1,0.0,0.0,0,0,0,0,0,0,0,0,0,0,0,0,0,0,0,0,0,0,0,,,,,,,0.0,NC 다이노스,10432
18,임정호,21 P,0.0,1,0.0,0.0,0,0,0,0,0,0,0,0,0,0,0,0,0,0,0,0,0,0,0,,,,,,,0.0,NC 다이노스,11168
18,신민혁,21 P,0.0,1,0.0,0.0,0,0,0,0,0,0,0,0,0,0,0,0,0,0,0,0,0,0,0,,,,,,,0.0,NC 다이노스,13085
18,류진욱,21 P,0.0,1,0.0,0.0,0,0,0,0,0,0,0,0,0,0,0,0,0,0,0,0,0,0,0,,,,,,,0.0,NC 다이노스,11355
18,손정욱,21 P,0.0,0,0.0,0.0,0,0,0,0,0,0,0,0,0,0,0,0,0,0,0,0,0,0,0,,,,,,,0.0,NC 다이노스,11142
18,김진성,21 P,0.0,1,0.0,0.0,0,0,0,0,0,0,0,0,0,0,0,0,0,0,0,0,0,0,0,,,,,,,0.0,NC 다이노스,11166
18,노시훈,21 P,0.0,1,0.0,0.0,0,0,0,0,0,0,0,0,0,0,0,0,0,0,0,0,0,0,0,,,,,,,0.0,NC 다이노스,14649
18,배민서,21 P,0.0,2,0.0,0.0,0,0,0,0,0,0,0,0,0,0,0,0,0,0,0,0,0,0,0,,,,,,,0.0,NC 다이노스,14158
18,이용찬,21 P,0.0,6,0.0,0.0,0,0,0,0,0,0,0,0,0,0,0,0,0,0,0,0,0,0,0,,,,,,,0.0,NC 다이노스,10217
18,김태현,21 P,0.0,1,0.0,0.0,0,0,0,0,0,0,0,0,0,0,0,0,0,0,0,0,0,0,0,,,,,,,0.0,NC 다이노스,12898
18,최금강,21 P,0.0,1,0.0,0.0,0,0,0,0,0,0,0,0,0,0,0,0,0,0,0,0,0,0,0,,,,,,,0.0,NC 다이노스,11174
18,김영규,21 P,0.0,1,0.0,0.0,0,0,0,0,0,0,0,0,0,0,0,0,0,0,0,0,0,0,0,,,,,,,0.0,NC 다이노스,13088
18,안인산,21 P,0.0,2,0.0,0.0,0,0,0,0,0,0,0,0,0,0,0,0,0,0,0,0,0,0,0,,,,,,,0.0,NC 다이노스,14598
18,원종현,21 P,0.0,4,0.0,0.0,0,0,0,0,0,0,0,0,0,0,0,0,0,0,0,0,0,0,0,,,,,,,0.0,NC 다이노스,11161
18,임창민,21 P,0.0,1,0.0,0.0,0,0,0,0,0,0,0,0,0,0,0,0,0,0,0,0,0,0,0,,,,,,,0.0,NC 다이노스,10452
18,홍성민,21 P,0.0,2,0.0,0.0,0,0,0,0,0,0,0,0,0,0,0,0,0,0,0,0,0,0,0,,,,,,,0.0,NC 다이노스,10814
18,이우석,21 P,0.0,1,0.0,0.0,0,0,0,0,0,0,0,0,0,0,0,0,0,0,0,0,0,0,0,,,,,,,0.0,NC 다이노스,11360
35,오장한,21 RF,-0.02,1,-0.03,0.01,1,1,1,0,0,0,0,0,0,0,0,0,0,0,0,1,0,0,0,0.0,0.0,0.0,0.0,-0.179,-137.5,-0.02,NC 다이노스,14767
36,박시원,21 LF,-0.02,1,-0.02,0.0,1,1,1,0,0,0,0,0,0,0,0,0,0,0,0,0,0,0,0,0.0,0.0,0.0,0.0,-0.179,-137.5,-0.02,NC 다이노스,14597
37,정범모,21 C,-0.03,19,0.03,-0.06,23,22,19,2,4,1,0,1,8,5,0,0,2,1,0,4,2,1,0,0.211,0.318,0.421,0.739,0.122,98.8,-0.03,NC 다이노스,10772
38,최우재,21 CF,-0.03,2,-0.05,0.02,2,2,2,0,0,0,0,0,0,0,0,0,0,0,0,0,0,0,0,0.0,0.0,0.0,0.0,-0.179,-137.5,-0.03,NC 다이노스,12621
39,최승민,21 LF,-0.03,48,-0.23,0.2,34,32,31,8,7,1,0,0,8,1,4,3,1,0,0,7,0,2,0,0.226,0.25,0.258,0.508,0.031,24.3,-0.03,NC 다이노스,14187
40,모창민,21 1B,-0.08,3,-0.14,0.05,6,6,5,0,0,0,0,0,0,0,0,1,1,0,0,1,0,0,0,0.0,0.167,0.0,0.167,-0.064,-49.5,-0.08,NC 다이노스,10093
41,김민수,21 1B,-0.11,7,-0.18,0.07,7,7,7,0,0,0,0,0,0,0,0,0,0,0,0,2,0,0,0,0.0,0.0,0.0,0.0,-0.179,-146.9,-0.11,NC 다이노스,12903
42,지석훈,21 3B,-0.13,28,-0.1,-0.04,43,43,34,6,5,1,0,0,6,2,0,0,6,2,0,12,0,0,1,0.147,0.302,0.176,0.478,0.052,42.1,-0.13,NC 다이노스,10683
43,전민수,21 RF,-0.14,71,0.16,-0.3,109,108,98,12,25,3,0,3,37,16,0,0,11,0,1,23,2,0,0,0.255,0.33,0.378,0.708,0.114,90.1,-0.14,NC 다이노스,10417
44,윤형준,21 1B,-0.25,51,0.06,-0.31,81,78,74,10,22,0,0,5,37,10,0,1,3,0,0,17,2,3,1,0.297,0.321,0.5,0.821,0.14,112.9,-0.25,NC 다이노스,11135
45,최보성,21 3B,-0.25,10,-0.14,-0.11,14,13,12,0,3,0,0,0,3,1,0,1,0,1,0,5,0,1,0,0.25,0.308,0.25,0.558,0.063,49.4,-0.25,NC 다이노스,13087
46,김기환,21 RF,-0.3,62,-0.42,0.12,149,148,140,19,29,7,2,3,49,13,15,4,8,0,0,45,1,1,0,0.207,0.25,0.35,0.6,0.061,49.2,-0.3,NC 다이노스,11400
47,도태훈,21 3B,-0.35,77,-0.19,-0.16,76,76,66,10,12,1,0,1,16,9,1,0,6,4,0,14,3,0,0,0.182,0.289,0.242,0.531,0.058,45.3,-0.35,NC 다이노스,12560
48,강진성,21 1B,-0.54,124,-0.01,-0.53,462,456,406,49,101,20,0,7,142,38,9,3,36,14,2,68,12,4,2,0.249,0.33,0.35,0.68,0.105,83.9,-0.54,NC 다이노스,11148
49,이원재,21 1B,-0.61,31,-0.46,-0.16,69,68,65,3,15,2,0,0,17,7,1,0,1,1,0,11,1,1,1,0.231,0.25,0.262,0.512,0.031,24.6,-0.61,NC 다이노스,12999
50,박대온,21 C,-0.62,42,-0.37,-0.25,95,91,85,4,18,1,0,0,19,5,0,0,4,0,0,21,0,4,2,0.212,0.242,0.224,0.466,0.016,12.9,-0.62,NC 다이노스,11246
51,정진기,21 RF,-0.69,86,-0.31,-0.38,199,197,186,27,43,8,0,6,69,21,6,3,10,1,0,37,2,2,0,0.231,0.274,0.371,0.645,0.08,63.3,-0.69,NC 다이노스,10717
1,박건우,21 RF,4.19,126,4.37,-0.18,525,523,458,82,149,31,2,6,202,63,13,0,50,11,2,72,16,0,6,0.325,0.4,0.441,0.841,0.165,143.3,4.19,두산 베어스,10189
2,김재환,21 LF,4.18,137,4.83,-0.65,566,564,475,86,130,23,2,27,238,102,2,3,81,5,3,127,9,0,5,0.274,0.382,0.501,0.883,0.175,151.7,4.18,두산 베어스,10643
3,페르난데스,21 1B,3.2,141,3.49,-0.28,617,614,540,73,170,24,0,15,239,81,0,2,65,6,3,35,25,0,6,0.315,0.391,0.443,0.834,0.161,140.0,3.2,두산 베어스,13927
4,김인태,21 LF,2.67,133,1.77,0.9,418,413,344,51,89,15,1,8,130,46,0,2,62,3,0,67,10,5,4,0.259,0.373,0.378,0.751,0.137,118.3,2.67,두산 베어스,11098
5,박계범,21 SS,2.48,118,2.39,0.08,385,378,322,44,86,12,1,5,115,46,4,3,44,9,0,68,8,7,3,0.267,0.368,0.357,0.725,0.128,111.5,2.48,두산 베어스,11198
6,양석환,21 3B,2.32,133,2.75,-0.43,546,545,488,66,133,22,0,28,239,96,2,3,42,9,2,136,10,0,7,0.273,0.337,0.49,0.827,0.147,127.3,2.32,두산 베어스,11213
7,강승호,21 SS,1.66,113,0.91,0.75,340,331,301,47,72,16,2,7,113,37,8,2,22,6,1,78,8,8,3,0.239,0.301,0.375,0.676,0.096,82.6,1.66,두산 베어스,11087
8,정수빈,21 CF,1.18,104,1.1,0.08,351,347,313,50,81,19,4,3,117,37,12,7,29,3,1,50,7,4,2,0.259,0.326,0.374,0.7,0.108,93.7,1.18,두산 베어스,10195
9,조수행,21 CF,1.03,115,0.92,0.11,104,103,84,34,24,2,1,1,31,8,21,4,16,3,0,26,1,1,0,0.286,0.417,0.369,0.786,0.16,140.2,1.03,두산 베어스,12524
10,장승현,21 C,0.83,92,0.8,0.03,211,205,177,18,41,10,0,2,57,27,0,0,19,8,0,50,2,6,1,0.232,0.332,0.322,0.654,0.1,86.4,0.83,두산 베어스,11097
11,안재석,21 2B,0.76,96,0.63,0.13,224,224,200,28,51,8,2,2,69,14,1,0,16,4,0,53,4,0,4,0.255,0.317,0.345,0.662,0.094,81.0,0.76,두산 베어스,14771
12,최용제,21 C,0.32,79,0.5,-0.18,119,118,104,7,29,3,0,0,32,15,0,0,11,2,0,21,0,1,1,0.279,0.356,0.308,0.664,0.106,91.6,0.32,두산 베어스,12649
13,박세혁,21 C,0.29,96,0.14,0.15,270,267,237,25,52,12,0,0,64,30,4,2,22,5,0,43,6,3,3,0.219,0.296,0.27,0.566,0.064,55.7,0.29,두산 베어스,10891
14,김재호,21 SS,0.28,89,0.17,0.1,251,245,211,23,44,8,0,1,55,24,1,1,29,2,0,34,7,6,3,0.209,0.306,0.261,0.567,0.069,60.2,0.28,두산 베어스,10174
15,박지훈,21 2B,0.25,34,0.07,0.18,14,14,12,6,4,1,0,0,5,2,3,1,1,1,0,3,0,0,0,0.333,0.429,0.417,0.846,0.176,156.6,0.25,두산 베어스,14736
16,권민석,21 3B,0.13,33,-0.01,0.14,15,15,14,8,3,2,0,0,5,1,0,0,1,0,0,7,0,0,0,0.214,0.267,0.357,0.624,0.072,62.8,0.13,두산 베어스,13079
17,허경민,21 3B,0.09,136,1.1,-1.0,518,515,468,61,130,24,1,5,171,59,5,7,36,8,1,35,21,3,3,0.278,0.338,0.365,0.703,0.111,96.1,0.09,두산 베어스,10184
18,백동훈,21 RF,0.08,5,-0.08,0.16,3,3,3,1,0,0,0,0,0,0,0,0,0,0,0,2,0,0,0,0.0,0.0,0.0,0.0,-0.179,-145.7,0.08,두산 베어스,11084
19,안권수,21 LF,0.04,87,-0.12,0.16,47,45,42,17,10,0,1,0,12,4,3,0,3,0,0,3,0,2,0,0.238,0.289,0.286,0.575,0.062,54.9,0.04,두산 베어스,14571
20,서예일,21 SS,0.02,5,-0.03,0.04,1,1,1,0,0,0,0,0,0,0,0,0,0,0,0,0,0,0,0,0.0,0.0,0.0,0.0,-0.179,-166.5,0.02,두산 베어스,12523
21,박소준,21 P,0.0,1,0.0,0.0,0,0,0,0,0,0,0,0,0,0,0,0,0,0,0,0,0,0,0,,,,,,,0.0,두산 베어스,11491
21,권휘,21 P,0.0,2,0.0,0.0,0,0,0,0,0,0,0,0,0,0,0,0,0,0,0,0,0,0,0,,,,,,,0.0,두산 베어스,13665
21,박치국,21 P,0.0,0,0.0,0.0,0,0,0,0,0,0,0,0,0,0,0,0,0,0,0,0,0,0,0,,,,,,,0.0,두산 베어스,12850
21,이영하,21 P,0.0,1,0.0,0.0,0,0,0,0,0,0,0,0,0,0,0,0,0,0,0,0,0,0,0,,,,,,,0.0,두산 베어스,12568
21,문대원,21 P,0.0,1,0.0,0.0,0,0,0,0,0,0,0,0,0,0,0,0,0,0,0,0,0,0,0,,,,,,,0.0,두산 베어스,12848
21,이교훈,21 P,0.0,2,0.0,0.0,0,0,0,0,0,0,0,0,0,0,0,0,0,0,0,0,0,0,0,,,,,,,0.0,두산 베어스,14173
21,윤명준,21 P,0.0,4,0.0,0.0,0,0,0,0,0,0,0,0,0,0,0,0,0,0,0,0,0,0,0,,,,,,,0.0,두산 베어스,10885
21,김명신,21 P,0.0,3,0.0,0.0,0,0,0,0,0,0,0,0,0,0,0,0,0,0,0,0,0,0,0,,,,,,,0.0,두산 베어스,12847
21,김민규,21 P,0.0,2,0.0,0.0,0,0,0,0,0,0,0,0,0,0,0,0,0,0,0,0,0,0,0,,,,,,,0.0,두산 베어스,13072
21,남호,21 P,0.0,1,0.0,0.0,0,0,0,0,0,0,0,0,0,0,0,0,0,0,0,0,0,0,0,,,,,,,0.0,두산 베어스,14139
21,홍건희,21 P,0.0,1,0.0,0.0,0,0,0,0,0,0,0,0,0,0,0,0,0,0,0,0,0,0,0,,,,,,,0.0,두산 베어스,10696
21,이승진,21 P,0.0,1,0.0,0.0,0,0,0,0,0,0,0,0,0,0,0,0,0,0,0,0,0,0,0,,,,,,,0.0,두산 베어스,12678
21,김강률,21 P,0.0,8,0.0,0.0,0,0,0,0,0,0,0,0,0,0,0,0,0,0,0,0,0,0,0,,,,,,,0.0,두산 베어스,10690
21,최원준,21 P,0.0,0,0.0,0.0,0,0,0,0,0,0,0,0,0,0,0,0,0,0,0,0,0,0,0,,,,,,,0.0,두산 베어스,12852
35,박성재,21 C,-0.02,1,-0.02,0.0,1,1,1,0,0,0,0,0,0,0,0,0,0,0,0,1,0,0,0,0.0,0.0,0.0,0.0,-0.179,-137.0,-0.02,두산 베어스,14838
36,김민혁,21 1B,-0.08,6,-0.07,0.0,8,8,6,0,0,0,0,0,0,0,0,0,2,0,0,2,0,0,0,0.0,0.25,0.0,0.25,-0.007,-5.6,-0.08,두산 베어스,12970
37,전민재,21 2B,-0.08,9,-0.04,-0.04,5,5,4,1,1,0,0,0,1,1,0,0,0,0,0,2,0,0,1,0.25,0.2,0.25,0.45,-0.016,-13.5,-0.08,두산 베어스,13073
38,황경태,21 SS,-0.1,1,-0.02,-0.08,1,1,1,0,0,0,0,0,0,0,0,0,0,0,0,1,0,0,0,0.0,0.0,0.0,0.0,-0.179,-166.5,-0.1,두산 베어스,12604
39,국해성,21 RF,-0.1,4,-0.13,0.03,8,8,8,0,1,0,0,0,1,0,0,0,0,0,0,2,0,0,0,0.125,0.125,0.125,0.25,-0.077,-69.6,-0.1,두산 베어스,10172
40,오명진,21 SS,-0.26,2,-0.08,-0.18,3,3,3,1,0,0,0,0,0,0,0,0,0,0,0,1,0,0,0,0.0,0.0,0.0,0.0,-0.179,-133.0,-0.26,두산 베어스,14737
41,신성현,21 1B,-0.31,11,-0.1,-0.21,15,15,11,3,2,0,0,0,2,0,0,0,3,1,0,6,0,0,0,0.182,0.4,0.182,0.582,0.114,96.1,-0.31,두산 베어스,11492
42,오재원,21 2B,-0.44,45,-0.56,0.11,79,79,72,6,12,3,0,0,15,5,2,0,6,0,0,18,3,0,1,0.167,0.228,0.208,0.436,0.009,8.0,-0.44,두산 베어스,10178
1,이정후,21 RF,6.29,123,6.36,-0.07,544,543,464,78,167,42,6,7,242,84,10,3,62,9,1,37,8,0,9,0.36,0.438,0.522,0.96,0.205,171.8,6.29,키움 히어로즈,12906
2,김혜성,21 2B,3.99,144,4.45,-0.46,635,633,559,99,170,20,3,3,205,66,46,4,65,1,3,97,8,0,10,0.304,0.372,0.367,0.739,0.129,107.6,3.99,키움 히어로즈,12905
3,이용규,21 CF,3.31,133,2.99,0.32,547,539,459,88,136,16,8,1,171,43,17,2,71,5,2,46,5,6,6,0.296,0.392,0.373,0.765,0.143,119.5,3.31,키움 히어로즈,10035
4,박동원,21 C,3.14,131,2.89,0.26,481,476,413,61,103,21,0,22,190,83,2,0,53,7,0,114,12,5,3,0.249,0.342,0.46,0.802,0.143,119.5,3.14,키움 히어로즈,10387
5,서건창,21 2B,2.12,76,1.87,0.25,333,330,278,45,72,12,1,4,98,28,6,4,45,6,2,44,9,1,3,0.259,0.37,0.353,0.723,0.129,108.4,2.12,키움 히어로즈,10855
6,김웅빈,21 1B,1.72,97,1.41,0.31,279,277,232,24,56,13,1,6,89,35,1,1,34,9,2,73,2,2,2,0.241,0.357,0.384,0.741,0.132,109.8,1.72,키움 히어로즈,12503
7,송우현,21 RF,1.64,69,1.41,0.23,282,281,250,34,74,17,2,3,104,42,1,1,28,2,1,49,4,1,1,0.296,0.37,0.416,0.786,0.143,121.0,1.64,키움 히어로즈,11377
8,송성문,21 3B,1.31,66,0.89,0.42,274,272,245,30,61,10,1,6,91,33,0,0,25,1,0,42,2,2,1,0.249,0.32,0.371,0.691,0.105,87.8,1.31,키움 히어로즈,11376
9,박병호,21 1B,0.92,118,0.89,0.03,477,475,409,48,93,23,0,20,176,76,0,1,47,14,3,141,9,0,7,0.227,0.323,0.43,0.753,0.125,104.7,0.92,키움 히어로즈,10470
10,이지영,21 C,0.57,108,0.47,0.1,258,254,233,29,64,5,1,0,71,31,3,1,19,1,2,17,10,2,3,0.275,0.328,0.305,0.633,0.088,73.7,0.57,키움 히어로즈,10312
11,전병우,21 3B,0.35,115,0.32,0.03,261,257,214,35,40,8,0,6,66,31,3,1,33,9,0,83,0,4,1,0.187,0.319,0.308,0.627,0.093,78.8,0.35,키움 히어로즈,11422
12,김은성,21 2B,0.1,6,-0.03,0.12,18,18,18,1,5,3,0,0,8,2,0,0,0,0,0,6,0,0,0,0.278,0.278,0.444,0.722,0.1,82.3,0.1,키움 히어로즈,12683
13,김주형,21 2B,0.09,36,0.44,-0.35,70,67,50,5,9,3,0,0,12,5,1,0,4,13,0,15,0,3,0,0.18,0.388,0.24,0.628,0.121,100.4,0.09,키움 히어로즈,14214
14,이명기,21 2B,0.07,3,0.0,0.07,8,8,6,0,1,0,0,0,1,1,0,0,2,0,0,3,0,0,0,0.167,0.375,0.167,0.542,0.095,73.2,0.07,키움 히어로즈,14212
15,박정음,21 CF,0.06,70,-0.26,0.31,18,18,14,19,0,0,0,0,0,1,4,2,2,1,0,3,1,0,1,0.0,0.167,0.0,0.167,-0.064,-52.7,0.06,키움 히어로즈,10866
16,김병휘,21 2B,0.04,13,0.0,0.04,11,11,10,5,2,0,0,0,2,0,0,0,1,0,0,2,0,0,0,0.2,0.273,0.2,0.473,0.032,26.2,0.04,키움 히어로즈,14577
17,변상권,21 CF,0.0,72,-0.5,0.51,171,171,159,19,38,5,4,0,51,20,0,0,9,0,0,40,2,0,3,0.239,0.275,0.321,0.596,0.062,51.9,0.0,키움 히어로즈,13223
18,박관진,21 P,0.0,1,0.0,0.0,0,0,0,0,0,0,0,0,0,0,0,0,0,0,0,0,0,0,0,,,,,,,0.0,키움 히어로즈,14693
19,김태훈,21 P,0.0,5,0.0,0.0,0,0,0,0,0,0,0,0,0,0,0,0,0,0,0,0,0,0,0,,,,,,,0.0,키움 히어로즈,10871
19,박승주,21 P,0.0,1,0.0,0.0,0,0,0,0,0,0,0,0,0,0,0,0,0,0,0,0,0,0,0,,,,,,,0.0,키움 히어로즈,12989
19,조영건,21 P,0.0,1,0.0,0.0,0,0,0,0,0,0,0,0,0,0,0,0,0,0,0,0,0,0,0,,,,,,,0.0,키움 히어로즈,14132
19,오주원,21 P,0.0,2,0.0,0.0,0,0,0,0,0,0,0,0,0,0,0,0,0,0,0,0,0,0,0,,,,,,,0.0,키움 히어로즈,10445
19,김성민,21 P,0.0,2,0.0,0.0,0,0,0,0,0,0,0,0,0,0,0,0,0,0,0,0,0,0,0,,,,,,,0.0,키움 히어로즈,12918
19,장재영,21 P,0.0,1,0.0,0.0,0,0,0,0,0,0,0,0,0,0,0,0,0,0,0,0,0,0,0,,,,,,,0.0,키움 히어로즈,14784
19,윤정현,21 P,0.0,1,0.0,0.0,0,0,0,0,0,0,0,0,0,0,0,0,0,0,0,0,0,0,0,,,,,,,0.0,키움 히어로즈,14131
19,문성현,21 P,0.0,1,0.0,0.0,0,0,0,0,0,0,0,0,0,0,0,0,0,0,0,0,0,0,0,,,,,,,0.0,키움 히어로즈,10437
19,김정인,21 P,0.0,2,0.0,0.0,0,0,0,0,0,0,0,0,0,0,0,0,0,0,0,0,0,0,0,,,,,,,0.0,키움 히어로즈,11531
19,양현,21 P,0.0,4,0.0,0.0,0,0,0,0,0,0,0,0,0,0,0,0,0,0,0,0,0,0,0,,,,,,,0.0,키움 히어로즈,10730
19,이승호,21 P,0.0,2,0.0,0.0,0,0,0,0,0,0,0,0,0,0,0,0,0,0,0,0,0,0,0,,,,,,,0.0,키움 히어로즈,12865
19,조상우,21 P,0.0,4,0.0,0.0,0,0,0,0,0,0,0,0,0,0,0,0,0,0,0,0,0,0,0,,,,,,,0.0,키움 히어로즈,11126
19,김성진,21 P,0.0,2,0.0,0.0,0,0,0,0,0,0,0,0,0,0,0,0,0,0,0,0,0,0,0,,,,,,,0.0,키움 히어로즈,14849
19,김재웅,21 P,0.0,3,0.0,0.0,0,0,0,0,0,0,0,0,0,0,0,0,0,0,0,0,0,0,0,,,,,,,0.0,키움 히어로즈,12858
19,김동욱,21 P,0.0,1,0.0,0.0,0,0,0,0,0,0,0,0,0,0,0,0,0,0,0,0,0,0,0,,,,,,,0.0,키움 히어로즈,14681
34,이주형,21 LF,-0.02,5,-0.01,0.0,11,11,10,1,1,0,0,1,4,3,0,0,1,0,0,7,0,0,0,0.1,0.182,0.4,0.582,0.047,37.7,-0.02,키움 히어로즈,14855
35,허정협,21 LF,-0.1,29,-0.38,0.28,52,52,45,5,7,0,0,0,7,2,0,0,7,0,0,10,1,0,0,0.156,0.269,0.156,0.425,0.023,19.4,-0.1,키움 히어로즈,11498
36,박준태,21 CF,-0.13,27,0.13,-0.26,58,58,46,10,9,3,0,0,12,4,1,0,10,2,0,16,0,0,0,0.196,0.362,0.261,0.623,0.107,88.7,-0.13,키움 히어로즈,11260
37,김수환,21 1B,-0.14,13,-0.1,-0.04,44,44,41,5,9,2,0,2,17,5,0,0,2,0,0,17,2,0,1,0.22,0.25,0.415,0.665,0.078,64.5,-0.14,키움 히어로즈,13096
38,문찬종,21 SS,-0.14,13,-0.08,-0.06,17,17,14,0,2,0,0,0,2,1,0,0,3,0,0,4,1,0,0,0.143,0.294,0.143,0.437,0.038,31.1,-0.14,키움 히어로즈,14578
39,임지열,21 RF,-0.18,19,-0.23,0.05,30,30,25,5,3,0,0,0,3,0,0,1,4,1,0,10,1,0,0,0.12,0.267,0.12,0.387,0.018,14.5,-0.18,키움 히어로즈,11225
40,크레익,21 LF,-0.2,61,0.08,-0.28,247,246,222,25,55,12,0,6,85,30,0,1,20,4,1,43,4,0,1,0.248,0.32,0.383,0.703,0.109,90.7,-0.2,키움 히어로즈,14990
41,김재현,21 C,-0.23,39,-0.03,-0.2,51,49,46,2,10,7,0,0,17,8,0,1,3,0,0,12,1,2,0,0.217,0.265,0.37,0.635,0.075,62.5,-0.23,키움 히어로즈,10870
42,신준우,21 2B,-0.23,56,-0.16,-0.07,51,50,42,7,7,3,0,0,10,4,0,1,4,3,0,21,1,1,1,0.167,0.28,0.238,0.518,0.051,42.5,-0.23,키움 히어로즈,14695
43,박주홍,21 LF,-0.26,23,-0.49,0.23,56,56,47,4,5,2,0,0,7,3,1,1,9,0,0,21,1,0,0,0.106,0.25,0.149,0.399,0.016,13.3,-0.26,키움 히어로즈,14580
44,예진원,21 CF,-0.29,52,-0.8,0.51,132,129,114,16,18,6,1,1,29,8,0,1,12,2,0,28,2,3,1,0.158,0.248,0.254,0.502,0.037,30.8,-0.29,키움 히어로즈,13093
45,프레이타스,21 1B,-0.56,43,-0.34,-0.22,148,148,139,13,36,10,0,2,52,14,0,0,7,1,0,29,7,0,1,0.259,0.297,0.374,0.671,0.091,76.3,-0.56,키움 히어로즈,14762
46,김휘집,21 2B,-0.67,34,-0.37,-0.3,89,86,70,9,9,1,0,1,13,8,1,0,13,2,0,23,0,3,1,0.129,0.279,0.186,0.465,0.042,35.3,-0.67,키움 히어로즈,14785
