Rank,Name,Team,WAR,G,oWAR,dWAR,PA,ePA,AB,R,H,2B,3B,HR,TB,RBI,SB,CS,BB,HP,IB,SO,GDP,SH,SF,AVG,OBP,SLG,OPS,R/ePA,wRC+,pid
1,노시환,23 3B,6.53,131,6.17,0.35,595,590,514,85,153,30,1,31,278,101,2,1,74,4,5,118,13,0,3,0.298,0.388,0.541,0.929,0.188,160.0,141259
2,최재훈,23 C,3.23,125,3.03,0.2,417,407,327,23,81,12,0,1,96,33,1,1,56,23,1,48,9,9,2,0.248,0.392,0.294,0.686,0.131,111.6,101709
3,이진영,23 RF,2.44,121,2.06,0.38,422,418,358,57,89,22,0,10,141,50,5,0,53,2,0,127,4,4,5,0.249,0.344,0.394,0.738,0.129,109.2,125399
4,채은성,23 1B,1.79,137,1.95,-0.16,596,593,521,71,137,17,0,23,223,84,0,0,52,20,8,102,16,0,3,0.263,0.351,0.428,0.779,0.138,117.0,112159
5,이도윤,23 SS,1.64,106,0.91,0.73,346,331,309,36,78,13,2,1,98,13,11,3,18,4,1,55,6,15,0,0.252,0.302,0.317,0.619,0.082,70.0,114149
6,문현빈,23 CF,1.38,137,1.49,-0.11,481,470,428,47,114,22,2,5,155,49,5,1,33,6,2,84,7,9,5,0.266,0.324,0.362,0.686,0.106,89.6,154229
7,김태연,23 1B,1.16,91,0.6,0.56,280,278,245,25,64,13,0,4,89,25,5,1,27,3,1,59,3,1,4,0.261,0.337,0.363,0.7,0.113,96.6,125859
8,최인호,23 LF,1.11,41,0.82,0.28,148,146,131,23,39,5,3,2,56,11,1,0,10,4,0,22,2,2,1,0.298,0.363,0.427,0.79,0.146,125.0,147079
9,정은원,23 2B,0.74,122,0.83,-0.09,459,453,388,50,86,12,0,2,104,30,6,3,62,3,1,73,4,5,1,0.222,0.333,0.268,0.601,0.089,76.1,131379
10,이민준,23 SS,0.07,4,0.02,0.05,2,2,1,0,0,0,0,0,0,0,0,0,1,0,0,0,0,0,0,0.0,0.5,0.0,0.5,0.166,136.1,154239
11,이재용,23 C,0.03,2,-0.01,0.03,2,2,2,1,1,0,0,0,1,0,0,0,0,0,0,1,0,0,0,0.5,0.5,0.5,1.0,0.222,173.2,129029
12,강재민,23 P,0.0,0,0.0,0.0,0,0,0,0,0,0,0,0,0,0,0,0,0,0,0,0,0,0,0,,,,,,,147089
12,박상원,23 P,0.0,3,0.0,0.0,0,0,0,0,0,0,0,0,0,0,0,0,0,0,0,0,0,0,0,,,,,,,128719
12,김서현,23 P,0.0,1,0.0,0.0,0,0,0,0,0,0,0,0,0,0,0,0,0,0,0,0,0,0,0,,,,,,,154219
12,정우람,23 P,0.0,0,0.0,0.0,0,0,0,0,0,0,0,0,0,0,0,0,0,0,0,0,0,0,0,,,,,,,101569
12,윤대경,23 P,0.0,1,0.0,0.0,0,0,0,0,0,0,0,0,0,0,0,0,0,0,0,0,0,0,0,,,,,,,111109
12,이태양,23 P,0.0,1,0.0,0.0,0,0,0,0,0,0,0,0,0,0,0,0,0,0,0,0,0,0,0,,,,,,,106099
12,박준영,23 P,0.0,1,0.0,0.0,0,0,0,0,0,0,0,0,0,0,0,0,0,0,0,0,0,0,0,,,,,,,150149
19,이원석,23 CF,-0.01,81,-0.18,0.17,138,138,116,20,22,1,1,0,25,8,13,3,21,1,0,33,3,0,0,0.19,0.319,0.216,0.535,0.071,60.5,131389
20,유상빈,23 DH,-0.01,3,-0.03,0.02,8,8,6,1,0,0,0,0,0,0,0,0,1,1,0,1,0,0,0,0.0,0.25,0.0,0.25,0.005,4.2,151419
21,오선진,23 SS,-0.04,90,0.25,-0.29,199,196,165,17,38,6,0,0,44,14,2,0,24,5,0,34,7,3,2,0.23,0.342,0.267,0.609,0.095,80.7,105579
22,노수광,23 LF,-0.08,30,-0.08,0.0,94,92,77,6,17,5,0,0,22,4,2,1,13,0,0,27,3,2,2,0.221,0.326,0.286,0.612,0.091,76.7,112689
23,장운호,23 RF,-0.1,4,0.03,-0.13,11,11,9,1,2,0,0,0,2,1,0,0,2,0,0,2,0,0,0,0.222,0.364,0.222,0.586,0.096,82.5,111229
24,장지승,23 LF,-0.11,3,-0.08,-0.04,3,3,3,0,0,0,0,0,0,0,0,0,0,0,0,0,0,0,0,0.0,0.0,0.0,0.0,-0.167,-145.6,148809
25,김인환,23 1B,-0.18,112,-0.36,0.18,365,365,325,34,73,16,0,7,110,42,1,0,35,2,2,91,4,0,3,0.225,0.301,0.338,0.639,0.089,75.4,125899
26,이상혁,23 CF,-0.18,7,-0.08,-0.1,2,2,2,0,0,0,0,0,0,0,1,1,0,0,0,1,0,0,0,0.0,0.0,0.0,0.0,-0.167,-130.0,151399
27,이성곤,23 DH,-0.25,8,-0.21,-0.04,16,15,14,2,2,0,0,0,2,0,0,0,1,0,0,3,0,1,0,0.143,0.2,0.143,0.343,-0.019,-15.7,112069
28,김건,23 DH,-0.33,7,-0.16,-0.17,12,12,12,1,2,0,0,0,2,0,0,0,0,0,0,8,0,0,0,0.167,0.167,0.167,0.334,-0.037,-31.4,142099
29,허관회,23 C,-0.34,10,-0.19,-0.15,7,7,7,1,0,0,0,0,0,0,0,0,0,0,0,2,0,0,0,0.0,0.0,0.0,0.0,-0.167,-139.5,142049
30,박상언,23 C,-0.35,86,-0.34,-0.01,161,158,145,13,29,5,1,1,39,13,1,2,10,1,0,38,6,3,2,0.2,0.253,0.269,0.522,0.045,37.9,125879
31,이명기,23 DH,-0.37,14,-0.39,0.02,42,42,40,2,7,1,0,0,8,5,1,0,2,0,0,9,0,0,0,0.175,0.214,0.2,0.414,0.003,2.7,101199
32,하주석,23 SS,-0.53,25,-0.31,-0.22,38,38,35,4,4,1,0,0,5,2,0,0,2,1,0,10,0,0,0,0.114,0.184,0.143,0.327,-0.022,-18.3,109139
33,박정현,23 SS,-0.54,53,-0.35,-0.18,113,110,105,12,19,6,0,2,31,4,0,0,3,2,0,36,2,3,0,0.181,0.218,0.295,0.513,0.036,30.3,147049
34,윌리엄스,23 LF,-0.63,68,-0.15,-0.48,273,273,258,29,63,14,0,9,104,45,1,1,8,4,0,63,6,0,3,0.244,0.275,0.403,0.678,0.093,78.5,156479
35,유로결,23 RF,-0.63,27,-0.65,0.02,53,52,48,5,7,1,0,0,8,5,1,0,1,1,0,10,3,1,2,0.146,0.173,0.167,0.34,-0.029,-24.3,141269
36,장진혁,23 CF,-0.65,68,-0.49,-0.16,178,178,162,24,36,5,1,0,43,12,5,4,15,0,0,41,3,0,1,0.222,0.287,0.265,0.552,0.061,52.6,125839
37,권광민,23 LF,-0.84,66,-0.45,-0.38,81,80,73,11,11,1,1,2,20,9,2,0,6,1,0,24,2,1,0,0.151,0.225,0.274,0.499,0.036,30.9,136769
38,오그레디,23 LF,-0.98,22,-0.93,-0.05,86,86,80,3,10,3,0,0,13,8,1,0,5,0,0,40,0,0,1,0.125,0.174,0.163,0.337,-0.025,-20.8,155419
1,홍창기,23 RF,6.67,141,5.74,0.93,643,638,524,109,174,35,2,1,216,65,23,23,88,22,3,83,6,3,6,0.332,0.444,0.412,0.856,0.183,161.3,125466
2,오지환,23 SS,5.01,126,4.66,0.35,502,498,422,65,113,24,3,8,167,62,16,7,64,8,0,82,4,4,4,0.268,0.371,0.396,0.767,0.144,127.0,104756
3,오스틴,23 1B,4.97,139,4.9,0.07,583,583,520,87,163,29,4,23,269,95,7,3,53,3,2,75,11,0,7,0.313,0.376,0.517,0.893,0.175,153.9,155326
4,박동원,23 C,4.13,130,4.02,0.11,481,471,409,54,102,17,1,20,181,75,0,1,49,7,3,90,7,8,8,0.249,0.334,0.443,0.777,0.134,117.7,103876
5,문보경,23 3B,3.99,131,4.32,-0.33,542,533,469,77,141,29,5,10,210,72,9,8,58,2,2,83,5,9,4,0.301,0.377,0.448,0.825,0.158,138.5,141376
6,문성주,23 LF,3.58,136,2.86,0.72,534,528,449,77,132,21,4,2,167,57,24,14,67,8,0,34,10,6,4,0.294,0.392,0.372,0.764,0.146,129.1,131126
7,박해민,23 CF,3.35,144,2.43,0.92,558,534,485,80,138,14,2,6,174,59,26,12,45,3,0,74,7,24,1,0.285,0.348,0.359,0.707,0.117,103.4,111906
8,김현수,23 DH,1.64,133,1.71,-0.07,556,555,488,53,143,22,2,6,187,88,2,1,58,1,4,53,10,1,8,0.293,0.364,0.383,0.747,0.13,114.4,101876
9,김민성,23 2B,1.62,112,1.14,0.48,316,307,273,34,68,11,0,8,103,41,2,1,25,7,0,58,7,9,2,0.249,0.326,0.377,0.703,0.114,100.7,102386
10,신민재,23 2B,1.21,122,0.98,0.24,331,314,282,47,78,5,2,0,87,28,37,17,29,1,0,34,5,17,2,0.277,0.344,0.309,0.653,0.1,87.7,130566
11,이천웅,23 LF,0.13,4,0.16,-0.03,3,3,3,0,3,0,0,0,3,1,0,0,0,0,0,0,0,0,0,1.0,1.0,1.0,2.0,0.612,520.1,109356
12,안익훈,23 RF,0.05,11,0.04,0.01,23,23,22,1,7,1,0,0,8,2,0,0,0,1,0,2,0,0,0,0.318,0.348,0.364,0.712,0.117,103.7,113476
13,이재원,23 LF,0.05,57,0.17,-0.13,129,128,112,15,24,5,0,4,41,18,4,2,12,2,2,40,1,0,3,0.214,0.295,0.366,0.661,0.091,80.4,131046
14,이정용,23 P,0.0,1,0.0,0.0,0,0,0,0,0,0,0,0,0,0,0,0,0,0,0,0,0,0,0,,,,,,,141346
14,김대현,23 P,0.0,2,0.0,0.0,0,0,0,0,0,0,0,0,0,0,0,0,0,0,0,0,0,0,0,,,,,,,125326
14,채지선,23 P,0.0,1,0.0,0.0,0,0,0,0,0,0,0,0,0,0,0,0,0,0,0,0,0,0,0,,,,,,,113876
14,오석주,23 P,0.0,1,0.0,0.0,0,0,0,0,0,0,0,0,0,0,0,0,0,0,0,0,0,0,0,,,,,,,128606
14,최동환,23 P,0.0,3,0.0,0.0,0,0,0,0,0,0,0,0,0,0,0,0,0,0,0,0,0,0,0,,,,,,,105356
14,박명근,23 P,0.0,2,0.0,0.0,0,0,0,0,0,0,0,0,0,0,0,0,0,0,0,0,0,0,0,,,,,,,154866
14,김동규,23 P,0.0,1,0.0,0.0,0,0,0,0,0,0,0,0,0,0,0,0,0,0,0,0,0,0,0,,,,,,,154856
14,고우석,23 P,0.0,1,0.0,0.0,0,0,0,0,0,0,0,0,0,0,0,0,0,0,0,0,0,0,0,,,,,,,129076
22,전준호,23 C,-0.02,2,-0.02,0.0,1,1,1,0,0,0,0,0,0,1,0,0,0,0,0,0,0,0,0,0.0,0.0,0.0,0.0,-0.167,-140.9,128646
23,허도환,23 C,-0.03,47,-0.04,0.01,81,74,64,8,9,3,0,2,18,10,0,0,3,6,0,20,3,7,1,0.141,0.243,0.281,0.524,0.053,46.0,106846
24,김주성,23 SS,-0.06,11,0.06,-0.12,7,7,5,1,1,0,0,0,1,0,0,0,1,1,0,2,0,0,0,0.2,0.429,0.2,0.629,0.141,123.9,125456
25,이주형,23 CF,-0.1,18,0.07,-0.17,16,16,15,2,4,2,0,0,6,2,0,0,0,1,0,5,0,0,0,0.267,0.313,0.4,0.713,0.118,104.9,145916
26,송대현,23 SS,-0.16,4,-0.07,-0.09,3,3,3,0,0,0,0,0,0,0,0,0,0,0,0,2,0,0,0,0.0,0.0,0.0,0.0,-0.167,-150.8,154926
27,최승민,23 CF,-0.19,38,-0.2,0.01,15,15,14,10,1,0,0,0,1,1,8,3,1,0,0,4,1,0,0,0.071,0.133,0.071,0.204,-0.071,-63.7,141876
28,송찬의,23 DH,-0.32,19,-0.22,-0.1,22,22,18,2,1,1,0,0,2,1,1,0,4,0,0,6,0,0,0,0.056,0.227,0.111,0.338,0.006,5.3,131096
29,손호영,23 SS,-0.36,27,-0.23,-0.14,45,45,44,8,9,0,0,1,12,6,2,1,1,0,0,12,5,0,0,0.205,0.222,0.273,0.495,0.025,21.8,145906
30,김범석,23 1B,-0.47,10,-0.26,-0.21,29,29,27,3,3,1,0,1,7,4,0,0,1,0,0,5,1,0,1,0.111,0.138,0.259,0.397,-0.018,-15.9,154846
31,김기연,23 C,-0.67,28,-0.21,-0.46,40,39,34,3,4,0,0,0,4,2,1,0,5,0,0,10,0,1,0,0.118,0.231,0.118,0.349,-0.002,-1.6,125496
32,정주현,23 1B,-0.88,89,-0.02,-0.85,101,98,88,17,24,2,0,1,29,12,1,5,9,0,0,16,1,2,1,0.273,0.337,0.33,0.667,0.099,87.9,104806
33,서건창,23 2B,-0.9,44,-0.44,-0.46,126,123,110,14,22,5,2,0,31,12,3,3,10,0,0,14,5,3,3,0.2,0.26,0.282,0.542,0.053,46.1,108556
1,전준우,23 DH,3.41,138,3.75,-0.34,559,556,493,80,154,21,3,17,232,77,9,2,52,7,4,65,12,0,7,0.312,0.381,0.471,0.852,0.163,134.5,102662
2,유강남,23 C,2.34,121,2.33,0.0,403,401,352,45,92,13,0,10,135,55,1,1,37,8,1,64,13,2,4,0.261,0.342,0.384,0.726,0.122,100.9,107532
3,노진혁,23 SS,2.32,113,2.36,-0.04,390,386,334,43,86,26,1,4,126,51,7,2,45,3,1,84,3,4,4,0.257,0.347,0.377,0.724,0.125,103.2,111652
4,안치홍,23 2B,2.3,121,2.77,-0.46,494,487,425,57,124,20,1,8,170,63,3,3,49,10,3,53,14,5,5,0.292,0.374,0.4,0.774,0.142,117.5,100142
5,박승욱,23 2B,1.82,123,2.04,-0.22,338,327,290,37,83,18,3,0,107,30,15,4,35,1,0,87,5,11,1,0.286,0.364,0.369,0.733,0.131,108.7,108042
6,정보근,23 C,1.33,55,1.37,-0.05,101,97,81,11,27,6,1,1,38,13,1,0,14,1,0,13,1,4,1,0.333,0.433,0.469,0.902,0.193,158.9,131542
7,안권수,23 LF,0.99,95,0.42,0.57,309,302,268,42,72,6,1,2,86,29,16,7,30,1,1,40,4,7,3,0.269,0.341,0.321,0.662,0.102,84.8,145712
8,정훈,23 1B,0.75,80,1.24,-0.49,233,228,201,40,56,14,0,6,88,31,2,0,26,0,1,39,4,4,2,0.279,0.358,0.438,0.796,0.145,118.8,102532
9,구드럼,23 3B,0.39,50,1.15,-0.75,201,201,173,16,51,14,1,0,67,28,0,0,23,1,1,46,6,0,4,0.295,0.373,0.387,0.76,0.138,115.0,156512
10,윤동희,23 RF,0.35,107,0.34,0.01,423,421,387,45,111,18,1,2,137,41,3,6,28,1,0,69,10,2,5,0.287,0.333,0.354,0.687,0.106,88.0,150482
11,손성빈,23 C,0.29,45,0.08,0.21,80,78,76,13,20,3,0,1,26,15,0,0,2,0,0,10,3,2,0,0.263,0.282,0.342,0.624,0.076,63.7,147962
12,배영빈,23 SS,0.21,18,0.25,-0.04,18,17,16,2,5,2,0,0,7,0,1,0,1,0,0,2,0,1,0,0.313,0.353,0.438,0.791,0.144,123.6,156252
13,장두성,23 CF,0.17,25,-0.03,0.2,15,14,13,7,2,0,0,0,2,1,2,0,1,0,0,3,1,1,0,0.154,0.214,0.154,0.368,-0.008,-6.9,131552
14,렉스,23 RF,0.12,55,0.4,-0.28,234,233,203,20,50,4,2,4,70,30,0,1,28,1,2,54,3,0,2,0.246,0.338,0.345,0.683,0.108,88.5,151522
15,김민석,23 CF,0.1,129,0.73,-0.63,454,441,400,53,102,24,0,3,135,39,16,3,31,6,1,112,6,12,5,0.255,0.314,0.338,0.652,0.095,78.1,152532
16,고승민,23 1B,0.08,94,0.21,-0.13,308,301,255,35,57,14,2,2,81,24,8,3,42,1,3,64,2,6,4,0.224,0.331,0.318,0.649,0.1,82.5,141602
17,이정훈,23 DH,0.08,59,0.38,-0.3,171,171,152,17,45,7,0,1,55,17,1,1,13,3,0,28,1,0,3,0.296,0.357,0.362,0.719,0.122,101.2,129162
18,황성빈,23 LF,0.08,74,-0.63,0.71,191,183,170,22,36,5,2,0,45,8,9,5,12,1,0,27,1,8,0,0.212,0.268,0.265,0.533,0.051,42.3,146422
19,김동혁,23 RF,0.01,15,-0.07,0.07,9,9,7,3,0,0,0,0,0,0,1,0,2,0,0,3,0,0,0,0.0,0.222,0.0,0.222,-0.019,-15.6,156452
20,김원중,23 P,0.0,3,0.0,0.0,0,0,0,0,0,0,0,0,0,0,0,0,0,0,0,0,0,0,0,,,,,,,108252
20,김상수,23 P,0.0,1,0.0,0.0,0,0,0,0,0,0,0,0,0,0,0,0,0,0,0,0,0,0,0,,,,,,,104272
20,최영환,23 P,0.0,1,0.0,0.0,0,0,0,0,0,0,0,0,0,0,0,0,0,0,0,0,0,0,0,,,,,,,112762
24,지시완,23 C,0.0,6,-0.14,0.13,10,8,8,0,1,0,0,0,1,0,0,0,0,0,0,5,0,2,0,0.125,0.125,0.125,0.25,-0.07,-57.2,114132
25,박형준,23 LF,-0.03,1,-0.03,0.0,1,1,1,0,0,0,0,0,0,0,0,0,0,0,0,1,0,0,0,0.0,0.0,0.0,0.0,-0.167,-140.9,148612
26,국해성,23 DH,-0.04,6,-0.05,0.01,10,10,8,0,2,0,0,0,2,1,0,0,2,0,0,3,0,0,0,0.25,0.4,0.25,0.65,0.122,100.2,101722
27,윤수녕,23 RF,-0.05,3,-0.03,-0.02,4,4,4,0,1,0,0,0,1,1,0,0,0,0,0,1,0,0,0,0.25,0.25,0.25,0.5,0.028,23.0,156272
28,서동욱,23 RF,-0.12,13,-0.15,0.03,20,20,17,2,2,1,0,0,3,0,0,0,3,0,0,5,1,0,0,0.118,0.25,0.176,0.426,0.029,24.2,156242
29,이학주,23 SS,-0.17,104,0.14,-0.31,122,122,110,22,23,2,0,3,34,13,4,1,11,1,0,31,2,0,0,0.209,0.287,0.309,0.596,0.075,61.7,141142
30,김민수,23 3B,-0.26,25,-0.04,-0.22,51,50,43,4,9,1,1,0,12,2,0,0,7,0,0,17,2,1,0,0.209,0.32,0.279,0.599,0.088,71.4,129312
31,신윤후,23 LF,-0.38,28,-0.43,0.05,27,27,25,2,1,0,0,0,1,1,1,0,0,2,0,8,0,0,0,0.04,0.111,0.04,0.151,-0.086,-72.6,141692
32,정대선,23 2B,-0.54,19,-0.36,-0.18,47,46,40,5,6,1,0,0,7,6,0,0,2,2,0,8,0,1,2,0.15,0.217,0.175,0.392,0.002,2.0,154432
33,한동희,23 3B,-1.81,108,-0.94,-0.88,353,351,319,30,71,11,0,5,97,32,1,3,26,1,0,58,16,2,5,0.223,0.279,0.304,0.583,0.067,55.5,131452
1,박찬호,23 SS,4.09,130,3.64,0.46,507,500,452,73,136,18,4,3,171,52,30,8,40,2,0,56,13,7,6,0.301,0.356,0.378,0.734,0.127,109.5,112610
2,소크라테스,23 CF,3.88,142,3.51,0.37,608,606,547,91,156,31,3,20,253,96,15,6,52,1,4,80,13,0,8,0.285,0.344,0.463,0.807,0.144,125.0,149960
3,최형우,23 DH,3.73,121,4.11,-0.38,508,508,431,64,130,27,1,17,210,81,0,0,65,8,1,83,5,0,4,0.302,0.4,0.487,0.887,0.183,159.4,103440
4,김도영,23 3B,3.64,84,3.14,0.5,385,382,340,72,103,20,5,7,154,47,25,4,38,1,1,62,14,2,4,0.303,0.371,0.453,0.824,0.156,134.4,150560
5,나성범,23 RF,3.57,58,3.88,-0.31,253,253,222,51,81,12,1,18,149,57,0,0,26,1,0,36,1,0,4,0.365,0.427,0.671,1.098,0.243,209.8,111620
6,김선빈,23 2B,2.62,119,2.83,-0.21,473,465,419,41,134,16,0,0,150,48,3,1,38,5,0,26,10,8,3,0.32,0.381,0.358,0.739,0.132,114.9,100080
7,이우성,23 RF,2.3,126,1.92,0.38,400,393,355,39,107,17,0,8,148,58,8,1,31,5,4,81,10,6,3,0.301,0.363,0.417,0.78,0.141,122.4,110990
8,이창진,23 LF,1.36,104,1.37,-0.01,284,282,244,35,66,11,3,4,95,29,9,2,34,2,1,44,6,2,2,0.27,0.362,0.389,0.751,0.135,117.7,112330
9,고종욱,23 LF,0.56,114,0.68,-0.12,286,286,270,35,80,17,0,3,106,39,2,2,14,0,0,58,3,0,2,0.296,0.329,0.393,0.722,0.115,99.6,106590
10,한준수,23 C,0.52,48,0.32,0.2,94,93,86,9,22,4,0,2,32,12,0,0,7,0,0,26,2,1,0,0.256,0.312,0.372,0.684,0.104,89.2,131130
11,김규성,23 2B,0.52,99,0.32,0.2,177,172,158,29,37,6,1,2,51,11,6,2,13,1,0,43,2,5,0,0.234,0.297,0.323,0.62,0.083,71.8,125400
12,최원준,23 1B,0.35,67,0.45,-0.1,274,270,239,37,61,11,2,1,79,23,13,5,31,0,0,39,5,4,0,0.255,0.341,0.331,0.672,0.109,94.2,125340
13,박정우,23 RF,0.24,21,0.03,0.2,12,9,9,2,3,0,0,0,3,0,0,0,0,0,0,1,0,3,0,0.333,0.333,0.333,0.666,0.093,80.3,128690
14,김호령,23 CF,0.19,76,-0.36,0.55,107,104,95,16,17,7,0,0,24,6,1,0,8,1,0,38,1,3,0,0.179,0.25,0.253,0.503,0.043,37.8,112980
15,최정용,23 2B,0.16,56,-0.16,0.32,41,38,36,17,6,1,0,0,7,1,4,0,2,0,0,9,0,3,0,0.167,0.211,0.194,0.405,0.001,0.6,114070
16,홍종표,23 2B,0.11,40,0.06,0.05,12,11,7,10,0,0,0,0,0,0,0,0,3,1,0,1,0,1,0,0.0,0.364,0.0,0.364,0.079,64.9,146120
17,김선우,23 C,0.02,5,-0.08,0.1,7,7,7,0,1,0,0,0,1,0,0,0,0,0,0,2,0,0,0,0.143,0.143,0.143,0.286,-0.056,-48.3,148220
18,정해영,23 P,0.0,2,0.0,0.0,0,0,0,0,0,0,0,0,0,0,0,0,0,0,0,0,0,0,0,,,,,,,146080
18,김기훈,23 P,0.0,1,0.0,0.0,0,0,0,0,0,0,0,0,0,0,0,0,0,0,0,0,0,0,0,,,,,,,141760
18,박준표,23 P,0.0,1,0.0,0.0,0,0,0,0,0,0,0,0,0,0,0,0,0,0,0,0,0,0,0,,,,,,,110700
18,윤중현,23 P,0.0,1,0.0,0.0,0,0,0,0,0,0,0,0,0,0,0,0,0,0,0,0,0,0,0,,,,,,,131220
18,황동하,23 P,0.0,1,0.0,0.0,0,0,0,0,0,0,0,0,0,0,0,0,0,0,0,0,0,0,0,,,,,,,150630
23,류지혁,23 3B,-0.03,66,0.6,-0.62,253,250,220,28,59,6,1,0,67,17,4,2,27,3,1,43,5,2,1,0.268,0.355,0.305,0.66,0.106,93.8,108940
24,윤도현,23 3B,-0.06,1,-0.03,-0.04,1,1,1,0,0,0,0,0,0,0,0,0,0,0,0,1,0,0,0,0.0,0.0,0.0,0.0,-0.167,-149.7,150580
25,김태군,23 C,-0.21,65,-0.09,-0.12,203,198,186,17,48,6,0,0,54,24,2,1,5,4,0,19,9,5,3,0.258,0.288,0.29,0.578,0.064,54.9,104590
26,신범수,23 C,-0.21,36,-0.25,0.04,100,98,88,7,15,3,0,2,24,10,0,0,7,2,0,19,3,2,1,0.17,0.245,0.273,0.518,0.042,37.4,125410
27,오선우,23 1B,-0.23,33,-0.13,-0.1,31,31,28,2,5,0,0,2,11,5,0,0,3,0,0,15,0,0,0,0.179,0.258,0.393,0.651,0.084,73.2,141810
28,황대인,23 1B,-0.27,60,-0.48,0.21,199,198,174,19,37,4,0,5,56,26,0,0,18,4,2,50,6,0,3,0.213,0.296,0.322,0.618,0.081,70.5,113060
29,변우혁,23 1B,-0.33,83,0.11,-0.44,226,226,200,23,45,4,0,7,70,24,0,0,23,3,1,74,4,0,0,0.225,0.314,0.35,0.664,0.1,88.1,141240
30,김석환,23 1B,-0.43,12,-0.3,-0.14,26,25,23,1,3,1,0,0,4,3,0,0,2,0,0,9,1,1,0,0.13,0.2,0.174,0.374,-0.006,-4.7,129170
31,주효상,23 C,-0.53,19,-0.53,0.0,36,34,32,2,2,0,0,0,2,1,0,0,2,0,0,10,1,2,0,0.063,0.118,0.063,0.181,-0.082,-72.3,125670
32,한승택,23 C,-0.58,49,-0.48,-0.11,104,98,85,6,11,2,0,0,13,3,0,0,11,2,0,32,1,6,0,0.129,0.245,0.153,0.398,0.017,15.0,111190
1,알포드,23 LF,3.85,133,3.45,0.4,547,546,491,83,142,31,3,15,224,70,17,4,47,6,1,140,6,0,3,0.289,0.356,0.456,0.812,0.15,123.5,151448
2,장성우,23 C,3.29,131,3.15,0.14,464,460,410,37,118,22,0,11,173,65,1,1,42,2,1,70,12,3,7,0.288,0.351,0.422,0.773,0.136,110.5,102358
3,황재균,23 3B,3.14,109,2.7,0.44,457,454,407,62,120,26,2,6,168,49,3,3,45,1,1,64,15,3,1,0.295,0.366,0.413,0.779,0.142,116.0,104078
4,박병호,23 1B,2.66,132,1.91,0.75,493,493,431,53,122,15,0,18,191,87,2,0,46,8,2,114,9,0,8,0.283,0.357,0.443,0.8,0.144,118.2,104708
5,김민혁,23 RF,2.55,113,1.79,0.76,448,441,397,68,118,20,3,3,153,41,11,4,36,3,0,48,4,7,5,0.297,0.356,0.385,0.741,0.128,104.9,113398
6,김상수,23 SS,2.28,129,2.7,-0.43,512,504,443,58,120,19,1,3,150,56,5,6,55,3,0,68,9,8,3,0.271,0.353,0.339,0.692,0.116,95.3,103208
7,배정대,23 CF,1.67,97,1.66,0.01,361,356,311,48,86,16,0,2,108,38,13,3,38,3,1,76,2,4,5,0.277,0.356,0.347,0.703,0.118,96.8,112128
8,이호연,23 2B,0.99,85,0.77,0.22,234,233,212,28,59,5,1,3,75,17,4,2,16,4,0,41,6,1,1,0.278,0.339,0.354,0.693,0.111,90.4,131518
9,강백호,23 DH,0.74,71,0.85,-0.12,271,269,238,32,63,10,1,8,99,39,3,0,31,0,4,55,1,0,2,0.265,0.347,0.416,0.763,0.131,106.5,131688
10,오윤석,23 1B,0.55,82,0.35,0.21,223,216,199,24,50,13,1,4,77,17,3,1,13,5,1,44,7,6,0,0.251,0.313,0.387,0.7,0.11,90.7,113978
11,정준영,23 CF,0.38,34,0.16,0.22,55,51,48,6,14,2,0,0,16,6,0,0,3,0,0,11,1,4,0,0.292,0.333,0.333,0.666,0.1,80.7,155198
12,신본기,23 SS,0.28,40,0.23,0.05,75,74,54,8,11,2,0,1,16,7,0,1,14,2,0,8,3,1,4,0.204,0.365,0.296,0.661,0.117,94.9,108408
13,박경수,23 2B,0.2,107,0.32,-0.12,221,216,185,12,37,13,0,1,53,12,0,0,30,1,1,46,2,5,0,0.2,0.315,0.286,0.601,0.087,71.3,104698
14,송민섭,23 RF,0.19,69,-0.23,0.42,25,25,23,6,3,0,0,0,3,0,3,1,1,1,0,8,0,0,0,0.13,0.2,0.13,0.33,-0.018,-15.3,113428
15,강민성,23 3B,0.18,12,0.01,0.17,27,26,22,2,4,1,0,0,5,0,0,0,4,0,0,10,0,1,0,0.182,0.308,0.227,0.535,0.069,56.4,141918
16,장준원,23 SS,0.16,69,-0.06,0.22,104,101,87,10,15,2,1,1,22,10,3,0,12,1,0,25,1,3,1,0.172,0.277,0.253,0.53,0.058,48.0,112148
17,홍현빈,23 CF,0.15,44,0.19,-0.05,86,86,73,15,17,2,0,0,19,1,2,0,13,0,0,21,2,0,0,0.233,0.349,0.26,0.609,0.096,78.2,129418
18,안치영,23 RF,0.14,76,0.24,-0.1,136,133,124,20,36,3,1,0,41,9,7,1,6,2,0,35,1,3,1,0.29,0.331,0.331,0.662,0.098,79.7,130068
19,문상인,23 C,0.02,1,0.05,-0.02,1,1,0,0,0,0,0,0,0,0,0,0,1,0,0,0,0,0,0,,1.0,,,0.498,387.9,132278
20,김병준,23 CF,0.02,3,-0.08,0.1,2,2,2,0,0,0,0,0,0,0,0,0,0,0,0,2,0,0,0,0.0,0.0,0.0,0.0,-0.167,-131.7,150978
21,김준태,23 C,0.01,69,0.26,-0.25,136,135,115,10,24,4,0,3,37,23,1,0,19,1,0,32,3,1,0,0.209,0.326,0.322,0.648,0.102,85.1,108358
22,손민석,23 2B,0.0,9,-0.04,0.04,12,12,10,2,1,0,0,0,1,1,0,0,1,1,0,3,0,0,0,0.1,0.25,0.1,0.35,0.013,10.1,155208
23,이선우,23 P,0.0,1,0.0,0.0,0,0,0,0,0,0,0,0,0,0,0,0,0,0,0,0,0,0,0,,,,,,,141118
23,하준호,23 P,0.0,1,0.0,0.0,0,0,0,0,0,0,0,0,0,0,0,0,0,0,0,0,0,0,0,,,,,,,103048
23,박영현,23 P,0.0,3,0.0,0.0,0,0,0,0,0,0,0,0,0,0,0,0,0,0,0,0,0,0,0,,,,,,,150898
23,김재윤,23 P,0.0,5,0.0,0.0,0,0,0,0,0,0,0,0,0,0,0,0,0,0,0,0,0,0,0,,,,,,,114898
23,김영현,23 P,0.0,1,0.0,0.0,0,0,0,0,0,0,0,0,0,0,0,0,0,0,0,0,0,0,0,,,,,,,148698
23,이채호,23 P,0.0,1,0.0,0.0,0,0,0,0,0,0,0,0,0,0,0,0,0,0,0,0,0,0,0,,,,,,,131308
23,이상동,23 P,0.0,1,0.0,0.0,0,0,0,0,0,0,0,0,0,0,0,0,0,0,0,0,0,0,0,,,,,,,141098
23,김민,23 P,0.0,1,0.0,0.0,0,0,0,0,0,0,0,0,0,0,0,0,0,0,0,0,0,0,0,,,,,,,131678
31,박민석,23 SS,-0.08,4,-0.02,-0.06,4,4,4,1,1,0,0,0,1,0,0,0,0,0,0,3,0,0,0,0.25,0.25,0.25,0.5,0.028,21.6,141108
32,김병희,23 3B,-0.09,5,-0.15,0.06,9,9,8,0,0,0,0,0,0,0,0,0,1,0,0,4,0,0,0,0.0,0.111,0.0,0.111,-0.093,-73.8,113308
33,조용호,23 RF,-0.12,63,0.0,-0.13,184,184,161,20,40,2,0,0,42,7,4,0,23,0,0,25,3,0,0,0.248,0.342,0.261,0.603,0.089,73.5,129438
34,문상준,23 2B,-0.25,2,-0.05,-0.2,5,5,5,1,1,0,0,0,1,0,0,0,0,0,0,4,0,0,0,0.2,0.2,0.2,0.4,-0.011,-9.0,147208
35,문상철,23 DH,-0.26,112,0.15,-0.41,330,328,304,30,79,20,0,9,126,46,3,1,16,3,1,81,4,1,6,0.26,0.298,0.414,0.712,0.106,87.0,113338
36,강현우,23 C,-0.27,53,-0.26,-0.02,111,110,103,11,20,6,0,1,29,11,0,1,6,1,0,17,3,1,0,0.194,0.245,0.282,0.527,0.046,38.1,146038
37,이시원,23 RF,-0.33,29,-0.35,0.02,32,31,29,4,4,0,0,0,4,1,0,1,2,0,0,6,0,1,0,0.138,0.194,0.138,0.332,-0.024,-18.8,125268
38,류현인,23 3B,-0.46,17,-0.27,-0.19,24,24,23,6,3,0,0,0,3,3,0,0,1,0,0,4,0,0,0,0.13,0.167,0.13,0.297,-0.042,-34.0,155238
39,이상호,23 2B,-0.64,63,-0.56,-0.08,60,56,54,15,8,1,0,0,9,5,2,0,2,0,0,9,2,4,0,0.148,0.179,0.167,0.346,-0.025,-21.0,111478
1,구자욱,23 RF,5.26,119,4.85,0.41,515,511,453,65,152,37,1,11,224,71,12,4,53,4,2,81,5,2,3,0.336,0.407,0.494,0.901,0.185,154.3,108923
2,강민호,23 C,3.3,125,3.6,-0.3,495,492,434,60,126,19,0,16,193,77,6,1,49,6,4,65,17,1,5,0.29,0.366,0.445,0.811,0.149,123.5,102323
3,이재현,23 SS,2.65,143,2.43,0.22,538,522,458,61,114,19,2,12,173,60,5,4,52,6,0,89,9,16,6,0.249,0.33,0.378,0.708,0.115,95.9,150343
4,김지찬,23 2B,2.4,99,2.91,-0.51,355,348,291,59,85,4,2,1,96,18,13,1,48,9,0,36,1,7,0,0.292,0.408,0.33,0.738,0.144,119.3,146183
5,김성윤,23 RF,1.93,101,1.44,0.49,272,268,245,40,77,4,6,2,99,28,20,4,14,4,0,35,2,4,5,0.314,0.354,0.404,0.758,0.13,109.0,129363
6,이원석,23 1B,0.97,19,1.01,-0.04,72,72,58,6,21,4,0,1,28,10,0,1,14,0,0,8,1,0,0,0.362,0.486,0.483,0.969,0.223,188.4,101803
7,김동진,23 2B,0.73,44,0.31,0.41,137,134,122,14,32,7,0,0,39,8,3,0,9,1,0,26,4,3,2,0.262,0.313,0.32,0.633,0.088,73.8,148633
8,피렐라,23 LF,0.64,139,1.6,-0.96,605,605,557,66,159,28,1,16,237,80,6,4,42,4,5,69,20,0,2,0.285,0.339,0.425,0.764,0.13,107.9,147573
9,김현준,23 CF,0.63,109,0.85,-0.23,479,471,433,62,119,10,6,3,150,46,5,5,30,5,0,84,5,8,3,0.275,0.327,0.346,0.673,0.102,85.2,148673
10,김재성,23 C,0.45,57,0.32,0.13,125,123,99,7,19,3,0,1,25,7,0,1,19,5,1,31,4,2,0,0.192,0.35,0.253,0.603,0.1,82.3,113443
11,류지혁,23 3B,0.41,66,0.41,0.0,269,261,235,35,63,5,0,2,74,28,22,0,19,3,0,30,7,8,4,0.268,0.326,0.315,0.641,0.092,76.7,108943
12,김태군,23 C,0.38,49,0.18,0.2,143,139,125,7,32,4,1,1,41,18,0,0,10,4,1,11,8,3,1,0.256,0.329,0.328,0.657,0.099,82.2,104593
13,오재일,23 1B,0.3,106,-0.29,0.59,364,364,315,31,64,15,0,11,112,54,1,0,43,3,1,110,1,0,3,0.203,0.302,0.356,0.658,0.098,81.3,104003
14,김영웅,23 3B,0.09,55,-0.22,0.32,103,100,91,11,17,6,0,2,29,12,1,0,8,0,0,28,2,3,1,0.187,0.25,0.319,0.569,0.06,49.1,150353
15,이해승,23 3B,0.03,9,-0.02,0.05,4,4,4,0,1,1,0,0,2,0,0,0,0,0,0,1,0,0,0,0.25,0.25,0.5,0.75,0.119,104.3,141213
16,김태훈,23 P,0.0,2,0.0,0.0,0,0,0,0,0,0,0,0,0,0,0,0,0,0,0,0,0,0,0,,,,,,,108713
16,오승환,23 P,0.0,3,0.0,0.0,0,0,0,0,0,0,0,0,0,0,0,0,0,0,0,0,0,0,0,,,,,,,103673
16,김대우,23 P,0.0,1,0.0,0.0,0,0,0,0,0,0,0,0,0,0,0,0,0,0,0,0,0,0,0,,,,,,,106853
16,이승현,23 P,0.0,2,0.0,0.0,0,0,0,0,0,0,0,0,0,0,0,0,0,0,0,0,0,0,0,,,,,,,105273
16,이승현,23 P,0.0,2,0.0,0.0,0,0,0,0,0,0,0,0,0,0,0,0,0,0,0,0,0,0,0,,,,,,,147983
16,김서준,23 P,0.0,1,0.0,0.0,0,0,0,0,0,0,0,0,0,0,0,0,0,0,0,0,0,0,0,,,,,,,150393
16,이재익,23 P,0.0,1,0.0,0.0,0,0,0,0,0,0,0,0,0,0,0,0,0,0,0,0,0,0,0,,,,,,,132443
23,김재상,23 2B,-0.02,17,-0.03,0.01,22,22,20,1,3,0,0,1,6,2,0,0,2,0,0,4,1,0,0,0.15,0.227,0.3,0.527,0.043,35.1,154993
24,이상민,23 P,-0.03,1,-0.03,0.0,1,1,1,0,0,0,0,0,0,0,0,0,0,0,0,0,0,0,0,0.0,0.0,0.0,0.0,-0.167,-147.9,111693
25,김민수,23 C,-0.04,2,-0.02,-0.01,1,1,1,0,0,0,0,0,0,0,0,0,0,0,0,1,0,0,0,0.0,0.0,0.0,0.0,-0.167,-133.4,112663
26,김도환,23 C,-0.07,9,-0.08,0.02,8,8,7,0,1,0,0,0,1,0,0,0,1,0,0,0,0,0,0,0.143,0.25,0.143,0.393,0.014,11.8,141153
27,윤정빈,23 1B,-0.07,28,-0.03,-0.04,43,43,34,5,5,0,0,1,8,3,1,0,7,2,0,12,1,0,0,0.147,0.326,0.235,0.561,0.087,72.0,131613
28,강준서,23 CF,-0.07,10,-0.06,-0.01,15,15,14,2,3,1,0,0,4,0,0,1,1,0,0,2,0,0,0,0.214,0.267,0.286,0.553,0.058,48.3,155013
29,송준석,23 DH,-0.07,7,-0.05,-0.02,8,8,8,0,2,0,0,0,2,1,0,0,0,0,0,0,0,0,0,0.25,0.25,0.25,0.5,0.028,24.8,112003
30,김헌곤,23 LF,-0.2,6,-0.1,-0.1,4,4,4,0,0,0,0,0,0,0,0,0,0,0,0,1,0,0,0,0.0,0.0,0.0,0.0,-0.167,-151.6,106403
31,이태훈,23 1B,-0.21,12,-0.06,-0.15,14,14,13,1,3,1,0,0,4,0,0,0,1,0,0,7,0,0,0,0.231,0.286,0.308,0.594,0.074,59.8,131603
32,김동엽,23 DH,-0.22,69,0.02,-0.25,182,182,165,20,42,7,0,5,64,18,1,1,13,2,0,29,8,0,2,0.255,0.313,0.388,0.701,0.108,88.4,125483
33,이성규,23 CF,-0.23,109,-0.49,0.26,162,158,145,23,30,10,1,1,45,18,4,3,8,3,0,42,4,4,2,0.207,0.259,0.31,0.569,0.062,51.0,125623
34,이병헌,23 C,-0.3,23,-0.24,-0.06,33,32,28,3,4,0,0,0,4,2,0,0,3,0,0,11,0,1,1,0.143,0.219,0.143,0.362,-0.007,-5.9,141173
35,조민성,23 1B,-0.32,15,-0.35,0.03,29,29,29,1,6,2,0,0,8,5,0,1,0,0,0,6,1,0,0,0.207,0.207,0.276,0.483,0.019,15.9,150403
36,안주형,23 2B,-0.34,53,0.03,-0.37,91,90,79,12,19,2,0,1,24,10,0,0,10,0,0,20,3,1,1,0.241,0.322,0.304,0.626,0.09,74.3,129883
37,강한울,23 3B,-0.37,72,-0.66,0.29,240,234,212,30,46,7,2,0,57,10,1,3,20,0,1,54,4,6,2,0.217,0.282,0.269,0.551,0.059,48.9,112553
38,공민규,23 3B,-0.39,22,-0.22,-0.16,33,33,31,0,6,1,1,0,9,2,0,0,2,0,0,13,1,0,0,0.194,0.242,0.29,0.532,0.047,39.6,131643
39,김상민,23 LF,-0.39,8,-0.15,-0.24,13,13,12,3,1,0,0,0,1,0,0,0,1,0,0,3,0,0,0,0.083,0.154,0.083,0.237,-0.056,-45.4,150423
40,김호재,23 3B,-0.44,75,-0.47,0.03,127,122,116,6,25,7,0,0,32,9,2,0,6,0,0,17,4,5,0,0.216,0.254,0.276,0.53,0.046,38.8,132403
41,김태훈,23 LF,-0.46,11,-0.45,-0.01,22,21,21,0,2,1,0,0,3,1,0,1,0,0,0,9,1,1,0,0.095,0.095,0.143,0.238,-0.075,-61.6,113363
42,류승민,23 RF,-0.5,24,-0.25,-0.25,57,55,52,5,11,3,0,0,14,5,0,0,2,1,0,19,0,2,0,0.212,0.255,0.269,0.524,0.046,37.7,155033
1,최정,23 3B,5.25,128,5.51,-0.26,552,547,471,94,140,31,0,29,258,87,7,3,59,15,6,87,12,1,6,0.297,0.388,0.548,0.936,0.189,157.6,101064
2,에레디아,23 LF,3.82,122,3.61,0.21,523,519,473,76,153,29,0,12,218,76,12,8,39,9,4,75,13,1,1,0.323,0.385,0.461,0.846,0.163,135.9,155304
3,박성한,23 SS,3.54,128,3.17,0.37,529,521,459,53,122,19,0,9,168,47,4,1,58,1,1,56,7,7,4,0.266,0.347,0.366,0.713,0.12,99.7,129224
4,하재훈,23 LF,2.44,77,2.12,0.33,229,226,201,35,61,10,1,7,94,35,11,0,19,5,1,53,0,2,2,0.303,0.374,0.468,0.842,0.161,134.0,141474
5,추신수,23 DH,1.72,112,1.94,-0.21,462,462,382,65,97,17,1,12,152,41,6,4,65,13,1,79,8,0,2,0.254,0.379,0.398,0.777,0.149,124.2,148884
6,김민식,23 C,1.33,122,0.84,0.49,318,300,266,28,58,9,1,5,84,34,0,0,31,2,1,57,6,17,2,0.218,0.302,0.316,0.618,0.085,70.5,107074
7,최지훈,23 CF,1.26,117,1.61,-0.36,503,495,462,65,124,19,8,2,165,30,21,2,29,3,0,50,3,8,1,0.268,0.315,0.357,0.672,0.101,83.4,145874
8,김성현,23 2B,1.19,112,1.06,0.14,354,341,310,35,83,14,0,1,100,27,4,1,29,0,1,36,6,13,2,0.268,0.328,0.323,0.651,0.096,79.6,106364
9,최주환,23 2B,0.97,134,1.53,-0.56,478,474,426,48,100,24,0,20,184,63,0,0,44,4,4,94,6,1,3,0.235,0.31,0.432,0.742,0.12,99.3,101824
10,한유섬,23 RF,0.82,109,1.44,-0.62,388,386,333,29,91,15,2,7,131,55,2,1,34,12,1,81,3,2,7,0.273,0.355,0.393,0.748,0.132,109.8,108154
11,최준우,23 2B,0.36,38,0.05,0.31,69,69,60,5,16,1,0,0,17,6,0,1,8,0,0,10,3,0,1,0.267,0.348,0.283,0.631,0.096,80.1,131284
12,오태곤,23 1B,0.33,123,0.41,-0.07,305,297,272,37,65,14,1,7,102,28,20,1,18,4,0,67,6,8,3,0.239,0.293,0.375,0.668,0.095,79.4,102494
13,최상민,23 CF,0.16,51,-0.07,0.22,41,39,34,5,8,0,0,0,8,3,2,2,4,0,0,7,0,2,1,0.235,0.308,0.235,0.543,0.061,51.3,131954
14,김강민,23 CF,0.12,70,0.2,-0.09,166,163,137,20,31,3,0,2,40,7,2,1,23,1,1,38,2,2,3,0.226,0.335,0.292,0.627,0.095,78.3,101084
15,강진성,23 1B,0.1,55,0.03,0.07,142,141,131,10,34,6,1,3,51,17,0,0,6,3,0,20,2,1,1,0.26,0.305,0.389,0.694,0.105,87.8,111484
16,임준섭,23 P,0.0,1,0.0,0.0,0,0,0,0,0,0,0,0,0,0,0,0,0,0,0,0,0,0,0,,,,,,,107954
16,이건욱,23 P,0.0,1,0.0,0.0,0,0,0,0,0,0,0,0,0,0,0,0,0,0,0,0,0,0,0,,,,,,,112424
16,노경은,23 P,0.0,1,0.0,0.0,0,0,0,0,0,0,0,0,0,0,0,0,0,0,0,0,0,0,0,,,,,,,102034
16,서진용,23 P,0.0,3,0.0,0.0,0,0,0,0,0,0,0,0,0,0,0,0,0,0,0,0,0,0,0,,,,,,,107844
16,최민준,23 P,0.0,1,0.0,0.0,0,0,0,0,0,0,0,0,0,0,0,0,0,0,0,0,0,0,0,,,,,,,131264
16,문승원,23 P,0.0,1,0.0,0.0,0,0,0,0,0,0,0,0,0,0,0,0,0,0,0,0,0,0,0,,,,,,,107834
16,고효준,23 P,0.0,2,0.0,0.0,0,0,0,0,0,0,0,0,0,0,0,0,0,0,0,0,0,0,0,,,,,,,101244
16,백승건,23 P,0.0,1,0.0,0.0,0,0,0,0,0,0,0,0,0,0,0,0,0,0,0,0,0,0,0,,,,,,,141454
24,채현우,23 LF,0.0,1,0.0,0.0,0,0,0,1,0,0,0,0,0,0,0,0,0,0,0,0,0,0,0,,,,,,,141534
25,고명준,23 1B,-0.02,2,-0.11,0.09,4,4,4,0,0,0,0,0,0,0,0,0,0,0,0,3,0,0,0,0.0,0.0,0.0,0.0,-0.167,-132.5,148074
26,김정민,23 RF,-0.03,8,0.03,-0.06,2,2,2,1,1,0,0,0,1,0,0,0,0,0,0,1,0,0,0,0.5,0.5,0.5,1.0,0.222,180.0,154634
27,안상현,23 2B,-0.04,58,0.08,-0.11,66,63,58,10,14,3,0,0,17,2,3,1,5,0,0,15,1,3,0,0.241,0.302,0.293,0.595,0.076,63.5,126134
28,김찬형,23 3B,-0.04,36,0.01,-0.05,53,51,48,6,11,3,0,1,17,5,0,0,2,1,0,10,1,2,0,0.229,0.275,0.354,0.629,0.081,67.6,126224
29,류효승,23 DH,-0.06,3,-0.06,0.0,4,4,3,0,0,0,0,0,0,0,0,0,0,1,0,0,1,0,0,0.0,0.25,0.0,0.25,0.01,8.5,145864
30,김건웅,23 1B,-0.07,1,-0.08,0.01,3,3,3,0,0,0,0,0,0,0,0,0,0,0,0,2,0,0,0,0.0,0.0,0.0,0.0,-0.167,-135.1,154654
31,최항,23 1B,-0.3,21,0.07,-0.37,35,34,28,3,8,1,0,1,12,6,0,0,5,0,0,12,1,1,1,0.286,0.382,0.429,0.811,0.153,129.2,108104
32,전의산,23 1B,-0.3,56,-0.25,-0.05,153,153,134,11,27,6,0,4,45,21,0,2,15,3,0,40,1,0,1,0.201,0.294,0.336,0.63,0.089,74.0,146994
33,이흥련,23 C,-0.33,16,-0.09,-0.24,17,16,14,1,1,0,0,1,4,2,0,0,2,0,0,6,0,1,0,0.071,0.188,0.286,0.474,0.024,21.0,111084
34,조형우,23 C,-0.37,62,-0.33,-0.05,133,129,119,9,22,4,1,2,34,12,0,0,8,1,0,25,2,4,1,0.185,0.24,0.286,0.526,0.044,36.4,148064
35,이정범,23 DH,-0.43,15,-0.38,-0.05,33,33,29,2,5,0,0,0,5,4,0,0,2,0,0,6,1,0,2,0.172,0.212,0.172,0.384,-0.009,-7.0,131944
36,최경모,23 3B,-0.49,28,-0.23,-0.26,20,20,20,6,3,0,0,0,3,1,2,0,0,0,0,5,0,0,0,0.15,0.15,0.15,0.3,-0.05,-41.8,141514
37,이재원,23 C,-0.77,27,-0.71,-0.06,48,47,44,3,4,1,0,0,5,2,0,0,2,0,0,8,4,1,1,0.091,0.128,0.114,0.242,-0.065,-53.7,100824
1,박민우,23 2B,4.39,124,4.03,0.36,509,501,452,76,143,20,7,2,183,46,26,7,40,9,3,57,13,5,3,0.316,0.381,0.405,0.786,0.146,123.4,111375
2,손아섭,23 DH,4.32,140,4.11,0.21,609,608,551,97,187,36,3,5,244,65,14,3,50,2,2,67,10,1,5,0.339,0.393,0.443,0.836,0.162,137.1,102615
3,박건우,23 RF,3.93,130,4.17,-0.24,533,532,458,70,146,34,2,12,220,85,7,5,56,9,0,71,14,1,9,0.319,0.397,0.48,0.877,0.176,149.2,101895
4,마틴,23 CF,3.44,118,3.39,0.04,503,502,435,55,123,20,2,17,198,90,15,3,57,1,2,107,8,0,10,0.283,0.36,0.455,0.815,0.149,125.5,155375
5,김주원,23 SS,2.23,127,2.3,-0.07,474,466,403,56,94,9,2,10,137,54,15,3,44,15,1,106,6,8,4,0.233,0.328,0.34,0.668,0.106,89.8,147655
6,서호철,23 3B,2.23,114,1.5,0.73,435,429,397,50,114,17,3,5,152,41,4,5,20,8,0,51,9,6,4,0.287,0.331,0.383,0.714,0.115,97.1,142205
7,권희동,23 LF,2.0,96,2.26,-0.27,373,369,309,33,88,16,0,7,125,63,2,0,49,6,0,50,4,4,5,0.285,0.388,0.405,0.793,0.153,128.2,111725
8,도태훈,23 3B,1.77,117,1.16,0.61,302,294,239,41,56,6,0,5,77,23,2,1,38,17,1,48,8,7,1,0.234,0.376,0.322,0.698,0.13,110.6,125605
9,박세혁,23 C,1.18,88,1.05,0.13,283,277,242,35,51,9,3,6,84,32,1,1,30,4,0,43,3,6,1,0.211,0.307,0.347,0.654,0.099,83.5,108915
10,김형준,23 C,0.73,26,0.57,0.16,82,81,72,10,17,2,0,6,37,13,0,0,8,1,0,24,3,1,0,0.236,0.321,0.514,0.835,0.15,127.5,130815
11,김성욱,23 LF,0.42,93,0.36,0.06,204,201,179,28,40,10,0,6,68,16,6,1,16,5,0,63,7,3,1,0.223,0.303,0.38,0.683,0.105,89.3,111535
12,최정원,23 2B,0.35,39,0.32,0.03,56,54,50,12,13,3,2,0,20,5,4,1,1,3,0,13,1,2,0,0.26,0.315,0.4,0.715,0.119,100.0,142215
13,박한결,23 LF,0.27,12,0.24,0.03,18,18,15,3,5,1,0,1,9,5,0,0,3,0,0,7,0,0,0,0.333,0.444,0.6,1.044,0.233,200.3,154515
14,박대온,23 C,0.22,25,0.29,-0.07,33,33,28,6,8,3,0,0,11,3,0,0,3,1,0,8,0,0,1,0.286,0.364,0.393,0.757,0.137,115.5,112465
15,윤형준,23 1B,0.07,82,-0.22,0.29,236,234,218,17,55,12,1,5,84,27,1,1,10,3,0,58,6,2,3,0.252,0.291,0.385,0.676,0.096,81.1,111355
16,천재환,23 CF,0.04,78,-0.17,0.2,179,177,163,12,39,7,1,2,54,17,2,3,8,4,0,44,5,2,2,0.239,0.288,0.331,0.619,0.08,68.7,132615
17,박영빈,23 CF,0.03,41,-0.14,0.17,17,15,14,11,1,1,0,0,2,0,4,2,1,0,0,6,0,2,0,0.071,0.133,0.143,0.276,-0.046,-38.6,146615
18,이용찬,23 P,0.0,2,0.0,0.0,0,0,0,0,0,0,0,0,0,0,0,0,0,0,0,0,0,0,0,,,,,,,102175
18,한재승,23 P,0.0,1,0.0,0.0,0,0,0,0,0,0,0,0,0,0,0,0,0,0,0,0,0,0,0,,,,,,,147645
18,류진욱,23 P,0.0,2,0.0,0.0,0,0,0,0,0,0,0,0,0,0,0,0,0,0,0,0,0,0,0,,,,,,,113555
18,배민서,23 P,0.0,0,0.0,0.0,0,0,0,0,0,0,0,0,0,0,0,0,0,0,0,0,0,0,0,,,,,,,141585
18,김시훈,23 P,0.0,1,0.0,0.0,0,0,0,0,0,0,0,0,0,0,0,0,0,0,0,0,0,0,0,,,,,,,130805
23,오장한,23 RF,-0.01,3,-0.02,0.01,8,8,7,2,1,0,0,0,1,0,0,0,1,0,0,5,0,0,0,0.143,0.25,0.143,0.393,0.014,11.4,147675
24,전사민,23 P,-0.03,1,-0.03,0.0,1,1,1,0,0,0,0,0,0,0,0,0,0,0,0,0,0,0,0,0.0,0.0,0.0,0.0,-0.167,-140.9,141565
25,조현진,23 SS,-0.11,10,-0.06,-0.05,5,5,5,0,1,0,0,0,1,0,0,0,0,0,0,1,1,0,0,0.2,0.2,0.2,0.4,-0.011,-9.4,148775
26,최보성,23 3B,-0.12,12,0.01,-0.12,21,21,19,2,5,0,0,0,5,0,0,0,2,0,0,2,1,0,0,0.263,0.333,0.263,0.596,0.082,68.3,130875
27,오영수,23 1B,-0.18,70,-0.4,0.22,238,232,208,21,49,9,1,4,72,24,3,3,17,5,1,55,5,5,3,0.236,0.305,0.346,0.651,0.093,78.8,130825
28,안중열,23 C,-0.2,77,0.17,-0.37,177,174,154,15,30,6,0,4,48,17,0,0,16,2,0,45,6,3,2,0.195,0.276,0.312,0.588,0.071,60.5,113295
29,김수윤,23 3B,-0.23,16,-0.07,-0.16,15,15,14,0,3,0,0,0,3,2,0,0,1,0,0,4,0,0,0,0.214,0.267,0.214,0.481,0.033,28.4,129035
30,한석현,23 LF,-0.27,27,-0.41,0.15,66,64,60,5,12,1,0,0,13,2,2,1,4,0,0,20,2,2,0,0.2,0.25,0.217,0.467,0.026,22.9,132505
31,박주찬,23 3B,-0.31,5,-0.19,-0.12,14,14,14,1,2,0,0,0,2,0,0,0,0,0,0,2,0,0,0,0.143,0.143,0.143,0.286,-0.056,-49.0,142195
32,오태양,23 CF,-0.41,21,-0.22,-0.19,3,3,3,4,0,0,0,0,0,0,3,3,0,0,0,3,0,0,0,0.0,0.0,0.0,0.0,-0.167,-141.6,147665
33,김한별,23 SS,-0.43,79,-0.52,0.09,105,103,97,8,21,0,1,0,23,4,0,3,4,2,0,23,6,2,0,0.216,0.262,0.237,0.499,0.038,32.2,147165
34,박석민,23 3B,-0.53,30,-0.16,-0.37,107,106,88,9,17,1,0,1,21,8,0,0,14,3,0,22,4,1,1,0.193,0.321,0.239,0.56,0.078,66.4,103225
1,양의지,23 C,5.99,129,5.55,0.44,510,502,439,56,134,23,0,17,208,68,8,0,57,11,8,56,20,0,3,0.305,0.396,0.474,0.87,0.172,151.8,101651
2,정수빈,23 CF,4.26,137,3.8,0.47,583,571,498,75,143,14,11,2,185,33,39,8,64,7,1,63,2,12,2,0.287,0.375,0.371,0.746,0.137,121.2,101951
3,김재호,23 SS,2.87,91,2.56,0.32,302,287,247,32,70,13,0,3,92,29,4,0,30,8,2,24,11,15,2,0.283,0.376,0.372,0.748,0.137,123.0,101741
4,양석환,23 1B,2.83,140,2.42,0.41,582,579,524,73,147,28,0,21,238,89,4,0,41,6,3,133,9,0,11,0.281,0.333,0.454,0.787,0.135,119.4,112131
5,로하스,23 LF,2.51,122,3.27,-0.76,464,463,403,52,102,24,4,19,191,65,0,1,55,3,2,68,5,0,3,0.253,0.345,0.474,0.819,0.151,133.5,155391
6,허경민,23 3B,2.07,130,1.57,0.5,475,472,429,44,115,23,1,7,161,48,9,3,35,6,3,26,6,0,5,0.268,0.328,0.375,0.703,0.111,98.5,101841
7,강승호,23 2B,1.49,127,1.42,0.07,459,455,419,51,111,18,6,7,162,59,13,6,27,6,0,110,12,4,3,0.265,0.316,0.387,0.703,0.11,98.3,110871
8,박준영,23 3B,1.34,51,0.7,0.64,138,137,127,16,29,8,2,4,53,17,2,1,9,2,1,53,0,0,0,0.228,0.29,0.417,0.707,0.108,96.3,125221
9,이유찬,23 2B,0.85,104,0.55,0.3,239,234,210,31,51,7,2,1,65,16,12,5,20,3,0,51,0,5,1,0.243,0.316,0.31,0.626,0.09,79.4,128941
10,김재환,23 DH,0.44,132,0.8,-0.36,484,481,405,40,89,15,0,10,134,46,3,1,72,5,4,100,8,0,2,0.22,0.343,0.331,0.674,0.111,98.8,106431
11,김인태,23 RF,0.36,47,0.41,-0.05,115,114,98,8,25,5,0,1,33,14,2,1,15,1,0,26,1,1,0,0.255,0.36,0.337,0.697,0.122,109.3,110981
12,양찬열,23 RF,0.12,44,-0.03,0.15,99,99,88,15,21,2,2,0,27,6,3,2,9,1,0,23,1,0,1,0.239,0.313,0.307,0.62,0.087,78.0,147381
13,안재석,23 SS,0.1,27,-0.11,0.21,68,68,64,8,12,2,1,1,19,5,2,0,3,0,0,12,0,0,1,0.188,0.221,0.297,0.518,0.035,30.9,147711
14,강진성,23 1B,0.02,3,-0.02,0.04,3,3,3,0,1,0,0,0,1,0,0,0,0,0,0,0,0,0,0,0.333,0.333,0.333,0.666,0.093,82.3,111481
15,박유연,23 C,0.01,10,0.07,-0.06,16,15,15,3,4,2,0,0,6,1,0,0,0,0,0,4,0,1,0,0.267,0.267,0.4,0.667,0.09,79.6,128921
16,홍건희,23 P,0.0,4,0.0,0.0,0,0,0,0,0,0,0,0,0,0,0,0,0,0,0,0,0,0,0,,,,,,,106961
16,이형범,23 P,0.0,2,0.0,0.0,0,0,0,0,0,0,0,0,0,0,0,0,0,0,0,0,0,0,0,,,,,,,111591
16,김민규,23 P,0.0,0,0.0,0.0,0,0,0,0,0,0,0,0,0,0,0,0,0,0,0,0,0,0,0,,,,,,,130721
16,박치국,23 P,0.0,1,0.0,0.0,0,0,0,0,0,0,0,0,0,0,0,0,0,0,0,0,0,0,0,,,,,,,128501
16,정철원,23 P,0.0,3,0.0,0.0,0,0,0,0,0,0,0,0,0,0,0,0,0,0,0,0,0,0,0,,,,,,,130711
16,최승용,23 P,0.0,2,0.0,0.0,0,0,0,0,0,0,0,0,0,0,0,0,0,0,0,0,0,0,0,,,,,,,147701
16,박신지,23 P,0.0,1,0.0,0.0,0,0,0,0,0,0,0,0,0,0,0,0,0,0,0,0,0,0,0,,,,,,,130701
16,박정수,23 P,0.0,2,0.0,0.0,0,0,0,0,0,0,0,0,0,0,0,0,0,0,0,0,0,0,0,,,,,,,113001
16,김정우,23 P,0.0,1,0.0,0.0,0,0,0,0,0,0,0,0,0,0,0,0,0,0,0,0,0,0,0,,,,,,,131241
25,조수행,23 RF,-0.03,126,-0.53,0.5,249,245,219,41,48,2,1,1,55,17,26,6,23,2,0,38,2,4,1,0.219,0.298,0.251,0.549,0.064,56.6,125241
26,권민석,23 SS,-0.08,1,-0.04,-0.04,2,2,2,0,0,0,0,0,0,0,0,0,0,0,0,1,0,0,0,0.0,0.0,0.0,0.0,-0.167,-154.8,130791
27,송승환,23 LF,-0.1,30,-0.26,0.16,76,74,70,10,16,3,1,0,21,4,0,1,4,0,0,16,2,2,0,0.229,0.27,0.3,0.57,0.062,54.0,141721
28,서예일,23 2B,-0.11,5,-0.08,-0.03,10,10,9,2,2,0,0,0,2,1,0,0,0,0,0,2,0,0,1,0.222,0.2,0.222,0.422,-0.011,-10.1,125231
29,신성현,23 1B,-0.12,12,-0.14,0.02,15,15,12,1,1,0,0,0,1,1,0,1,3,0,0,4,0,0,0,0.083,0.267,0.083,0.35,0.018,16.0,114921
30,김민혁,23 1B,-0.21,21,-0.28,0.07,36,36,29,2,4,1,0,0,5,3,0,0,4,1,0,9,3,0,2,0.138,0.25,0.172,0.422,0.023,20.7,129701
31,박지훈,23 1B,-0.21,22,-0.14,-0.07,21,21,19,2,4,1,0,0,5,2,1,0,2,0,0,7,0,0,0,0.211,0.286,0.263,0.549,0.062,55.8,147361
32,홍성호,23 RF,-0.23,21,0.16,-0.39,51,51,48,6,14,4,0,0,18,5,0,1,2,1,0,14,0,0,0,0.292,0.333,0.375,0.708,0.116,104.0,126061
33,전민재,23 3B,-0.3,19,-0.15,-0.14,18,17,17,3,4,2,0,0,6,1,0,3,0,0,0,3,2,1,0,0.235,0.235,0.353,0.588,0.059,52.3,130731
34,박계범,23 SS,-0.33,78,-0.06,-0.27,194,189,169,18,37,6,0,2,49,15,2,2,15,2,1,44,4,5,3,0.219,0.286,0.29,0.576,0.066,58.0,111981
35,안승한,23 C,-0.4,22,-0.08,-0.31,27,27,24,1,5,0,0,0,5,1,1,0,2,1,0,10,0,0,0,0.208,0.296,0.208,0.504,0.053,46.9,113281
36,장승현,23 C,-0.59,76,-0.51,-0.08,158,153,139,11,22,1,0,3,32,9,1,0,6,8,0,36,2,5,0,0.158,0.235,0.23,0.465,0.029,26.0,110971
37,김태근,23 RF,-0.77,41,-0.4,-0.37,55,53,52,9,11,3,0,0,14,3,0,3,0,1,0,21,0,2,0,0.212,0.226,0.269,0.495,0.029,25.7,141751
38,김대한,23 RF,-0.87,33,-0.24,-0.63,89,89,81,10,16,3,1,1,24,7,1,3,7,1,0,21,0,0,0,0.198,0.27,0.296,0.566,0.064,56.9,141701
1,김혜성,23 2B,5.9,137,5.87,0.03,621,619,556,104,186,29,6,7,248,57,25,3,57,3,3,77,6,0,5,0.335,0.396,0.446,0.842,0.163,141.0,129057
2,이정후,23 CF,4.22,86,3.48,0.74,387,384,330,50,105,23,2,6,150,45,6,3,49,3,7,23,1,0,5,0.318,0.406,0.455,0.861,0.17,146.6,129067
3,이주형,23 CF,2.15,51,2.15,0.01,227,223,200,30,66,11,4,6,103,34,3,1,19,4,2,48,4,2,2,0.33,0.396,0.515,0.911,0.184,160.1,145917
4,김휘집,23 SS,1.89,110,2.32,-0.43,435,429,369,46,92,22,0,8,138,51,0,0,48,5,0,97,8,6,7,0.249,0.338,0.374,0.712,0.119,102.5,147857
5,도슨,23 CF,1.71,57,2.25,-0.54,261,261,229,37,77,14,2,3,104,29,9,2,18,9,0,41,3,0,5,0.336,0.398,0.454,0.852,0.169,147.0,156527
6,박수종,23 RF,1.02,23,0.7,0.33,50,50,45,7,19,1,2,0,24,3,0,0,3,1,0,6,1,0,1,0.422,0.46,0.533,0.993,0.219,191.1,151327
7,러셀,23 SS,0.99,59,1.18,-0.2,239,239,220,20,63,11,1,4,88,42,1,0,17,1,1,39,5,0,1,0.286,0.339,0.4,0.739,0.123,106.4,147427
8,송성문,23 3B,0.92,104,0.6,0.32,438,431,388,43,102,16,3,5,139,60,1,0,39,0,5,38,9,4,7,0.263,0.325,0.358,0.683,0.098,84.6,113767
9,김동헌,23 C,0.61,102,0.71,-0.11,242,239,211,22,51,5,2,2,66,17,0,0,17,8,0,55,7,3,3,0.242,0.318,0.313,0.631,0.092,79.8,154737
10,이지영,23 C,0.51,81,0.38,0.12,237,230,217,23,54,8,1,0,64,8,1,1,12,1,0,39,2,7,0,0.249,0.291,0.295,0.586,0.074,63.6,103127
11,임병욱,23 RF,0.31,80,0.44,-0.14,223,222,208,30,54,11,1,6,85,36,4,0,10,1,0,75,1,1,3,0.26,0.293,0.409,0.702,0.103,88.1,112267
12,임지열,23 1B,0.23,72,0.71,-0.48,246,244,212,22,55,8,0,5,78,35,1,0,28,3,0,64,3,2,1,0.259,0.352,0.368,0.72,0.121,104.6,112257
13,양현,23 P,0.0,1,0.0,0.0,0,0,0,0,0,0,0,0,0,0,0,0,0,0,0,0,0,0,0,,,,,,,107307
13,김동혁,23 P,0.0,2,0.0,0.0,0,0,0,0,0,0,0,0,0,0,0,0,0,0,0,0,0,0,0,,,,,,,146747
13,김성진,23 P,0.0,1,0.0,0.0,0,0,0,0,0,0,0,0,0,0,0,0,0,0,0,0,0,0,0,,,,,,,148497
13,임창민,23 P,0.0,2,0.0,0.0,0,0,0,0,0,0,0,0,0,0,0,0,0,0,0,0,0,0,0,,,,,,,104527
13,하영민,23 P,0.0,2,0.0,0.0,0,0,0,0,0,0,0,0,0,0,0,0,0,0,0,0,0,0,0,,,,,,,112227
13,윤정현,23 P,0.0,2,0.0,0.0,0,0,0,0,0,0,0,0,0,0,0,0,0,0,0,0,0,0,0,,,,,,,141317
13,김준형,23 P,0.0,1,0.0,0.0,0,0,0,0,0,0,0,0,0,0,0,0,0,0,0,0,0,0,0,,,,,,,148487
13,문성현,23 P,0.0,2,0.0,0.0,0,0,0,0,0,0,0,0,0,0,0,0,0,0,0,0,0,0,0,,,,,,,104377
13,후라도,23 P,0.0,1,0.0,0.0,0,0,0,0,0,0,0,0,0,0,0,0,0,0,0,0,0,0,0,,,,,,,155317
13,김재웅,23 P,0.0,1,0.0,0.0,0,0,0,0,0,0,0,0,0,0,0,0,0,0,0,0,0,0,0,,,,,,,128587
13,이명종,23 P,0.0,2,0.0,0.0,0,0,0,0,0,0,0,0,0,0,0,0,0,0,0,0,0,0,0,,,,,,,150737
13,원종현,23 P,0.0,2,0.0,0.0,0,0,0,0,0,0,0,0,0,0,0,0,0,0,0,0,0,0,0,,,,,,,111617
13,김선기,23 P,0.0,2,0.0,0.0,0,0,0,0,0,0,0,0,0,0,0,0,0,0,0,0,0,0,0,,,,,,,130927
26,이병규,23 1B,-0.07,7,-0.13,0.06,17,17,17,3,4,0,0,0,4,2,0,0,0,0,0,4,0,0,0,0.235,0.235,0.235,0.47,0.016,14.2,128597
27,송재선,23 RF,-0.09,5,0.0,-0.08,3,3,3,0,1,0,0,0,1,0,0,0,0,0,0,1,0,0,0,0.333,0.333,0.333,0.666,0.093,82.4,154777
28,김시앙,23 C,-0.12,33,-0.17,0.05,82,82,76,6,17,1,0,0,18,7,0,0,3,3,0,18,4,0,0,0.224,0.28,0.237,0.517,0.049,42.0,148517
29,이형종,23 RF,-0.13,99,0.16,-0.28,374,370,316,35,68,22,1,3,101,37,0,0,39,14,2,78,11,3,2,0.215,0.326,0.32,0.646,0.102,88.4,125167
30,김수환,23 1B,-0.18,50,-0.02,-0.15,114,113,97,8,21,4,0,2,31,15,0,0,11,4,0,36,1,1,1,0.216,0.319,0.32,0.639,0.097,82.8,130967
31,이승원,23 SS,-0.2,4,-0.12,-0.08,5,5,5,0,0,0,0,0,0,0,0,0,0,0,0,2,0,0,0,0.0,0.0,0.0,0.0,-0.167,-147.9,154767
32,전병우,23 1B,-0.2,41,-0.3,0.1,75,73,62,6,9,3,0,1,15,6,0,0,10,1,0,28,0,2,0,0.145,0.274,0.242,0.516,0.058,50.2,114227
33,김건희,23 1B,-0.23,9,-0.08,-0.15,13,13,11,0,2,0,0,0,2,0,0,0,2,0,0,4,1,0,0,0.182,0.308,0.182,0.49,0.055,47.8,154727
34,김준완,23 LF,-0.27,76,-0.38,0.11,225,219,189,25,42,7,0,0,49,14,0,0,26,1,0,57,2,6,3,0.222,0.315,0.259,0.574,0.077,66.0,111827
35,김병휘,23 2B,-0.27,10,-0.24,-0.04,21,21,21,0,3,1,0,0,4,1,0,0,0,0,0,8,0,0,0,0.143,0.143,0.19,0.333,-0.038,-33.7,145777
36,박준태,23 RF,-0.34,14,-0.16,-0.18,15,15,14,0,2,0,0,0,2,1,0,0,1,0,0,7,0,0,0,0.143,0.2,0.143,0.343,-0.019,-16.6,112607
37,신준우,23 SS,-0.42,24,-0.23,-0.19,19,19,18,4,2,0,0,0,2,0,0,0,0,1,0,5,0,0,0,0.111,0.158,0.111,0.269,-0.08,-69.2,146957
38,김재현,23 C,-0.45,8,-0.27,-0.18,10,9,9,0,1,0,0,0,1,0,0,0,0,0,0,3,1,1,0,0.111,0.111,0.111,0.222,-0.08,-71.3,108707
39,주성원,23 RF,-0.45,25,-0.5,0.05,72,71,69,7,15,2,1,0,19,2,0,0,1,0,0,18,1,1,1,0.217,0.225,0.275,0.5,0.027,23.3,141337
40,이용규,23 LF,-0.46,50,-0.25,-0.21,178,176,154,19,36,0,3,0,42,11,2,1,19,1,0,22,3,2,2,0.234,0.318,0.273,0.591,0.08,70.2,100357
41,예진원,23 LF,-0.51,16,-0.15,-0.36,36,34,34,2,8,1,0,1,12,4,0,0,0,0,0,7,0,2,0,0.235,0.235,0.353,0.588,0.055,47.4,130937
42,김웅빈,23 1B,-0.64,29,-0.47,-0.17,74,74,64,2,12,3,0,0,15,9,0,0,6,2,0,20,1,0,2,0.188,0.27,0.234,0.504,0.047,42.2,125037
43,김주형,23 SS,-0.72,46,-0.4,-0.32,81,78,68,5,10,2,0,0,12,4,0,0,9,1,0,27,2,3,0,0.147,0.256,0.176,0.432,0.027,23.7,142147
44,박주홍,23 1B,-0.73,27,-0.65,-0.08,57,56,49,5,6,0,1,0,8,2,1,0,5,0,0,26,0,1,2,0.122,0.196,0.163,0.359,-0.012,-10.2,145807
45,김태진,23 3B,-0.73,74,-0.34,-0.39,212,209,200,17,55,5,0,0,60,16,0,0,5,1,0,23,1,3,3,0.275,0.292,0.3,0.592,0.066,57.6,112447
46,박찬혁,23 LF,-0.83,48,-0.83,0.0,167,167,154,13,31,7,0,1,41,8,0,0,10,3,0,41,1,0,0,0.201,0.263,0.266,0.529,0.051,45.0,150687
47,이원석,23 1B,-1.9,70,-1.38,-0.53,273,272,247,16,54,6,0,1,63,20,0,0,20,3,1,59,8,1,2,0.219,0.283,0.255,0.538,0.053,46.0,101807
