선수,WAR,G_x,oWAR,dWAR,PA,ePA,AB,R,H,2B,3B,HR,TB,RBI,SB,CS,BB,HP,IB,SO,GDP,SH,SF,AVG,OBP,SLG,OPS,R/ePA,wRC+,pid,연도,기존pid,G_y,GS,IP,WAAwithPOS,TC,PO,Ass,E,F%,RF9,Range RAA,Arm RAA,Err RAA,DP RAA,Bt RAA,CS RAA,Blk RAA,Frm RAA,종합 RAA,/144,POSAdj,RAAwithPOS,WAAwoPOS,수상횟수,1루수,2루수,3루수,우익수,유격수,좌익수,중견수,포수,샐러리캡,연봉,이후연봉,예측연봉
노시환,2.41,136,2.5,-0.08,601,597,526,88,143,20,2,24,239,89,6,0,60,11,9,129,10,0,4,0.272,0.356,0.454,0.81,0.145,106.5,141259,2024,14125,126.0,125.0,1098.1,-0.024,302.0,97.0,196.0,9.0,97.0,2.4,-3.43,0.0,3.03,0.56,-0.43,0.0,0.0,0.0,-0.27,-0.28,0.0,-0.27,-0.024,0.0,0,0,1,0,0,0,0,0,1071046,35000.0,33000.0,35163.986
최재훈,1.82,116,1.69,0.13,348,340,280,34,72,10,0,4,94,37,0,0,33,21,0,58,10,8,6,0.257,0.371,0.336,0.707,0.131,96.6,101709,2024,10170,115.0,95.0,791.2,0.902,811.0,746.0,60.0,5.0,99.4,9.16,0.35,0.0,0.35,0.0,0.19,1.24,-0.79,0.0,1.57,1.95,8.3,9.88,0.144,0.0,0,0,0,0,0,0,0,1,1071046,92000.0,82000.0,78469.422
황영묵,1.39,123,1.38,0.01,389,386,349,52,105,8,4,3,130,35,4,7,31,5,0,56,6,3,1,0.301,0.365,0.372,0.737,0.129,95.1,161109,2024,16110,131.0,83.0,786.0,0.212,449.0,191.0,246.0,12.0,0.973,5.004,2.76,0.0,-0.52,-2.37,0.0,0.0,0.0,0.0,-0.12,-0.132,2.441,2.321,-0.011,0.0,0,1,0,0,0,0,0,0,1071046,3000.0,8300.0,9952.2
안치홍,1.33,128,1.65,-0.31,533,531,473,64,142,21,0,13,202,66,3,2,49,6,1,70,10,1,4,0.3,0.37,0.427,0.797,0.146,107.9,100149,2024,10014,73.0,70.0,558.0,-0.366,436.0,307.0,123.0,6.0,0.986,6.935,-3.42,0.0,0.04,0.16,0.0,0.0,0.0,0.0,-3.16,-6.233,-0.845,-4.005,-0.289,0.0,1,0,0,0,0,0,0,0,1071046,50000.0,50000.0,44875.032
최인호,1.18,82,0.86,0.32,244,240,210,37,60,13,2,2,83,22,3,0,25,3,0,31,3,4,2,0.286,0.367,0.395,0.762,0.139,102.2,147079,2024,14707,66.0,50.0,436.0,0.131,108.0,102.0,4.0,2.0,0.981,2.188,4.58,-0.76,-0.44,0.0,0.0,0.0,0.0,0.0,3.38,7.375,-1.947,1.433,0.309,0.0,0,0,0,0,0,1,0,0,1071046,4800.0,6800.0,7243.4
채은성,1.14,124,1.32,-0.18,498,498,436,61,118,24,0,20,202,83,1,1,49,8,1,83,12,0,5,0.271,0.351,0.463,0.814,0.147,108.9,112159,2024,11215,98.0,95.0,782.0,-0.699,618.0,588.0,23.0,7.0,0.989,7.032,-1.8,-1.06,0.01,0.0,0.0,0.0,0.0,0.0,-2.86,-4.202,-4.788,-7.648,-0.261,0.0,1,0,0,0,0,0,0,0,1071046,160000.0,120000.0,78475.622
김태연,0.61,126,1.43,-0.82,472,466,413,59,120,24,0,12,180,61,5,2,45,4,0,89,9,6,4,0.291,0.363,0.436,0.799,0.145,106.5,125859,2024,12585,124.0,102.0,863.0,-1.214,392.0,344.0,39.0,9.0,0.977,3.994,-8.7,-0.66,-1.22,-0.07,0.0,0.0,0.0,0.0,-10.6,-12.31,-2.69,-13.29,-0.968,0.0,0,0,1,0,0,0,0,0,1071046,7800.0,14600.0,15585.766
이도윤,0.59,134,0.74,-0.14,374,368,336,49,93,10,3,1,112,46,6,4,26,3,0,56,5,6,3,0.277,0.332,0.333,0.665,0.098,72.4,114149,2024,11414,135.0,97.0,879.0,0.491,405.0,163.0,227.0,15.0,0.963,3.993,-1.5,0.0,-0.0,1.27,0.0,0.0,0.0,0.0,-0.22,-0.235,5.593,5.373,-0.02,0.0,0,0,0,0,1,0,0,0,1071046,7500.0,11000.0,12474.64
장진혁,0.58,99,0.57,0.0,327,322,289,56,76,16,0,9,119,44,14,6,29,3,0,72,6,5,1,0.263,0.335,0.412,0.747,0.125,91.6,125839,2024,12583,107.0,76.0,696.0,0.021,179.0,177.0,1.0,1.0,0.994,2.302,-1.68,1.1,0.92,0.0,0.0,0.0,0.0,0.0,0.33,0.444,-0.101,0.229,0.03,0.0,0,0,0,0,0,0,1,0,1071046,5800.0,11500.0,11338.95
문현빈,0.5,103,0.63,-0.14,289,287,260,29,72,16,2,5,107,47,3,5,24,2,1,53,9,1,2,0.277,0.34,0.412,0.752,0.126,93.2,154229,2024,15422,70.0,51.0,458.0,-0.02,217.0,79.0,135.0,3.0,0.986,4.205,-2.99,0.0,1.36,0.14,0.0,0.0,0.0,0.0,-1.48,-3.045,1.265,-0.215,-0.135,0.0,0,0,0,0,0,0,1,0,1071046,23000.0,8800.0,15402.694
박상언,0.47,27,0.48,-0.02,52,52,42,4,12,3,0,0,15,4,1,0,9,1,0,12,0,0,0,0.286,0.423,0.357,0.78,0.166,119.8,125879,2024,12587,26.0,9.0,113.0,0.09,97.0,91.0,5.0,1.0,99.0,7.65,-0.15,0.0,-0.09,0.0,0.0,-1.29,1.99,0.0,-0.14,-0.76,1.13,0.99,-0.013,0.0,0,0,0,0,0,0,0,1,1071046,4200.0,4200.0,4408.96
권광민,0.4,19,0.31,0.09,51,51,48,10,13,3,0,4,28,9,0,0,3,0,0,17,0,0,0,0.271,0.314,0.583,0.897,0.16,119.1,136769,2024,13676,13.0,9.0,80.0,0.067,28.0,28.0,0.0,0.0,1.0,3.15,0.55,0.33,0.12,0.0,0.0,0.0,0.0,0.0,0.99,10.966,-0.259,0.731,0.09,0.0,0,0,0,0,0,1,0,0,1071046,3300.0,3800.0,3910.67
하주석,0.25,64,0.7,-0.45,151,149,137,16,40,9,1,1,54,11,1,2,10,2,0,33,1,2,0,0.292,0.349,0.394,0.743,0.127,94.7,109139,2024,10913,51.0,32.0,275.0,-0.285,140.0,51.0,82.0,7.0,0.95,4.353,-3.42,0.0,-1.19,-0.32,0.0,0.0,0.0,0.0,-4.86,-13.722,1.745,-3.115,-0.444,0.0,0,0,0,0,1,0,0,0,1071046,7000.0,9000.0,7906.8
유로결,0.01,23,-0.23,0.24,39,39,36,6,8,1,0,0,9,4,0,1,3,0,0,11,4,0,0,0.222,0.282,0.25,0.532,0.047,34.4,141269,2024,14126,20.0,6.0,81.0,0.246,16.0,16.0,0.0,0.0,1.0,1.778,1.95,0.7,0.17,0.0,0.0,0.0,0.0,0.0,2.82,20.304,-0.128,2.692,0.258,0.0,0,0,0,1,0,0,0,0,1071046,3300.0,3500.0,3725.37
한경빈,-0.01,1,-0.02,0.01,1,1,1,0,0,0,0,0,0,0,0,0,0,0,0,1,0,0,0,0.0,0.0,0.0,0.0,-0.19,-151.2,156339,2024,15633,1.0,0.0,2.0,0.015,2.0,1.0,1.0,0.0,100.0,9.0,-0.13,0.0,0.02,0.25,0.0,0.0,0.0,0.0,0.14,20.42,0.02,0.16,0.013,0.0,0,0,0,0,1,0,0,0,1071046,3000.0,3100.0,3383.17
장규현,-0.14,9,-0.1,-0.04,7,7,6,0,0,0,0,0,0,0,0,0,1,0,0,1,0,0,0,0.0,0.143,0.0,0.143,-0.086,-63.4,148119,2024,14811,9.0,0.0,16.0,-0.028,10.0,8.0,1.0,1.0,90.0,5.06,0.0,0.0,-0.44,0.0,0.0,-0.11,0.13,0.0,-0.47,-7.54,0.17,-0.3,-0.043,0.0,0,0,0,0,0,0,0,1,1071046,3200.0,3300.0,3337.95
이진영,-0.15,42,-0.3,0.15,103,103,93,20,19,6,0,1,28,13,0,1,8,2,0,27,3,0,0,0.204,0.282,0.301,0.583,0.067,50.9,125399,2024,12539,46.0,21.0,203.0,0.146,60.0,59.0,0.0,1.0,0.983,2.616,1.99,-0.26,-0.05,0.0,0.0,0.0,0.0,0.0,1.68,5.259,-0.085,1.595,0.153,0.0,0,0,0,1,0,0,0,0,1071046,7000.0,6200.0,6219.3
이상혁,-0.21,43,-0.09,-0.12,15,15,13,13,2,0,0,0,2,0,5,2,2,0,0,5,0,0,0,0.154,0.267,0.154,0.421,0.019,13.9,151399,2024,15139,18.0,1.0,41.0,-0.116,10.0,10.0,0.0,0.0,1.0,2.195,-0.64,-0.71,0.1,0.0,0.0,0.0,0.0,0.0,-1.26,-10.08,-0.009,-1.269,-0.115,0.0,0,0,0,1,0,0,0,0,1071046,3100.0,3500.0,3456.4
이원석,-0.21,87,-0.24,0.03,154,152,133,26,31,4,1,0,37,13,8,2,16,2,0,32,3,2,1,0.233,0.322,0.278,0.6,0.082,61.5,131389,2024,13138,75.0,28.0,336.0,0.025,82.0,80.0,1.0,1.0,0.988,2.17,0.9,-0.68,0.17,0.0,0.0,0.0,0.0,0.0,0.39,0.749,-0.117,0.273,0.036,0.0,0,0,0,0,0,0,1,0,1071046,3600.0,5000.0,5379.05
임종찬,-0.24,24,-0.2,-0.03,64,64,57,10,9,3,2,0,16,7,0,1,6,1,0,19,2,0,0,0.158,0.25,0.281,0.531,0.048,35.5,147069,2024,14706,29.0,16.0,138.0,-0.038,31.0,29.0,2.0,0.0,1.0,2.022,-0.64,-0.04,0.32,0.0,0.0,0.0,0.0,0.0,-0.37,-1.837,-0.049,-0.419,-0.034,0.0,0,0,0,1,0,0,0,0,1071046,3400.0,3700.0,3903.4
이재원,-0.29,72,-0.24,-0.05,152,150,134,10,32,4,0,1,39,16,0,0,7,4,1,21,4,2,5,0.239,0.287,0.291,0.578,0.059,44.0,100829,2024,10082,71.0,40.0,354.0,0.277,332.0,304.0,27.0,1.0,99.7,8.42,-0.33,0.0,0.78,0.0,-0.17,0.17,-1.33,0.0,-0.49,-0.99,3.53,3.04,-0.045,0.0,0,0,0,0,0,0,0,1,1071046,5000.0,10000.0,8470.7
김인환,-0.99,51,-0.58,-0.41,143,143,131,11,31,2,0,1,36,7,0,0,10,2,0,32,5,0,0,0.237,0.301,0.275,0.576,0.066,48.1,125899,2024,12589,41.0,30.0,236.0,-0.517,95.0,89.0,4.0,2.0,0.979,3.547,-4.91,0.5,-0.49,0.0,0.0,0.0,0.0,0.0,-4.84,-16.999,-0.818,-5.658,-0.442,0.0,1,0,0,0,0,0,0,0,1071046,6900.0,5500.0,6020.1
오스틴,5.06,140,4.9,0.17,604,600,527,99,168,32,3,32,302,132,12,8,61,3,6,82,9,0,13,0.319,0.384,0.573,0.957,0.192,147.8,155326,2024,15532,106.0,105.0,863.0,-0.7,810.0,728.0,74.0,8.0,99.0,8.36,1.3,0.0,0.25,0.0,-0.01,0.0,0.0,0.0,1.54,1.58,-9.2,-7.66,0.141,1.0,1,0,0,0,0,0,0,0,1385616,80000.0,168000.0,75647.608
홍창기,5.06,139,4.48,0.59,637,635,524,96,176,18,3,5,215,73,10,11,96,12,3,93,8,1,4,0.336,0.447,0.41,0.857,0.185,142.3,125466,2024,12546,139.0,129.0,1098.0,0.019,288.0,271.0,7.0,10.0,0.965,2.279,6.39,0.73,-1.76,0.0,0.0,0.0,0.0,0.0,5.37,5.563,-5.162,0.208,0.491,0.0,0,0,0,1,0,0,0,0,1385616,51000.0,65000.0,62335.82
박동원,4.4,130,3.43,0.96,498,495,434,58,118,22,0,20,200,80,1,0,55,0,2,112,14,2,7,0.272,0.349,0.461,0.81,0.144,111.0,103876,2024,10387,124.0,109.0,944.2,1.975,890.0,809.0,77.0,4.0,99.6,8.44,1.14,0.0,1.4,0.0,0.07,2.15,8.55,0.0,10.75,11.91,10.87,21.62,0.982,0.0,0,0,0,0,0,0,0,1,1385616,300000.0,170000.0,79320.482
문보경,4.32,144,4.47,-0.15,602,597,519,80,156,35,3,22,263,101,7,6,65,2,3,112,14,3,13,0.301,0.372,0.507,0.879,0.169,130.4,141376,2024,14137,181.0,132.0,1155.0,-0.125,450.0,235.0,202.0,13.0,0.971,3.405,-1.31,0.0,1.06,-0.63,0.0,0.0,0.0,0.0,-0.94,-0.748,-0.431,-1.371,-0.086,0.0,0,0,1,0,0,0,0,0,1385616,30000.0,41000.0,43672.564
오지환,3.0,108,2.67,0.33,428,426,370,67,94,24,2,10,152,59,17,4,51,4,0,106,8,2,1,0.254,0.35,0.411,0.761,0.136,104.5,104756,2024,10475,107.0,97.0,858.0,1.027,400.0,150.0,238.0,12.0,97.0,4.07,1.33,0.0,1.59,-0.02,0.0,0.0,0.0,0.0,2.9,3.86,8.34,11.24,0.265,0.0,0,0,0,0,1,0,0,0,1385616,30000.0,30000.0,31365.57
신민재,2.64,128,3.11,-0.47,474,459,387,78,115,11,6,0,138,40,32,11,64,5,1,47,7,15,3,0.297,0.401,0.357,0.758,0.148,114.2,130566,2024,13056,125.0,113.0,987.0,0.024,567.0,257.0,299.0,11.0,0.981,5.07,-3.68,0.0,0.43,-1.05,0.0,0.0,0.0,0.0,-4.3,-4.954,4.563,0.263,-0.393,0.0,0,1,0,0,0,0,0,0,1385616,11500.0,20000.0,22475.932
문성주,2.41,96,1.85,0.56,361,360,305,47,96,16,2,0,116,48,13,7,49,3,0,38,4,1,3,0.315,0.411,0.38,0.791,0.158,120.8,131126,2024,13112,88.0,68.0,584.0,0.402,152.0,146.0,5.0,1.0,0.993,2.327,4.97,0.82,0.42,0.0,0.0,0.0,0.0,0.0,6.22,10.178,-1.822,4.398,0.568,0.0,0,0,0,0,0,1,0,0,1385616,20000.0,18000.0,19934.382
박해민,2.03,144,1.44,0.59,553,548,482,72,127,16,6,6,173,56,43,13,46,11,0,101,3,5,9,0.263,0.336,0.359,0.695,0.112,86.1,111906,2024,11190,143.0,128.0,1127.0,0.614,286.0,283.0,2.0,1.0,99.7,2.28,4.18,0.71,1.84,0.0,0.0,0.0,0.0,0.0,6.72,6.72,0.0,6.72,0.614,0.0,0,0,0,0,0,0,1,0,1385616,140000.0,140000.0,76211.68
구본혁,1.29,133,0.73,0.56,389,385,339,48,87,14,2,2,111,43,8,4,38,4,0,51,7,4,4,0.257,0.335,0.327,0.662,0.101,77.6,141406,2024,14140,154.0,93.0,883.0,0.647,400.0,145.0,245.0,10.0,0.975,3.975,3.13,0.0,1.56,0.97,0.0,0.0,0.0,0.0,5.6,5.236,1.487,7.087,0.512,0.0,0,1,0,0,0,0,0,0,1385616,7000.0,13500.0,13806.95
김현수,1.06,137,1.49,-0.43,583,582,517,61,152,36,2,8,216,69,6,1,47,9,1,76,10,1,9,0.294,0.357,0.418,0.775,0.136,104.7,101876,2024,10187,91.0,80.0,617.0,-0.703,127.0,123.0,4.0,0.0,1.0,1.853,-4.09,-1.32,0.74,0.0,0.0,0.0,0.0,0.0,-4.66,-7.374,-3.037,-7.697,-0.426,0.0,0,0,0,0,0,1,0,0,1385616,225000.0,175000.0,77513.438
최원영,0.17,57,0.17,0.0,41,41,37,18,10,2,0,1,15,5,6,4,1,3,0,7,0,0,0,0.27,0.341,0.405,0.746,0.134,102.6,150846,2024,15084,50.0,8.0,132.0,-0.006,30.0,28.0,0.0,2.0,0.933,1.909,1.43,-0.68,-0.74,0.0,0.0,0.0,0.0,0.0,0.02,0.058,-0.08,-0.06,0.002,0.0,0,0,0,0,0,1,0,0,1385616,3000.0,4000.0,4320.37
이주헌,0.13,3,0.22,-0.09,6,6,6,0,4,2,0,0,6,3,0,0,0,0,0,2,0,0,0,0.667,0.667,1.0,1.667,0.487,367.5,150816,2024,15081,3.0,1.0,14.0,-0.077,20.0,20.0,0.0,0.0,100.0,12.86,0.0,0.0,0.05,0.0,0.0,-0.42,-0.88,0.0,-0.99,-47.48,0.14,-0.85,-0.09,0.0,0,0,0,0,0,0,0,1,1385616,3000.0,3300.0,3402.74
김주성,0.12,12,0.07,0.05,9,9,6,1,1,0,0,0,1,0,0,0,3,0,0,0,0,0,0,0.167,0.444,0.167,0.611,0.145,110.3,125456,2024,12545,10.0,3.0,28.0,0.061,10.0,2.0,7.0,1.0,0.9,2.893,1.19,0.0,-0.28,-0.28,0.0,0.0,0.0,0.0,0.62,8.928,0.05,0.67,0.057,0.0,0,0,1,0,0,0,0,0,1385616,3500.0,3500.0,3598.49
김현종,0.06,17,-0.03,0.09,16,16,15,8,3,1,0,0,4,2,0,0,0,1,0,4,0,0,0,0.2,0.25,0.267,0.517,0.042,31.9,160136,2024,16013,11.0,0.0,25.0,0.092,5.0,5.0,0.0,0.0,1.0,1.8,0.87,0.09,0.06,0.0,0.0,0.0,0.0,0.0,1.02,13.353,-0.008,1.012,0.093,0.0,0,0,0,0,0,0,1,0,1385616,3000.0,3200.0,3297.35
안익훈,-0.02,37,-0.42,0.4,56,54,49,8,9,1,0,0,10,3,2,0,4,0,0,13,2,2,1,0.184,0.241,0.204,0.445,0.01,7.8,113476,2024,11347,33.0,9.0,130.0,0.38,35.0,35.0,0.0,0.0,1.0,2.423,4.13,0.07,0.19,0.0,0.0,0.0,0.0,0.0,4.38,19.113,-0.224,4.156,0.4,0.0,0,0,0,0,0,0,1,0,1385616,5500.0,5200.0,5216.6
김성진,-0.07,14,0.01,-0.07,16,16,15,1,4,0,0,1,7,2,0,0,1,0,0,4,1,0,0,0.267,0.313,0.467,0.78,0.123,94.7,141416,2024,14141,9.0,2.0,15.0,-0.078,9.0,9.0,0.0,0.0,1.0,5.4,-0.84,0.0,0.08,0.0,0.0,0.0,0.0,0.0,-0.76,-12.16,-0.089,-0.849,-0.069,0.0,1,0,0,0,0,0,0,0,1385616,3100.0,3300.0,3313.27
최승민,-0.09,57,-0.29,0.2,16,15,13,20,1,0,0,0,1,1,11,7,2,0,0,3,0,1,0,0.077,0.2,0.077,0.277,-0.037,-28.6,141876,2024,14187,29.0,1.0,54.0,0.191,20.0,18.0,2.0,0.0,1.0,3.333,1.22,0.85,0.09,0.0,0.0,0.0,0.0,0.0,2.17,10.775,-0.083,2.087,0.198,0.0,0,0,0,0,0,1,0,0,1385616,4000.0,4300.0,4661.4
송찬의,-0.13,10,-0.12,-0.01,21,20,15,2,1,0,0,0,1,1,1,0,3,1,0,6,0,1,1,0.067,0.25,0.067,0.317,0.003,2.3,131096,2024,13109,3.0,2.0,17.0,-0.013,4.0,4.0,0.0,0.0,100.0,2.12,0.24,-0.34,0.02,0.0,0.0,0.0,0.0,0.0,-0.08,-1.17,-0.06,-0.14,-0.007,0.0,0,1,0,0,0,0,0,0,1385616,3600.0,3500.0,3750.02
김수인,-0.13,4,-0.08,-0.06,3,3,3,0,0,0,0,0,0,0,0,0,0,0,0,2,0,0,0,0.0,0.0,0.0,0.0,-0.19,-136.0,146756,2024,14675,3.0,0.0,6.0,-0.101,5.0,1.0,3.0,1.0,0.8,6.0,-0.99,0.0,-0.47,0.33,0.0,0.0,0.0,0.0,-1.12,-53.76,0.013,-1.107,-0.102,0.0,0,1,0,0,0,0,0,0,1385616,3000.0,3100.0,3460.9
이영빈,-0.18,31,-0.13,-0.05,71,69,63,11,14,2,0,2,22,12,0,1,4,0,0,20,0,2,2,0.222,0.261,0.349,0.61,0.059,45.5,147836,2024,14783,29.0,15.0,138.0,-0.041,91.0,73.0,17.0,1.0,0.989,5.87,0.65,-0.29,0.22,-0.17,0.0,0.0,0.0,0.0,-0.25,-1.241,-0.194,-0.444,-0.023,0.0,1,0,0,0,0,0,0,0,1385616,5500.0,6000.0,5517.4
함창건,-0.19,15,-0.2,0.01,17,16,14,3,2,0,0,0,2,0,0,0,2,0,0,3,1,1,0,0.143,0.25,0.143,0.393,0.006,4.4,146806,2024,14680,6.0,3.0,23.0,0.004,5.0,5.0,0.0,0.0,1.0,1.957,0.11,-0.05,0.03,0.0,0.0,0.0,0.0,0.0,0.09,2.16,-0.047,0.043,0.008,0.0,0,0,0,0,0,1,0,0,1385616,3000.0,3200.0,3172.15
김성우,-0.26,4,-0.12,-0.14,5,5,5,0,0,0,0,0,0,0,0,0,0,0,0,4,0,0,0,0.0,0.0,0.0,0.0,-0.19,-139.9,150856,2024,15085,4.0,2.0,16.0,-0.13,8.0,7.0,1.0,0.0,100.0,4.5,-0.09,0.0,0.06,0.0,0.05,-0.3,-1.75,0.0,-1.52,-54.61,0.1,-1.42,-0.139,0.0,0,0,0,0,0,0,0,1,1385616,3100.0,3100.0,3284.94
김민수,-0.33,19,-0.22,-0.11,22,22,20,1,3,0,0,0,3,0,0,0,1,1,0,4,1,0,0,0.15,0.227,0.15,0.377,-0.004,-3.4,129316,2024,12931,20.0,4.0,57.0,-0.14,35.0,21.0,12.0,2.0,0.943,5.211,-2.07,0.0,-0.62,1.1,0.0,0.0,0.0,0.0,-1.52,-10.944,-0.012,-1.532,-0.139,0.0,0,0,1,0,0,0,0,0,1385616,6000.0,6000.0,5637.3
김범석,-0.33,70,-0.25,-0.08,180,179,162,14,39,4,0,6,61,24,0,0,14,2,2,49,4,0,2,0.241,0.306,0.377,0.683,0.095,71.7,154846,2024,15484,39.0,21.0,178.0,-0.163,179.0,162.0,14.0,3.0,0.983,8.899,0.45,0.0,-0.69,0.0,-0.26,0.0,-1.26,0.0,-1.14,-4.209,-0.647,-1.787,-0.104,0.0,1,0,0,0,0,0,0,0,1385616,28300.0,4700.0,15080.266
레이예스,3.4,144,3.98,-0.58,632,631,574,88,202,40,3,15,293,111,5,0,46,1,2,82,16,0,11,0.352,0.394,0.51,0.904,0.179,127.5,161062,2024,16106,131.0,125.0,1012.0,-0.823,213.0,207.0,2.0,4.0,0.981,1.859,-6.28,-0.17,0.39,0.0,0.0,0.0,0.0,0.0,-6.06,-6.661,-2.945,-9.005,-0.554,0.0,0,0,0,1,0,0,0,0,1115018,91000.0,112000.0,78514.59
윤동희,3.13,141,2.9,0.23,613,610,532,97,156,35,4,14,241,85,7,8,67,7,1,114,10,2,5,0.293,0.376,0.453,0.829,0.159,113.1,150482,2024,15048,149.0,135.0,1151.0,0.171,318.0,310.0,4.0,4.0,0.987,2.455,1.4,0.65,0.81,0.0,0.0,0.0,0.0,0.0,2.87,2.774,-1.003,1.867,0.262,0.0,0,0,0,0,0,0,1,0,1115018,9000.0,20000.0,21783.346
고승민,3.08,120,2.96,0.12,532,531,481,79,148,27,6,14,229,87,5,4,41,1,0,78,10,1,8,0.308,0.358,0.476,0.834,0.152,107.9,141602,2024,14160,129.0,114.0,970.0,0.421,534.0,243.0,278.0,13.0,0.976,4.834,2.37,0.3,-1.2,-0.43,0.0,0.0,0.0,0.0,1.05,1.172,3.562,4.612,0.096,0.0,0,1,0,0,0,0,0,0,1115018,8000.0,18500.0,18505.322
손호영,2.4,100,2.96,-0.57,428,425,396,70,126,26,4,18,214,78,7,4,17,9,2,65,5,1,5,0.318,0.356,0.54,0.896,0.17,121.7,145902,2024,14590,105.0,93.0,787.0,-0.598,262.0,90.0,159.0,13.0,0.95,2.848,-4.54,0.0,-1.13,-0.86,0.0,0.0,0.0,0.0,-6.67,-9.147,0.121,-6.549,-0.609,0.0,0,0,1,0,0,0,0,0,1115018,4500.0,12500.0,17875.214
황성빈,2.33,125,2.46,-0.13,406,400,366,94,117,15,8,4,160,26,51,10,31,2,0,56,3,6,1,0.32,0.375,0.437,0.812,0.153,109.0,146422,2024,14642,123.0,85.0,749.0,-0.171,155.0,146.0,5.0,4.0,0.974,1.814,-0.35,-0.19,-0.72,0.0,0.0,0.0,0.0,0.0,-1.25,-1.463,-0.619,-1.869,-0.114,0.0,0,0,0,0,0,0,1,0,1115018,7600.0,15500.0,15888.302
나승엽,2.22,121,2.83,-0.61,489,486,407,59,127,35,4,7,191,66,1,0,69,4,1,83,4,2,7,0.312,0.411,0.469,0.88,0.182,129.7,147972,2024,14797,113.0,111.0,937.1,-1.582,891.0,813.0,67.0,11.0,98.8,8.45,-6.9,0.0,-0.89,0.0,-0.1,0.0,0.0,0.0,-7.89,-9.39,-9.42,-17.31,-0.721,0.0,1,0,0,0,0,0,0,0,1115018,4000.0,12000.0,22207.884
전준우,1.8,109,2.15,-0.36,483,482,423,57,124,26,2,17,205,82,3,1,49,5,0,84,11,1,5,0.293,0.369,0.485,0.854,0.163,115.7,102662,2024,10266,47.0,47.0,381.1,-0.54,90.0,87.0,2.0,1.0,98.9,2.1,-4.1,0.3,-0.07,0.0,0.0,0.0,0.0,0.0,-3.87,-5.11,-2.04,-5.91,-0.353,0.0,0,0,0,0,0,1,0,0,1115018,130000.0,40000.0,74434.292
박승욱,1.01,139,1.65,-0.64,468,463,405,57,106,19,1,7,148,53,4,5,47,10,3,120,7,3,3,0.262,0.351,0.365,0.716,0.121,86.4,108042,2024,10804,155.0,112.0,1010.0,-0.335,481.0,166.0,292.0,23.0,0.952,4.081,-9.41,0.0,-2.97,2.75,0.0,0.0,0.0,0.0,-9.19,-8.538,5.524,-3.666,-0.84,0.0,0,0,0,0,1,0,0,0,1115018,13500.0,17000.0,18521.28
정훈,0.76,109,0.76,0.0,325,324,285,31,76,20,0,9,123,47,1,1,35,0,0,63,3,1,4,0.267,0.343,0.432,0.775,0.133,94.9,102532,2024,10253,54.0,40.0,347.0,-0.142,305.0,265.0,37.0,3.0,0.99,7.833,0.31,0.0,0.34,-0.45,0.0,0.0,0.0,0.0,0.23,0.613,-1.781,-1.551,0.021,0.0,1,0,0,0,0,0,0,0,1115018,46666.0,20000.0,27690.24
오선진,0.16,26,0.04,0.12,29,24,20,0,4,1,0,0,5,0,0,0,2,2,0,8,0,5,0,0.2,0.333,0.25,0.583,0.095,67.4,105572,2024,10557,27.0,3.0,74.0,0.144,20.0,3.0,17.0,0.0,1.0,2.432,0.69,0.0,0.5,0.35,0.0,0.0,0.0,0.0,1.54,8.213,0.034,1.574,0.141,0.0,0,0,1,0,0,0,0,0,1115018,10000.0,4000.0,5623.4
김동혁,0.16,39,0.15,0.01,17,17,15,8,3,0,1,0,5,1,3,1,2,0,0,5,0,0,0,0.2,0.294,0.333,0.627,0.086,60.6,156452,2024,15645,29.0,0.0,58.0,0.009,23.0,21.0,0.0,2.0,0.913,3.259,1.21,-0.23,-0.87,0.0,0.0,0.0,0.0,0.0,0.1,0.497,-0.005,0.095,0.009,0.0,0,0,0,0,0,0,1,0,1115018,3100.0,3300.0,3423.76
이정훈,0.14,65,0.19,-0.06,116,114,100,10,30,8,0,0,38,18,0,0,13,0,1,21,4,1,2,0.3,0.374,0.38,0.754,0.133,94.9,129162,2024,12916,2.0,0.0,3.0,-0.055,1.0,1.0,0.0,0.0,1.0,3.0,-0.37,0.1,0.0,0.0,0.0,0.0,-0.49,0.0,-0.6,-43.2,-0.005,-0.605,-0.055,0.0,0,0,0,0,0,1,0,0,1115018,6000.0,6500.0,8295.0
신윤후,0.12,39,-0.29,0.41,35,34,31,5,5,0,0,0,5,1,0,0,1,2,0,8,1,1,0,0.161,0.235,0.161,0.396,0.004,2.9,141692,2024,14169,33.0,6.0,103.0,0.391,33.0,28.0,5.0,0.0,1.0,2.883,1.97,2.21,0.3,0.0,0.0,0.0,0.0,0.0,4.49,19.593,-0.206,4.284,0.41,0.0,0,0,0,1,0,0,0,0,1115018,5200.0,4800.0,5244.5
이호준,0.11,12,0.1,0.01,7,7,6,5,2,1,1,0,5,3,0,0,1,0,0,1,0,0,0,0.333,0.429,0.833,1.262,0.307,214.0,160912,2024,16091,8.0,1.0,20.0,0.017,9.0,1.0,8.0,0.0,1.0,4.05,0.49,0.0,0.15,-0.5,0.0,0.0,0.0,0.0,0.14,2.52,0.045,0.185,0.013,0.0,0,0,0,0,1,0,0,0,1115018,3000.0,3100.0,3491.57
이인한,0.1,5,0.1,0.0,5,5,4,0,2,0,0,0,2,2,0,0,0,1,0,1,0,0,0,0.5,0.6,0.5,1.1,0.313,217.3,146902,2024,14690,3.0,0.0,4.0,0.0,0.0,0.0,0.0,0.0,0.0,0.0,0.0,0.0,0.0,0.0,0.0,0.0,0.0,0.0,0.0,0.0,0.0,0.0,0.0,0.0,0,0,0,0,0,1,0,0,1115018,3000.0,3100.0,3696.43
김민성,0.1,35,0.06,0.03,84,84,70,6,14,5,0,2,25,8,0,1,10,3,0,18,1,0,1,0.2,0.321,0.357,0.678,0.109,79.9,102382,2024,10238,32.0,21.0,174.0,0.043,49.0,14.0,33.0,2.0,0.959,2.431,-0.59,0.0,0.18,0.51,0.0,0.0,0.0,0.0,0.46,2.07,0.006,0.466,0.042,0.0,0,0,1,0,0,0,0,0,1115018,20000.0,20000.0,18560.2
유강남,0.08,52,-0.08,0.16,155,153,136,11,26,3,0,5,44,20,0,0,9,7,0,25,4,2,1,0.191,0.275,0.324,0.599,0.071,50.3,107532,2024,10753,50.0,42.0,324.2,0.5,303.0,277.0,23.0,3.0,99.0,8.32,0.59,0.0,-0.33,0.0,0.0,1.0,0.89,0.0,1.88,5.2,3.6,5.48,0.171,0.0,0,0,0,0,0,0,0,1,1115018,200000.0,210000.0,43659.56
손성빈,0.08,86,0.19,-0.11,171,170,152,24,30,6,2,6,58,21,0,0,13,3,0,38,3,1,2,0.197,0.271,0.382,0.653,0.082,58.7,147962,2024,14796,86.0,52.0,445.2,0.228,443.0,414.0,25.0,4.0,99.1,8.87,-1.0,0.0,-0.4,0.0,0.22,-1.43,1.43,0.0,-1.61,-2.7,4.1,2.49,-0.147,0.0,0,0,0,0,0,0,0,1,1115018,5000.0,6800.0,8057.2
강성우,0.0,2,0.0,0.0,3,2,2,0,1,0,0,0,1,0,0,1,0,0,0,0,0,1,0,0.5,0.5,0.5,1.0,0.229,173.1,160932,2024,16093,1.0,0.0,1.0,0.0,0.0,0.0,0.0,0.0,0.0,0.0,0.0,0.0,0.01,0.0,0.0,0.0,0.0,0.0,0.01,0.64,0.0,0.0,0.001,0.0,0,0,0,0,1,0,0,0,1115018,3000.0,3100.0,6496.14
강승구,-0.08,5,-0.05,-0.03,2,2,2,0,0,0,0,0,0,0,0,0,0,0,0,1,0,0,0,0.0,0.0,0.0,0.0,-0.19,-127.9,161022,2024,16102,5.0,0.0,7.0,-0.027,6.0,6.0,0.0,0.0,100.0,7.71,-0.09,0.0,0.03,0.0,0.0,0.0,-0.39,0.0,-0.34,-9.82,0.05,-0.29,-0.031,0.0,0,0,0,0,0,0,0,1,1115018,3000.0,3100.0,3193.65
장두성,-0.12,71,-0.14,0.01,37,37,32,23,5,0,0,0,5,1,14,3,3,2,0,9,2,0,0,0.156,0.27,0.156,0.426,0.028,19.8,131552,2024,13155,53.0,3.0,105.0,0.011,30.0,29.0,0.0,1.0,0.967,2.486,0.65,-0.2,-0.28,0.0,0.0,0.0,0.0,0.0,0.17,0.462,-0.045,0.125,0.016,0.0,0,0,0,0,0,0,1,0,1115018,4000.0,4600.0,4510.12
노진혁,-0.26,73,-0.18,-0.08,157,154,137,13,30,6,0,2,42,13,0,0,15,1,1,39,1,2,2,0.219,0.297,0.307,0.604,0.072,51.0,111652,2024,11165,59.0,31.0,284.0,-0.112,139.0,67.0,64.0,8.0,0.942,4.151,-0.03,0.0,-1.82,-0.07,0.0,0.0,0.0,0.0,-1.92,-4.686,0.69,-1.23,-0.175,0.0,0,0,0,0,1,0,0,0,1115018,120000.0,130000.0,45488.426
최항,-0.31,72,-0.41,0.1,143,143,132,17,33,3,1,0,38,12,0,1,10,1,0,32,3,0,0,0.25,0.308,0.288,0.596,0.073,51.3,108102,2024,10810,68.0,27.0,295.0,0.202,163.0,64.0,97.0,2.0,0.988,4.912,0.45,0.0,0.82,0.38,0.0,0.0,0.0,0.0,1.64,3.473,0.576,2.216,0.15,0.0,0,1,0,0,0,0,0,0,1115018,3100.0,5000.0,5363.7
김민석,-0.41,41,-0.42,0.01,83,82,76,14,16,3,1,0,21,6,3,1,2,4,0,20,4,1,0,0.211,0.268,0.276,0.544,0.054,38.9,152532,2024,15253,25.0,16.0,152.0,-0.033,46.0,45.0,1.0,0.0,1.0,2.724,0.36,-0.4,0.2,0.0,0.0,0.0,0.0,0.0,0.15,0.864,-0.51,-0.36,0.014,0.0,0,0,0,0,0,0,1,0,1115018,33500.0,7500.0,13076.698
이주찬,-0.43,17,-0.11,-0.32,25,25,24,7,4,1,0,1,8,2,0,0,1,0,0,9,1,0,0,0.167,0.2,0.333,0.533,0.025,17.0,148192,2024,14819,15.0,5.0,54.0,-0.4,23.0,7.0,12.0,4.0,0.826,3.167,-2.29,0.0,-1.63,-0.46,0.0,0.0,0.0,0.0,-4.38,-42.048,0.003,-4.377,-0.4,0.0,0,0,1,0,0,0,0,0,1115018,3100.0,3200.0,3364.75
서동욱,-0.45,33,-0.35,-0.1,27,27,26,2,3,1,0,0,4,0,0,0,0,1,0,8,1,0,0,0.115,0.148,0.154,0.302,-0.052,-37.8,156242,2024,15624,32.0,5.0,95.0,-0.037,86.0,75.0,10.0,1.0,98.8,8.05,-0.15,0.0,-0.16,0.0,0.05,0.18,-1.35,0.0,-1.03,-4.5,0.62,-0.41,-0.094,0.0,0,0,0,0,0,0,0,1,1115018,3300.0,3500.0,3584.83
정보근,-0.63,89,-0.61,-0.02,140,136,133,9,30,0,1,2,38,7,0,0,3,0,0,31,5,4,0,0.226,0.243,0.286,0.529,0.03,21.4,131542,2024,13154,89.0,42.0,379.1,0.291,373.0,335.0,34.0,4.0,98.9,8.75,0.41,0.0,-0.64,0.0,0.03,0.39,-0.49,0.0,-0.15,-0.25,3.34,3.18,-0.014,0.0,0,0,0,0,0,0,0,1,1115018,7500.0,7700.0,7689.4
김도영,8.32,141,8.51,-0.18,625,619,544,143,189,29,10,38,352,109,40,4,66,7,7,110,10,1,7,0.347,0.42,0.647,1.067,0.232,172.5,150560,2024,15056,135.0,132.0,1113.0,-0.397,323.0,77.0,216.0,30.0,0.907,2.369,2.45,0.0,-6.91,-0.06,0.0,0.0,0.0,0.0,-4.34,-4.629,0.0,-4.34,-0.397,1.0,0,0,1,0,0,0,0,0,1124900,10000.0,50000.0,45946.854
박찬호,2.78,134,2.58,0.2,577,570,515,86,158,24,1,5,199,61,20,13,48,1,1,44,9,7,6,0.307,0.363,0.386,0.749,0.129,95.7,112610,2024,11261,132.0,129.0,1120.1,1.374,564.0,213.0,328.0,23.0,95.9,4.35,4.92,0.0,-0.6,-0.75,0.0,0.0,0.0,0.0,3.57,3.83,11.48,15.05,0.326,0.0,0,0,0,0,1,0,0,0,1124900,30000.0,45000.0,38856.632
김선빈,2.38,116,2.98,-0.6,466,458,423,48,139,23,0,9,189,57,5,1,30,5,0,39,13,7,0,0.329,0.38,0.447,0.827,0.156,117.4,100080,2024,10008,120.0,112.0,892.0,-0.121,505.0,209.0,286.0,10.0,0.98,4.994,-4.86,0.0,0.38,-1.27,0.0,0.0,0.0,0.0,-5.75,-6.9,4.428,-1.322,-0.525,1.0,0,1,0,0,0,0,0,0,1124900,60000.0,60000.0,54184.97
최원준,2.17,136,2.43,-0.26,508,501,438,75,128,23,3,9,184,56,21,9,50,8,0,66,6,7,5,0.292,0.371,0.42,0.791,0.147,110.1,125340,2024,12534,190.0,111.0,1024.0,-0.305,242.0,233.0,5.0,4.0,0.983,2.092,-3.73,0.74,0.5,0.0,0.0,0.0,0.0,0.0,-2.49,-1.887,-0.844,-3.334,-0.228,0.0,0,0,0,1,0,0,0,0,1124900,22000.0,40000.0,36867.036
나성범,1.73,102,1.89,-0.16,424,422,374,51,109,17,1,21,191,80,0,0,38,4,1,98,8,0,7,0.291,0.357,0.511,0.868,0.16,118.4,111620,2024,11162,67.0,67.0,505.0,-0.385,97.0,91.0,5.0,1.0,99.0,1.71,-2.51,0.08,1.02,0.0,0.0,0.0,0.0,0.0,-1.4,-1.98,-2.81,-4.21,-0.128,0.0,0,0,0,1,0,0,0,0,1124900,180000.0,180000.0,76241.222
최형우,1.54,116,1.83,-0.29,487,486,425,67,119,23,2,22,212,109,1,1,52,5,4,86,5,0,5,0.28,0.361,0.499,0.86,0.161,119.0,103440,2024,10344,16.0,15.0,117.0,-0.351,16.0,14.0,0.0,2.0,87.5,1.08,-2.74,0.43,-0.87,0.0,0.0,0.0,0.0,0.0,-3.18,-3.95,-0.66,-3.84,-0.291,1.0,0,0,0,0,0,1,0,0,1124900,100000.0,100000.0,74774.768
한준수,1.54,115,1.66,-0.12,316,316,287,39,88,22,0,7,131,41,0,0,21,2,1,48,7,0,6,0.307,0.351,0.456,0.807,0.141,105.2,131130,2024,13113,103.0,60.0,600.1,0.447,584.0,541.0,39.0,4.0,99.3,8.7,-0.57,0.0,0.16,0.0,0.21,0.75,-3.09,0.0,-1.61,-2.02,6.5,4.89,-0.147,0.0,0,0,0,0,0,0,0,1,1124900,5000.0,14000.0,12098.5
서건창,1.51,94,1.54,-0.02,248,245,203,40,63,14,1,1,82,26,3,1,36,3,0,31,2,3,3,0.31,0.416,0.404,0.82,0.169,124.5,108550,2024,10855,85.0,43.0,434.0,-0.213,361.0,275.0,81.0,5.0,0.986,7.382,-0.91,0.0,-0.19,0.22,0.0,0.0,0.0,0.0,-1.03,-1.745,-1.304,-2.334,-0.094,0.0,1,0,0,0,0,0,0,0,1124900,5000.0,12000.0,10724.266
김태군,1.13,105,0.81,0.32,270,259,235,24,62,7,0,7,90,34,0,0,12,11,0,24,14,11,1,0.264,0.328,0.383,0.711,0.115,85.3,104590,2024,10459,101.0,82.0,640.2,0.858,611.0,567.0,38.0,6.0,99.0,8.5,0.81,0.0,-0.7,0.0,0.11,-1.1,5.58,0.0,3.03,4.15,6.36,9.39,0.277,0.0,0,0,0,0,0,0,0,1,1124900,70000.0,70000.0,61474.744
변우혁,0.72,69,0.77,-0.04,187,187,168,22,51,9,2,5,79,21,1,0,16,2,0,48,8,0,1,0.304,0.369,0.47,0.839,0.159,119.0,141240,2024,14124,68.0,43.0,388.0,-0.256,312.0,283.0,26.0,3.0,0.99,7.168,-1.24,0.0,0.56,0.32,0.0,0.0,0.0,0.0,-0.64,-1.355,-2.167,-2.807,-0.058,0.0,1,0,0,0,0,0,0,0,1124900,6000.0,8500.0,8390.95
이창진,0.54,103,0.8,-0.26,247,242,191,36,50,10,0,1,63,18,4,3,45,2,0,36,6,5,4,0.262,0.401,0.33,0.731,0.144,107.0,112330,2024,11233,95.0,56.0,489.0,-0.362,118.0,117.0,0.0,1.0,0.992,2.153,-2.17,-1.02,0.39,0.0,0.0,0.0,0.0,0.0,-2.8,-4.244,-1.165,-3.965,-0.256,0.0,0,0,0,0,0,1,0,0,1124900,12000.0,14000.0,12670.1
윤도현,0.5,6,0.33,0.16,27,27,27,5,11,2,0,1,16,8,1,0,0,0,0,9,0,0,0,0.407,0.407,0.593,1.0,0.212,154.7,150580,2024,15058,7.0,6.0,53.0,0.186,19.0,8.0,11.0,0.0,1.0,3.226,1.3,0.0,0.37,0.28,0.0,0.0,0.0,0.0,1.95,40.114,0.084,2.034,0.178,0.0,0,1,0,0,0,0,0,0,1124900,3000.0,3200.0,4740.1
박정우,0.42,66,0.05,0.37,69,69,65,17,20,3,1,0,25,11,0,1,4,0,0,14,3,0,0,0.308,0.348,0.385,0.733,0.121,89.2,128690,2024,12869,74.0,9.0,187.0,0.32,57.0,52.0,2.0,3.0,0.947,2.599,5.09,-0.4,-1.14,0.0,0.0,0.0,0.0,0.0,3.56,6.928,-0.054,3.506,0.325,0.0,0,0,0,0,0,0,1,0,1124900,3800.0,6500.0,5885.3
이우성,0.18,112,0.73,-0.55,449,449,399,56,115,16,1,9,160,54,7,1,44,3,0,89,17,0,3,0.288,0.361,0.401,0.762,0.134,99.8,110990,2024,11099,120.0,106.0,865.0,-0.923,695.0,651.0,36.0,8.0,0.988,7.148,-4.32,-0.31,-0.17,0.0,0.0,0.0,0.0,0.0,-5.1,-6.12,-5.006,-10.106,-0.466,0.0,0,0,0,0,0,1,0,0,1124900,13000.0,17000.0,17544.088
홍종표,0.16,100,0.48,-0.32,115,112,105,27,31,4,3,0,41,11,5,2,6,1,0,31,0,3,0,0.295,0.339,0.39,0.729,0.12,89.0,146120,2024,14612,98.0,16.0,302.0,-0.329,148.0,51.0,92.0,5.0,0.966,4.262,-4.95,0.0,-0.42,1.23,0.0,0.0,0.0,0.0,-4.05,-5.951,0.45,-3.6,-0.37,0.0,0,1,0,0,0,0,0,0,1124900,3500.0,6500.0,6067.1
박민,-0.01,16,0.0,-0.01,30,30,29,5,8,4,0,0,12,2,0,1,1,0,0,7,0,0,0,0.276,0.3,0.414,0.714,0.105,77.5,146110,2024,14611,17.0,8.0,72.0,-0.058,39.0,10.0,23.0,6.0,0.846,4.125,0.66,0.0,-2.46,0.96,0.0,0.0,0.0,0.0,-0.84,-7.115,0.209,-0.631,-0.077,0.0,0,0,0,0,1,0,0,0,1124900,3500.0,3800.0,3841.79
고종욱,-0.02,28,0.06,-0.09,36,36,32,3,8,2,0,1,13,4,0,0,4,0,0,6,2,0,0,0.25,0.333,0.406,0.739,0.122,92.0,106590,2024,10659,8.0,3.0,25.0,-0.096,4.0,4.0,0.0,0.0,100.0,1.44,-0.8,-0.16,0.03,0.0,0.0,0.0,0.0,0.0,-0.93,-4.78,-0.12,-1.05,-0.085,0.0,0,0,0,0,0,1,0,0,1124900,15000.0,15000.0,13297.6
황대인,-0.05,3,-0.01,-0.04,7,7,7,1,2,1,0,0,3,3,0,0,0,0,0,1,0,0,0,0.286,0.286,0.429,0.715,0.1,74.4,113060,2024,11306,2.0,2.0,10.0,-0.053,10.0,9.0,1.0,0.0,100.0,9.0,-0.51,0.0,0.05,0.0,0.0,0.0,0.0,0.0,-0.46,-22.06,-0.12,-0.58,-0.042,0.0,1,0,0,0,0,0,0,0,1124900,8000.0,7000.0,6624.8
오선우,-0.07,3,-0.03,-0.04,7,7,7,0,2,0,0,0,2,1,0,0,0,0,0,3,0,0,0,0.286,0.286,0.286,0.572,0.049,36.1,141810,2024,14181,3.0,1.0,13.0,-0.038,6.0,4.0,1.0,1.0,0.833,3.462,0.09,-0.01,-0.46,0.0,0.0,0.0,0.0,0.0,-0.38,-18.24,-0.033,-0.413,-0.035,0.0,1,0,0,0,0,0,0,0,1124900,3300.0,3400.0,3464.0
한승택,-0.07,20,0.11,-0.17,15,15,11,2,3,0,0,0,3,2,0,0,4,0,0,1,0,0,0,0.273,0.467,0.273,0.74,0.171,128.3,111190,2024,11119,19.0,2.0,47.0,-0.145,52.0,43.0,7.0,2.0,96.2,9.57,0.34,0.0,-0.83,0.0,0.0,0.34,-2.5,0.0,-1.9,-13.65,0.31,-1.58,-0.173,0.0,0,0,0,0,0,0,0,1,1124900,6500.0,6500.0,6013.9
김두현,-0.15,3,0.1,-0.26,6,6,5,2,2,0,0,0,2,0,0,0,0,1,0,0,0,0,0,0.4,0.5,0.4,0.9,0.229,164.9,160860,2024,16086,3.0,2.0,15.0,-0.248,8.0,2.0,4.0,2.0,0.75,3.6,-1.93,0.0,-0.89,0.05,0.0,0.0,0.0,0.0,-2.76,-132.48,0.047,-2.713,-0.252,0.0,0,0,0,0,1,0,0,0,1124900,3000.0,3100.0,3743.72
김규성,-0.19,27,0.05,-0.25,15,14,12,5,3,1,0,0,4,2,1,0,2,0,0,4,0,1,0,0.25,0.357,0.333,0.69,0.119,88.3,125400,2024,12540,26.0,2.0,56.0,-0.231,36.0,22.0,11.0,3.0,0.917,5.304,-0.44,0.0,-1.11,-0.99,0.0,0.0,0.0,0.0,-2.54,-14.068,0.014,-2.526,-0.232,0.0,0,1,0,0,0,0,0,0,1124900,5500.0,6500.0,6041.7
최정용,-0.2,6,-0.1,-0.1,12,12,11,0,2,0,0,0,2,1,0,0,1,0,0,4,1,0,0,0.182,0.25,0.182,0.432,0.01,7.5,114070,2024,11407,6.0,2.0,24.0,-0.09,8.0,3.0,4.0,1.0,0.875,2.625,-0.69,0.0,-0.35,0.0,0.0,0.0,0.0,0.0,-1.05,-25.2,0.06,-0.99,-0.096,0.0,0,1,0,0,0,0,0,0,1124900,4300.0,4500.0,4319.84
김호령,-0.23,64,-0.44,0.21,67,67,59,12,8,2,0,1,13,4,3,2,8,0,0,25,1,0,0,0.136,0.239,0.22,0.459,0.021,16.0,112980,2024,11298,61.0,9.0,177.0,0.215,64.0,62.0,0.0,2.0,96.9,3.15,3.13,-0.14,-0.64,0.0,0.0,0.0,0.0,0.0,2.36,5.3,0.0,2.36,0.215,0.0,0,0,0,0,0,0,1,0,1124900,9000.0,8000.0,7184.9
로하스,6.5,144,6.34,0.16,670,664,572,108,188,39,1,32,325,112,2,1,88,6,9,115,10,0,4,0.329,0.421,0.568,0.989,0.211,153.3,129958,2024,12995,171.0,135.0,1142.0,-0.096,287.0,279.0,6.0,2.0,0.993,2.246,1.6,-1.07,1.4,0.0,0.0,0.0,0.0,0.0,1.92,1.617,-2.967,-1.047,0.175,0.0,0,0,0,0,0,1,0,0,1051641,50000.0,210000.0,57312.822
장성우,3.23,131,3.13,0.1,489,486,418,53,112,19,0,19,188,81,5,0,60,1,1,86,8,2,8,0.268,0.355,0.45,0.805,0.144,104.2,102358,2024,10235,114.0,105.0,856.1,1.046,838.0,780.0,56.0,2.0,99.8,8.79,-0.84,0.0,2.09,0.0,0.32,-3.44,3.83,0.0,0.82,0.9,10.63,11.45,0.075,0.0,0,0,0,0,0,0,0,1,1051641,95000.0,95000.0,88327.318
김민혁,2.2,115,2.08,0.12,393,389,351,47,124,14,3,1,147,34,4,2,35,1,1,45,9,3,3,0.353,0.41,0.419,0.829,0.164,118.0,113398,2024,11339,104.0,87.0,692.0,-0.079,165.0,161.0,1.0,3.0,0.982,2.107,3.5,-1.43,-0.55,0.0,0.0,0.0,0.0,0.0,1.51,2.091,-2.378,-0.868,0.138,0.0,0,0,0,0,0,1,0,0,1051641,24000.0,30000.0,32359.13
강백호,2.12,144,2.46,-0.34,614,612,550,92,159,27,0,26,264,96,6,2,59,3,4,127,6,0,2,0.289,0.36,0.48,0.84,0.154,112.3,131688,2024,13168,35.0,22.0,193.0,-0.217,160.0,139.0,17.0,4.0,0.975,7.275,-1.17,-0.03,-1.32,0.0,0.95,0.0,-3.71,0.0,-4.16,-17.115,1.786,-2.374,-0.38,0.0,1,0,0,0,0,0,0,0,1051641,29000.0,70000.0,43785.532
김상수,1.89,113,1.77,0.13,420,413,369,60,102,18,4,4,140,45,3,2,37,6,0,59,12,7,1,0.276,0.351,0.379,0.73,0.126,91.5,103208,2024,10320,116.0,106.0,863.0,0.356,445.0,192.0,239.0,14.0,0.969,4.495,-0.05,0.0,-0.17,-0.05,0.0,0.0,0.0,0.0,-0.26,-0.323,4.16,3.9,-0.024,0.0,0,0,0,0,1,0,0,0,1051641,50000.0,50000.0,44984.768
문상철,1.64,125,0.96,0.68,403,401,347,50,89,11,0,17,151,58,6,1,45,7,2,86,8,1,3,0.256,0.351,0.435,0.786,0.139,101.7,113338,2024,11333,90.0,78.0,641.0,0.169,620.0,564.0,50.0,6.0,0.99,8.621,8.24,0.11,0.16,0.0,0.0,0.0,0.0,0.0,8.19,13.104,-6.336,1.854,0.748,0.0,1,0,0,0,0,0,0,0,1051641,11000.0,17000.0,17179.33
오윤석,1.52,73,1.36,0.16,201,198,174,33,51,12,2,6,85,27,0,1,18,4,0,41,7,3,2,0.293,0.369,0.489,0.858,0.166,120.7,113978,2024,11397,77.0,48.0,454.0,0.409,226.0,81.0,142.0,3.0,0.987,4.421,1.4,0.0,1.25,0.23,0.0,0.0,0.0,0.0,2.95,5.517,1.527,4.477,0.27,0.0,0,1,0,0,0,0,0,0,1051641,14000.0,16000.0,17068.846
배정대,0.88,113,1.41,-0.52,473,464,404,49,111,25,1,7,159,59,9,7,50,4,1,114,5,8,7,0.275,0.355,0.394,0.749,0.129,94.1,112128,2024,11212,113.0,110.0,958.0,-0.559,276.0,266.0,3.0,7.0,97.5,2.53,-5.7,1.1,-1.52,0.0,0.0,0.0,0.0,0.0,-6.12,-7.8,0.0,-6.12,-0.559,0.0,0,0,0,0,0,0,1,0,1051641,32000.0,34000.0,38775.788
심우준,0.64,53,0.65,-0.01,192,187,169,22,45,4,0,3,58,28,7,1,17,1,0,29,3,5,0,0.266,0.337,0.343,0.68,0.105,75.5,113348,2024,11334,54.0,49.0,434.0,0.344,231.0,94.0,129.0,8.0,0.965,4.624,2.03,0.0,-0.17,-1.82,0.0,0.0,0.0,0.0,0.03,0.08,3.73,3.76,0.003,0.0,0,0,0,0,1,0,0,0,1051641,29000.0,50000.0,39596.4
조대현,0.46,26,0.17,0.29,45,40,36,2,11,2,0,0,13,3,0,0,3,0,0,12,1,5,1,0.306,0.35,0.361,0.711,0.113,81.4,131778,2024,13177,26.0,12.0,120.0,0.392,111.0,100.0,11.0,0.0,100.0,8.33,-0.15,0.0,0.43,0.0,0.05,2.57,0.44,0.0,3.21,17.79,1.08,4.29,0.293,0.0,0,0,0,0,0,0,0,1,1051641,3100.0,4300.0,4535.88
강현우,0.34,18,0.46,-0.12,36,34,26,4,8,1,0,1,12,8,0,0,8,0,0,10,0,2,0,0.308,0.471,0.462,0.933,0.216,161.1,146038,2024,14603,17.0,5.0,81.0,-0.038,76.0,71.0,3.0,2.0,97.4,8.22,-0.24,0.0,-0.71,0.0,0.0,0.35,-0.9,0.0,-1.23,-9.84,0.82,-0.41,-0.112,0.0,0,0,0,0,0,0,0,1,1051641,5000.0,5000.0,5487.3
천성호,0.3,75,0.63,-0.33,255,254,234,41,69,8,3,1,86,17,7,0,18,1,0,43,5,1,1,0.295,0.346,0.368,0.714,0.116,84.6,146068,2024,14606,66.0,53.0,449.0,-0.174,206.0,81.0,121.0,4.0,0.981,4.049,-4.56,0.23,0.55,0.0,0.0,0.0,0.0,0.0,-3.72,-8.116,1.81,-1.91,-0.34,0.0,0,1,0,0,0,0,0,0,1051641,4500.0,7100.0,7069.55
김병준,0.16,35,0.15,0.01,16,16,14,9,5,0,0,0,5,1,0,0,2,0,0,2,0,0,0,0.357,0.438,0.357,0.795,0.162,121.4,150978,2024,15097,31.0,4.0,68.0,0.007,24.0,22.0,2.0,0.0,1.0,3.176,0.89,-0.95,0.16,0.0,0.0,0.0,0.0,0.0,0.1,0.465,-0.019,0.081,0.009,0.0,0,0,0,0,0,0,1,0,1051641,3100.0,3600.0,3606.67
김준태,0.15,23,0.15,0.0,30,30,25,6,6,2,0,0,8,3,0,0,5,0,0,6,0,0,0,0.24,0.367,0.32,0.687,0.122,91.3,108358,2024,10835,18.0,3.0,57.1,0.054,41.0,39.0,2.0,0.0,100.0,6.44,-0.01,0.0,0.21,0.0,0.0,-0.44,0.34,0.0,0.0,-0.02,0.6,0.6,0.0,0.0,0,0,0,0,0,0,0,1,1051641,10000.0,7500.0,7692.2
강민성,0.01,1,-0.03,0.04,1,1,1,0,0,0,0,0,0,0,0,0,0,0,0,0,0,0,0,0.0,0.0,0.0,0.0,-0.19,-127.9,141918,2024,14191,1.0,0.0,2.0,0.037,2.0,2.0,0.0,0.0,100.0,9.0,0.42,0.0,0.01,0.0,0.0,0.0,0.0,0.0,0.43,61.21,-0.02,0.41,0.039,0.0,0,0,1,0,0,0,0,0,1051641,3600.0,3700.0,3757.36
장준원,-0.04,17,-0.13,0.09,18,18,14,1,1,0,0,0,1,0,0,0,4,0,0,5,0,0,0,0.071,0.278,0.071,0.349,0.018,13.5,112148,2024,11214,15.0,5.0,57.0,0.122,18.0,11.0,7.0,0.0,1.0,2.842,0.94,0.0,0.46,-0.17,0.0,0.0,0.0,0.0,1.23,11.808,0.103,1.333,0.112,0.0,0,0,0,0,1,0,0,0,1051641,5300.0,5100.0,5048.8
안현민,-0.07,16,0.01,-0.08,29,29,25,5,5,0,1,1,10,2,0,0,2,1,0,10,0,0,1,0.2,0.276,0.4,0.676,0.091,67.3,150928,2024,15092,13.0,6.0,52.0,-0.097,14.0,13.0,1.0,0.0,100.0,2.42,-1.35,0.46,0.06,0.0,0.0,0.0,0.0,0.0,-0.82,-7.41,-0.24,-1.06,-0.075,0.0,0,0,0,0,0,1,0,0,1051641,3000.0,3300.0,3311.26
권동진,-0.09,9,-0.03,-0.07,10,10,9,3,2,0,0,0,2,0,0,0,1,0,0,2,0,0,0,0.222,0.3,0.222,0.522,0.05,37.9,147778,2024,14777,8.0,2.0,28.0,-0.052,15.0,6.0,8.0,1.0,0.933,4.5,-0.09,0.0,-0.32,-0.23,0.0,0.0,0.0,0.0,-0.64,-11.52,0.07,-0.57,-0.058,0.0,0,0,0,0,1,0,0,0,1051641,4600.0,4600.0,4528.62
홍현빈,-0.18,28,0.04,-0.22,22,21,18,5,4,0,1,0,6,2,0,0,3,0,0,7,0,1,0,0.222,0.333,0.333,0.666,0.108,78.0,129418,2024,12941,32.0,3.0,70.0,-0.22,18.0,17.0,0.0,1.0,0.944,2.186,-2.24,0.23,-0.34,0.0,0.0,0.0,0.0,0.0,-2.36,-10.62,-0.046,-2.406,-0.216,0.0,0,0,0,1,0,0,0,0,1051641,4500.0,4500.0,4430.6
송민섭,-0.18,36,0.08,-0.26,20,19,14,8,3,0,0,0,3,1,0,1,3,2,0,6,0,1,0,0.214,0.421,0.214,0.635,0.145,105.2,113428,2024,11342,36.0,0.0,68.0,-0.261,12.0,11.0,0.0,1.0,0.917,1.456,-2.15,-0.31,-0.32,0.0,0.0,0.0,0.0,0.0,-2.79,-11.16,-0.067,-2.857,-0.255,0.0,0,0,0,1,0,0,0,0,1051641,6500.0,6000.0,5920.0
안치영,-0.22,31,-0.26,0.05,48,46,44,12,11,0,0,0,11,3,0,1,2,0,0,12,0,2,0,0.25,0.283,0.25,0.533,0.042,30.8,130068,2024,13006,30.0,13.0,125.0,0.048,26.0,26.0,0.0,0.0,1.0,1.872,0.32,-0.06,0.28,0.0,0.0,0.0,0.0,0.0,0.56,2.688,-0.037,0.523,0.051,0.0,0,0,0,1,0,0,0,0,1051641,5000.0,4500.0,4645.8
윤준혁,-0.23,13,-0.15,-0.08,18,18,17,3,3,2,0,0,5,0,0,0,1,0,0,6,0,0,0,0.176,0.222,0.294,0.516,0.03,21.9,146058,2024,14605,10.0,4.0,39.0,-0.117,6.0,2.0,3.0,1.0,0.833,1.154,-1.13,0.0,-0.23,0.0,0.0,0.0,0.0,0.0,-1.29,-18.576,0.004,-1.286,-0.118,0.0,0,0,1,0,0,0,0,0,1051641,3000.0,3500.0,3480.97
황재균,-0.3,137,0.02,-0.32,536,531,493,60,128,22,0,13,189,58,4,6,34,2,0,95,16,5,2,0.26,0.309,0.383,0.692,0.099,72.2,104078,2024,10407,140.0,128.0,1091.0,-0.238,273.0,86.0,173.0,14.0,0.949,2.137,-2.93,0.0,0.46,-0.16,0.0,0.0,0.0,0.0,-2.6,-2.674,0.0,-2.6,-0.238,0.0,0,0,1,0,0,0,0,0,1051641,162500.0,112500.0,58687.068
박민석,-0.31,20,-0.14,-0.18,14,14,14,6,3,0,0,0,3,0,0,1,0,0,0,7,0,0,0,0.214,0.214,0.214,0.428,-0.01,-7.4,141108,2024,14110,13.0,0.0,30.0,-0.258,14.0,4.0,7.0,3.0,0.786,3.3,-1.96,0.0,-1.3,0.38,0.0,0.0,0.0,0.0,-2.88,-31.902,0.06,-2.82,-0.263,0.0,0,1,0,0,0,0,0,0,1051641,3100.0,3400.0,3799.16
김건형,-0.38,13,-0.35,-0.03,25,25,24,2,3,1,0,0,4,1,0,0,1,0,0,8,0,0,0,0.125,0.16,0.167,0.327,-0.046,-34.1,147798,2024,14779,12.0,9.0,66.0,-0.045,22.0,22.0,0.0,0.0,100.0,3.0,-0.7,0.26,0.2,0.0,0.0,0.0,0.0,0.0,-0.25,-2.72,-0.25,-0.5,-0.022,0.0,0,0,0,1,0,0,0,0,1051641,3000.0,3300.0,3285.66
오재일,-0.45,83,-0.01,-0.43,272,272,232,27,57,13,0,8,94,37,0,0,30,2,0,70,3,0,8,0.246,0.327,0.405,0.732,0.116,84.3,104008,2024,10400,55.0,43.0,406.1,-0.783,360.0,339.0,18.0,3.0,99.2,7.91,-4.5,0.0,0.5,0.0,-0.42,0.0,0.0,0.0,-4.41,-6.05,-4.16,-8.57,-0.403,0.0,1,0,0,0,0,0,0,0,1051641,50000.0,15000.0,22756.404
이호연,-0.61,27,-0.55,-0.06,43,42,41,3,6,1,0,0,7,0,0,0,1,0,0,12,2,1,0,0.146,0.167,0.171,0.338,-0.044,-32.6,131518,2024,13151,22.0,8.0,77.0,-0.037,27.0,12.0,15.0,0.0,1.0,3.156,-1.07,0.0,0.5,0.11,0.0,0.0,0.0,0.0,-0.46,-3.011,0.058,-0.402,-0.042,0.0,0,1,0,0,0,0,0,0,1051641,8500.0,7000.0,6584.5
구자욱,5.69,129,5.61,0.08,568,563,493,92,169,39,1,33,309,115,13,4,55,12,4,73,6,2,6,0.343,0.417,0.627,1.044,0.228,162.3,108923,2024,10892,104.0,102.0,839.0,-0.292,206.0,201.0,4.0,1.0,0.995,2.199,1.18,-0.74,0.52,0.0,0.0,0.0,0.0,0.0,0.97,1.343,-4.171,-3.201,0.089,0.0,0,0,0,1,0,0,0,0,1118100,200000.0,200000.0,77395.718
김지찬,3.98,135,3.58,0.41,535,521,453,102,143,16,3,3,174,36,42,4,60,9,2,40,5,12,1,0.316,0.405,0.384,0.789,0.157,112.7,146183,2024,14618,127.0,103.0,873.0,0.426,266.0,262.0,1.0,3.0,0.989,2.711,4.08,0.22,0.36,0.0,0.0,0.0,0.0,0.0,4.66,5.284,0.004,4.664,0.426,0.0,0,1,0,0,0,0,0,0,1118100,16000.0,28000.0,27595.552
강민호,3.32,136,3.02,0.3,452,450,403,48,122,19,1,19,200,77,3,0,35,8,2,52,17,0,6,0.303,0.365,0.496,0.861,0.161,115.6,102323,2024,10232,120.0,96.0,803.0,1.181,686.0,631.0,53.0,2.0,99.7,7.67,-0.56,0.0,1.9,0.0,-0.1,0.95,1.84,0.0,3.47,3.68,9.46,12.93,0.317,0.0,0,0,0,0,0,0,0,1,1118100,70000.0,70000.0,70425.322
이재현,3.03,109,2.43,0.6,458,457,389,71,101,18,1,14,163,66,2,1,58,8,1,83,8,0,3,0.26,0.365,0.419,0.784,0.146,104.8,150343,2024,15034,107.0,99.0,862.1,1.529,409.0,186.0,212.0,11.0,97.3,4.15,7.13,0.0,2.13,-1.29,0.0,0.0,0.0,0.0,7.96,10.52,8.78,16.74,0.727,0.0,0,0,0,0,1,0,0,0,1118100,14000.0,21000.0,19946.03
김영웅,2.29,126,1.59,0.71,509,508,456,65,115,16,3,28,221,79,9,2,45,3,0,155,2,1,4,0.252,0.321,0.485,0.806,0.137,97.8,150353,2024,15035,132.0,114.0,979.0,0.82,356.0,141.0,200.0,15.0,0.958,3.135,7.06,0.0,0.27,1.29,0.0,0.0,0.0,0.0,8.13,8.869,0.844,8.974,0.743,0.0,0,0,1,0,0,0,0,0,1118100,3800.0,15000.0,14290.746
이성규,1.11,122,1.02,0.08,355,351,302,56,73,10,1,22,151,57,9,2,31,15,0,109,5,4,3,0.242,0.339,0.5,0.839,0.149,106.1,125623,2024,12562,127.0,77.0,690.0,-0.013,319.0,301.0,12.0,6.0,0.981,4.083,2.81,-1.07,-0.77,0.0,0.0,0.0,0.0,0.0,0.97,1.1,-1.111,-0.141,0.089,0.0,0,0,0,1,0,0,0,0,1118100,6000.0,13000.0,12467.35
김헌곤,1.05,117,0.87,0.18,311,307,281,43,85,8,1,9,122,34,4,2,22,3,0,50,5,4,1,0.302,0.358,0.434,0.792,0.142,101.0,106403,2024,10640,118.0,66.0,621.0,0.076,166.0,165.0,0.0,1.0,0.994,2.391,0.87,0.46,0.79,0.0,0.0,0.0,0.0,0.0,2.12,2.587,-1.292,0.828,0.194,0.0,0,0,0,0,0,1,0,0,1118100,6000.0,10000.0,11123.65
윤정빈,1.05,69,0.67,0.38,188,188,161,26,46,4,1,7,73,20,1,3,22,3,0,47,1,0,2,0.286,0.378,0.453,0.831,0.159,113.7,131613,2024,13161,63.0,35.0,348.0,0.299,97.0,95.0,2.0,0.0,1.0,2.509,2.9,0.38,1.05,0.0,0.0,0.0,0.0,0.0,4.34,9.92,-1.071,3.269,0.397,0.0,0,0,0,1,0,0,0,0,1118100,3700.0,7400.0,7482.5
박병호,0.53,76,0.4,0.13,285,285,249,42,61,5,0,20,126,60,3,0,31,3,0,83,5,0,2,0.245,0.333,0.506,0.839,0.149,106.8,104703,2024,10470,31.0,29.0,248.2,-0.049,253.0,223.0,28.0,2.0,99.2,9.08,1.37,0.0,0.23,0.0,0.25,0.0,0.0,0.0,1.85,2.22,-2.38,-0.53,0.169,0.0,1,0,0,0,0,0,0,0,1118100,70000.0,38000.0,45045.932
디아즈,0.53,29,0.21,0.32,118,118,110,14,31,5,0,7,57,19,0,0,6,2,0,25,2,0,0,0.282,0.331,0.518,0.849,0.152,107.9,161623,2024,16162,18.0,18.0,151.0,0.206,136.0,121.0,14.0,1.0,99.3,8.05,3.48,0.0,0.24,0.0,0.06,0.0,0.0,0.0,3.78,18.77,-1.52,2.26,0.345,0.0,1,0,0,0,0,0,0,0,1118100,5000.0,70000.0,46579.4
전병우,0.3,58,-0.07,0.36,128,128,111,17,25,5,0,5,45,14,0,1,14,1,0,42,3,0,2,0.225,0.313,0.405,0.718,0.11,77.9,114223,2024,11422,53.0,34.0,292.0,0.404,102.0,47.0,52.0,3.0,0.971,3.051,3.18,0.0,0.46,0.96,0.0,0.0,0.0,0.0,4.43,12.036,-0.005,4.425,0.405,0.0,0,0,1,0,0,0,0,0,1118100,6000.0,7500.0,7246.9
이병헌,0.1,95,0.23,-0.13,166,164,145,9,36,4,0,1,43,9,0,0,17,2,0,48,0,2,0,0.248,0.335,0.297,0.632,0.094,66.8,141173,2024,14117,90.0,44.0,421.2,0.234,365.0,341.0,21.0,3.0,99.2,7.73,-0.5,0.0,0.02,0.0,-0.44,0.01,-0.57,0.0,-1.31,-1.98,3.86,2.56,-0.119,0.0,0,0,0,0,0,0,0,1,1118100,4000.0,6500.0,6146.0
류지혁,0.09,100,0.42,-0.34,348,343,302,43,78,9,1,3,98,36,11,4,33,6,0,70,7,5,2,0.258,0.341,0.325,0.666,0.106,76.0,108943,2024,10894,115.0,85.0,685.0,-0.113,306.0,158.0,141.0,7.0,0.977,3.928,-2.78,0.0,1.23,-1.2,0.0,0.0,0.0,0.0,-2.65,-3.318,1.416,-1.234,-0.242,0.0,0,1,0,0,0,0,0,0,1118100,20000.0,60000.0,18879.248
김민수,0.07,9,0.09,-0.02,8,8,8,1,2,0,0,1,5,3,0,0,0,0,0,1,0,0,0,0.25,0.25,0.625,0.875,0.136,99.8,112663,2024,11266,8.0,1.0,23.0,0.001,14.0,12.0,2.0,0.0,100.0,5.48,-0.09,0.0,0.08,0.0,0.0,0.0,-0.22,0.0,-0.16,-2.58,0.17,0.01,-0.015,0.0,0,0,0,0,0,0,0,1,1118100,4600.0,4600.0,4537.74
양도근,0.04,16,0.01,0.03,29,28,23,5,4,0,1,0,6,2,0,0,5,0,0,8,0,1,0,0.174,0.321,0.261,0.582,0.085,58.1,158753,2024,15875,18.0,7.0,77.0,0.064,38.0,18.0,20.0,0.0,1.0,4.442,-0.67,0.0,0.55,0.66,0.0,0.0,0.0,0.0,0.53,4.24,0.171,0.701,0.048,0.0,0,1,0,0,0,0,0,0,1118100,3000.0,3500.0,3689.94
김성윤,-0.03,32,-0.07,0.04,89,86,74,15,18,4,0,0,22,6,3,1,9,1,0,16,1,3,2,0.243,0.326,0.297,0.623,0.088,65.0,129363,2024,12936,36.0,17.0,176.0,0.035,51.0,49.0,2.0,0.0,1.0,2.608,1.03,-0.96,0.42,0.0,0.0,0.0,0.0,0.0,0.49,1.96,-0.105,0.385,0.045,0.0,0,0,0,1,0,0,0,0,1118100,10000.0,7000.0,7312.8
김태훈,-0.05,12,-0.14,0.09,21,21,20,2,4,1,0,0,5,1,0,0,0,1,0,3,1,0,0,0.2,0.238,0.25,0.488,0.027,18.5,113363,2024,11336,7.0,2.0,31.0,0.087,6.0,6.0,0.0,0.0,1.0,1.742,0.64,0.32,0.07,0.0,0.0,0.0,0.0,0.0,1.03,21.189,-0.073,0.957,0.094,0.0,0,0,0,1,0,0,0,0,1118100,4100.0,4500.0,4391.92
카디네스,-0.06,7,0.11,-0.18,25,25,24,2,8,2,0,2,16,5,0,1,1,0,0,6,1,0,0,0.333,0.36,0.667,1.027,0.21,145.5,161563,2024,16156,7.0,5.0,34.0,-0.188,9.0,9.0,0.0,0.0,1.0,2.382,-1.73,-0.31,0.1,0.0,0.0,0.0,0.0,0.0,-1.93,-39.703,-0.123,-2.053,-0.176,0.0,0,0,0,1,0,0,0,0,1118100,32700.0,58500.0,53198.096
김도환,-0.11,1,-0.07,-0.04,3,3,3,0,0,0,0,0,0,0,0,0,0,0,0,1,0,0,0,0.0,0.0,0.0,0.0,-0.19,-151.2,141153,2024,14115,1.0,1.0,6.0,-0.032,5.0,5.0,0.0,0.0,100.0,7.5,-0.09,0.0,0.02,0.0,0.0,-0.14,-0.3,0.0,-0.42,-60.41,0.07,-0.35,-0.038,0.0,0,0,0,0,0,0,0,1,1118100,5000.0,4700.0,4681.4
공민규,-0.16,12,-0.08,-0.08,17,17,14,1,1,0,0,1,4,2,0,0,1,2,0,9,1,0,0,0.071,0.235,0.286,0.521,0.056,39.5,131643,2024,13164,11.0,4.0,38.0,-0.115,16.0,6.0,9.0,1.0,0.938,3.553,-1.01,0.0,-0.26,0.0,0.0,0.0,0.0,0.0,-1.25,-16.364,-0.004,-1.254,-0.114,0.0,0,0,1,0,0,0,0,0,1118100,4100.0,4300.0,4439.44
양우현,-0.17,7,-0.32,0.15,15,14,13,0,0,0,0,0,0,1,0,0,1,0,0,6,1,1,0,0.0,0.071,0.0,0.071,-0.138,-92.5,141163,2024,14116,6.0,4.0,34.0,0.167,19.0,8.0,11.0,0.0,1.0,5.029,1.08,0.0,0.2,0.43,0.0,0.0,0.0,0.0,1.72,41.28,0.108,1.828,0.157,0.0,0,1,0,0,0,0,0,0,1118100,3700.0,4000.0,4141.2
이창용,-0.24,9,-0.23,-0.01,21,21,21,1,4,1,0,0,5,2,0,0,0,0,0,4,0,0,0,0.19,0.19,0.238,0.428,-0.013,-9.2,148663,2024,14866,7.0,5.0,41.0,-0.031,33.0,29.0,3.0,1.0,0.97,7.024,0.24,0.0,-0.29,0.0,0.0,0.0,0.0,0.0,-0.05,-1.029,-0.291,-0.341,-0.005,0.0,1,0,0,0,0,0,0,0,1118100,3000.0,3300.0,3351.6
김재성,-0.24,10,-0.08,-0.16,23,23,20,3,4,1,0,0,5,1,0,0,3,0,0,5,1,0,0,0.2,0.304,0.25,0.554,0.066,47.7,113443,2024,11344,8.0,3.0,34.0,-0.179,27.0,23.0,3.0,1.0,0.963,6.882,-0.56,0.0,-0.38,0.0,-0.82,0.0,-0.75,0.0,-2.22,-39.96,0.261,-1.959,-0.203,0.0,0,0,0,0,0,0,0,1,1118100,7000.0,5500.0,12554.7
김동엽,-0.29,8,-0.29,0.0,21,20,18,1,2,1,0,0,3,2,0,0,1,1,1,5,0,0,1,0.111,0.19,0.167,0.357,-0.031,-21.5,125483,2024,12548,0.0,0.0,0.0,0.0,0.0,0.0,0.0,0.0,0.0,0.0,0.0,0.0,0.0,0.0,0.0,0.0,0.0,0.0,0.0,0.0,0.0,0.0,0.0,0.0,0,0,0,0,0,1,0,0,1118100,8000.0,5000.0,5476.9
김호진,-0.4,26,-0.47,0.07,32,32,29,4,2,0,0,0,2,3,0,0,1,1,0,11,1,0,1,0.069,0.125,0.069,0.194,-0.088,-60.7,158683,2024,15868,24.0,7.0,80.0,0.101,18.0,6.0,12.0,0.0,1.0,2.025,0.04,0.0,0.59,0.32,0.0,0.0,0.0,0.0,1.03,6.18,0.07,1.1,0.094,0.0,0,0,1,0,0,0,0,0,1118100,3000.0,3250.0,3452.6
강한울,-0.47,18,-0.47,0.01,25,22,21,1,2,0,0,0,2,1,0,0,0,0,0,6,1,3,1,0.095,0.091,0.095,0.186,-0.114,-81.5,112553,2024,11255,21.0,3.0,70.0,0.027,27.0,6.0,20.0,1.0,0.963,3.343,0.36,0.0,-0.04,-0.04,0.0,0.0,0.0,0.0,0.27,1.851,0.03,0.3,0.025,0.0,0,0,1,0,0,0,0,0,1118100,10000.0,7000.0,7286.7
김재혁,-0.49,35,-0.53,0.04,54,54,49,6,9,2,1,0,13,6,2,2,3,0,0,19,2,0,2,0.184,0.222,0.265,0.487,0.017,11.6,150363,2024,15036,31.0,9.0,104.0,0.039,47.0,42.0,4.0,1.0,0.979,3.981,1.03,-0.37,-0.19,0.0,0.0,0.0,0.0,0.0,0.52,2.415,-0.09,0.43,0.048,0.0,0,0,0,0,0,0,1,0,1118100,3000.0,3500.0,3490.73
안주형,-0.92,82,-0.57,-0.35,166,154,142,24,31,2,0,0,33,8,4,2,11,1,0,39,3,12,0,0.218,0.279,0.232,0.511,0.041,29.2,129883,2024,12988,89.0,42.0,420.0,-0.181,228.0,94.0,131.0,3.0,0.987,4.821,-3.78,0.0,1.19,-0.57,0.0,0.0,0.0,0.0,-3.16,-5.113,1.175,-1.985,-0.289,0.0,0,1,0,0,0,0,0,0,1118100,5200.0,7000.0,7115.25
최정,4.55,129,4.65,-0.09,550,550,468,93,136,27,2,37,278,107,5,1,55,20,1,114,10,0,7,0.291,0.384,0.594,0.978,0.202,145.9,101064,2024,10106,122.0,116.0,955.0,0.013,239.0,57.0,169.0,13.0,0.946,2.13,-1.0,0.0,0.03,0.95,0.0,0.0,0.0,0.0,0.14,0.165,0.0,0.14,0.013,0.0,0,0,1,0,0,0,0,0,1045700,100000.0,170000.0,72243.61
에레디아,4.42,136,4.09,0.33,591,588,541,82,195,31,1,21,291,118,4,3,28,13,3,73,12,0,9,0.36,0.399,0.538,0.937,0.191,137.2,155304,2024,15530,119.0,116.0,989.0,-0.113,225.0,214.0,8.0,3.0,0.987,2.02,3.59,-0.08,0.14,0.0,0.0,0.0,0.0,0.0,3.65,4.417,-4.886,-1.236,0.333,1.0,0,0,0,0,0,1,0,0,1045700,115000.0,224000.0,76856.714
박성한,3.6,137,3.5,0.1,564,559,489,78,147,24,0,10,201,67,13,3,64,2,3,86,11,3,6,0.301,0.38,0.411,0.791,0.145,104.0,129224,2024,12922,135.0,128.0,1115.0,1.059,564.0,209.0,332.0,23.0,95.9,4.37,1.35,0.0,-1.65,0.75,0.0,0.0,0.0,0.0,0.45,0.47,11.14,11.59,0.041,0.0,0,0,0,0,1,0,0,0,1045700,30000.0,37000.0,40573.598
정준재,1.8,88,1.52,0.28,240,237,215,40,66,8,5,1,87,23,16,5,19,3,0,49,3,3,0,0.307,0.371,0.405,0.776,0.143,103.2,160424,2024,16042,78.0,57.0,476.0,0.423,248.0,89.0,156.0,3.0,0.988,4.632,3.38,0.0,1.46,-0.84,0.0,0.0,0.0,0.0,3.33,6.148,1.303,4.633,0.304,0.0,0,1,0,0,0,0,0,0,1045700,3000.0,7500.0,7834.05
최지훈,1.76,125,2.03,-0.27,543,537,483,89,133,22,7,11,202,49,32,5,50,2,0,71,5,6,2,0.275,0.345,0.418,0.763,0.128,92.2,145874,2024,14587,119.0,113.0,989.2,-0.297,249.0,237.0,5.0,7.0,97.2,2.2,-2.9,1.1,-1.45,0.0,0.0,0.0,0.0,0.0,-3.25,-3.74,0.0,-3.25,-0.297,0.0,0,0,0,0,0,0,1,0,1045700,25000.0,30000.0,33738.118
이지영,1.53,123,0.96,0.57,432,425,398,45,111,11,1,5,139,50,8,1,18,7,0,35,10,7,2,0.279,0.32,0.349,0.669,0.097,70.1,103124,2024,10312,117.0,105.0,914.2,1.513,987.0,919.0,61.0,7.0,99.3,9.64,1.2,0.0,-0.21,0.0,0.1,1.67,5.34,0.0,6.5,7.61,10.06,16.56,0.594,0.0,0,0,0,0,0,0,0,1,1045700,20000.0,15000.0,20862.532
오태곤,1.29,117,1.19,0.09,288,281,247,43,68,16,0,9,111,36,27,4,31,1,2,73,4,6,3,0.275,0.355,0.449,0.804,0.143,102.4,102494,2024,10249,127.0,58.0,634.0,-0.16,501.0,458.0,39.0,4.0,0.992,7.055,-1.09,1.1,0.71,0.0,0.0,0.0,0.0,0.0,1.04,1.179,-2.788,-1.748,0.095,0.0,1,0,0,0,0,0,0,0,1045700,40000.0,30000.0,34287.194
최준우,0.17,18,0.28,-0.11,34,34,25,2,6,2,0,0,8,5,0,0,9,0,0,8,0,0,0,0.24,0.441,0.32,0.761,0.171,126.9,131284,2024,13128,14.0,6.0,53.0,-0.082,29.0,11.0,16.0,2.0,0.931,4.585,-0.39,0.0,-0.68,0.0,0.0,0.0,0.0,0.0,-1.06,-10.903,0.157,-0.903,-0.097,0.0,0,1,0,0,0,0,0,0,1045700,4500.0,3200.0,3702.37
최상민,0.12,43,-0.01,0.13,13,13,12,9,2,2,0,0,4,1,2,1,0,1,0,5,0,0,0,0.167,0.231,0.333,0.564,0.058,42.6,131954,2024,13195,38.0,1.0,63.0,0.131,25.0,23.0,2.0,0.0,1.0,3.571,0.13,1.17,0.16,0.0,0.0,0.0,0.0,0.0,1.45,5.495,-0.021,1.429,0.132,0.0,0,0,0,1,0,0,0,0,1045700,3200.0,3200.0,4516.0
박지환,0.09,76,0.49,-0.4,249,246,228,33,63,9,2,4,88,21,8,3,12,3,0,61,3,3,3,0.276,0.317,0.386,0.703,0.106,75.2,160384,2024,16038,63.0,50.0,444.0,-0.28,256.0,115.0,133.0,8.0,0.969,5.027,-4.36,0.0,-1.3,0.92,0.0,0.0,0.0,0.0,-4.74,-10.834,1.68,-3.06,-0.433,0.0,0,1,0,0,0,0,0,0,1045700,3000.0,6200.0,6444.05
김창평,-0.06,6,-0.1,0.04,9,9,7,1,0,0,0,0,0,0,1,0,2,0,0,4,0,0,0,0.0,0.222,0.0,0.222,-0.029,-22.1,141464,2024,14146,1.0,1.0,4.0,0.041,3.0,3.0,0.0,0.0,100.0,6.75,0.46,0.0,0.01,0.0,0.0,0.0,0.0,0.0,0.47,11.34,-0.02,0.45,0.043,0.0,0,0,0,0,0,1,0,0,1045700,3100.0,3100.0,3094.85
최민창,-0.07,7,-0.06,0.0,3,3,3,2,0,0,0,0,0,0,0,0,0,0,0,1,0,0,0,0.0,0.0,0.0,0.0,-0.19,-133.8,113514,2024,11351,6.0,0.0,8.0,-0.005,2.0,2.0,0.0,0.0,1.0,2.25,-0.39,0.33,0.01,0.0,0.0,0.0,0.0,0.0,-0.05,-1.2,-0.005,-0.055,-0.005,0.0,0,0,0,1,0,0,0,0,1045700,3000.0,3000.0,3082.0
조형우,-0.08,19,0.08,-0.16,38,38,33,4,8,0,0,0,8,4,0,0,1,4,0,6,0,0,0,0.242,0.342,0.242,0.584,0.094,66.6,148064,2024,14806,19.0,9.0,90.1,-0.077,86.0,79.0,6.0,1.0,98.8,8.47,-0.01,0.0,-0.18,0.0,0.0,0.12,-2.42,0.0,-1.76,-13.33,0.91,-0.85,-0.161,0.0,0,0,0,0,0,0,0,1,1045700,6300.0,4000.0,4648.3
강진성,-0.16,16,-0.26,0.1,31,30,27,4,5,0,0,0,5,2,0,0,3,0,0,5,0,1,0,0.185,0.267,0.185,0.452,0.022,16.4,111484,2024,11148,3.0,1.0,12.0,0.1,8.0,7.0,1.0,0.0,1.0,6.0,1.11,0.0,0.04,0.0,0.0,0.0,0.0,0.0,1.15,55.2,-0.06,1.09,0.105,0.0,1,0,0,0,0,0,0,0,1045700,8500.0,5500.0,6999.7
한유섬,-0.23,132,0.43,-0.67,523,519,464,64,109,29,0,24,210,87,0,1,46,9,3,142,2,1,3,0.235,0.314,0.453,0.767,0.125,89.3,108154,2024,10815,104.0,99.0,813.0,-1.017,172.0,165.0,0.0,7.0,0.959,1.827,-6.0,-0.06,-1.08,0.0,0.0,0.0,0.0,0.0,-7.14,-9.886,-3.993,-11.133,-0.652,0.0,0,0,0,1,0,0,0,0,1045700,90000.0,90000.0,78526.174
정현승,-0.25,23,-0.17,-0.08,31,31,29,1,7,0,0,1,10,4,1,0,2,0,0,6,0,0,0,0.241,0.29,0.345,0.635,0.076,53.9,160434,2024,16043,21.0,8.0,86.0,-0.087,15.0,15.0,0.0,0.0,1.0,1.57,-1.23,0.16,0.2,0.0,0.0,0.0,0.0,0.0,-0.87,-5.966,-0.085,-0.955,-0.079,0.0,0,0,0,1,0,0,0,0,1045700,3000.0,3000.0,3344.6
김찬형,-0.26,5,-0.23,-0.03,9,9,9,0,0,0,0,0,0,0,0,0,0,0,0,4,0,0,0,0.0,0.0,0.0,0.0,-0.19,-139.6,126224,2024,12622,5.0,2.0,24.0,-0.02,10.0,6.0,4.0,0.0,1.0,3.75,-0.39,0.0,0.17,0.0,0.0,0.0,0.0,0.0,-0.24,-6.912,0.016,-0.224,-0.022,0.0,0,0,1,0,0,0,0,0,1045700,5000.0,3200.0,4459.5
김민식,-0.26,45,-0.05,-0.21,126,122,106,10,22,5,0,1,30,10,0,0,16,0,0,33,2,4,0,0.208,0.311,0.283,0.594,0.079,56.5,107074,2024,10707,40.0,30.0,264.2,0.064,240.0,224.0,16.0,0.0,100.0,8.16,0.64,0.0,0.96,0.0,0.03,-1.79,-2.92,0.0,-2.2,-7.05,2.9,0.7,-0.201,0.0,0,0,0,0,0,0,0,1,1045700,15000.0,25000.0,22283.4
김성현,-0.49,71,0.03,-0.53,167,162,141,21,32,3,1,1,40,15,2,0,16,4,0,28,7,5,1,0.227,0.321,0.284,0.605,0.085,60.3,106364,2024,10636,78.0,39.0,390.0,-0.405,178.0,64.0,108.0,6.0,0.966,3.969,-4.03,0.0,-0.24,-0.83,0.0,0.0,0.0,0.0,-5.04,-9.305,0.609,-4.431,-0.46,0.0,0,1,0,0,0,0,0,0,1045700,20000.0,15000.0,14949.0
하재훈,-0.74,107,0.11,-0.85,317,315,290,40,72,19,0,10,121,36,15,2,18,2,0,90,5,2,5,0.248,0.292,0.417,0.709,0.102,73.9,141474,2024,14147,100.0,73.0,666.0,-1.018,140.0,128.0,5.0,7.0,0.95,1.797,-8.65,0.45,-2.04,0.0,0.0,0.0,0.0,0.0,-10.25,-14.76,-0.896,-11.146,-0.937,0.0,0,0,0,0,0,1,0,0,1045700,10000.0,9000.0,11297.09
고명준,-0.76,106,-0.97,0.21,366,366,340,33,85,13,0,11,131,45,3,4,25,1,0,90,4,0,0,0.25,0.303,0.385,0.688,0.095,68.1,148074,2024,14807,93.0,87.0,668.0,-0.348,631.0,584.0,42.0,5.0,0.992,8.434,1.77,0.0,0.8,0.0,0.0,0.0,0.0,0.0,2.62,4.057,-6.43,-3.81,0.239,0.0,1,0,0,0,0,0,0,0,1045700,3000.0,8000.0,8300.816
안상현,-0.8,37,-0.58,-0.22,75,74,70,3,12,1,0,0,13,2,1,1,4,0,0,14,0,1,0,0.171,0.216,0.186,0.402,-0.01,-7.2,126134,2024,12613,34.0,23.0,193.0,-0.255,96.0,34.0,57.0,5.0,0.948,4.244,-1.84,0.0,-1.31,-0.28,0.0,0.0,0.0,0.0,-3.35,-14.188,0.557,-2.793,-0.306,0.0,0,1,0,0,0,0,0,0,1045700,4000.0,3200.0,3565.2
박민우,4.7,121,4.11,0.58,528,520,457,75,150,26,2,8,204,50,32,7,54,9,4,79,5,4,4,0.328,0.406,0.446,0.852,0.172,129.6,111375,2024,11137,98.0,95.0,779.1,1.023,402.0,186.0,210.0,6.0,98.5,4.57,4.88,0.0,1.7,0.31,0.0,0.0,0.0,0.0,6.89,8.2,4.31,11.2,0.629,0.0,0,1,0,0,0,0,0,0,947275,170000.0,160000.0,71587.39
데이비슨,3.98,131,4.26,-0.28,567,565,504,90,154,25,1,46,319,119,0,1,39,17,5,142,12,0,7,0.306,0.37,0.633,1.003,0.203,153.9,160665,2024,16066,109.0,109.0,890.1,-1.16,813.0,733.0,69.0,11.0,98.6,8.11,-2.26,0.0,-1.12,0.0,0.08,0.0,0.0,0.0,-3.29,-3.62,-9.4,-12.69,-0.301,1.0,1,0,0,0,0,0,0,0,947275,91000.0,168000.0,73910.144
권희동,3.77,123,3.48,0.29,511,509,416,66,125,22,1,13,188,77,4,0,77,10,1,63,10,2,6,0.3,0.417,0.452,0.869,0.182,137.9,111725,2024,11172,129.0,113.0,915.0,-0.058,251.0,238.0,11.0,2.0,0.992,2.449,3.48,-0.36,0.16,0.0,0.0,0.0,0.0,0.0,3.28,3.661,-3.917,-0.637,0.3,0.0,0,0,0,0,0,1,0,0,947275,15000.0,22500.0,26257.216
김주원,3.75,134,3.07,0.68,475,466,385,61,97,18,2,9,146,49,16,6,51,25,1,111,5,9,5,0.252,0.371,0.379,0.75,0.143,108.4,147655,2024,14765,132.0,115.0,1023.2,1.722,501.0,196.0,287.0,18.0,96.4,4.25,9.13,0.0,0.05,0.26,0.0,0.0,0.0,0.0,9.43,10.13,9.42,18.85,0.861,0.0,0,0,0,0,1,0,0,0,947275,16000.0,20000.0,22825.65
박건우,2.64,89,2.96,-0.32,362,360,323,58,111,23,1,13,175,53,4,0,33,4,3,54,7,0,2,0.344,0.409,0.542,0.951,0.198,150.1,101895,2024,10189,71.0,69.0,537.0,-0.538,112.0,108.0,3.0,1.0,0.991,1.86,-4.14,-0.25,1.11,0.0,0.0,0.0,0.0,0.0,-3.28,-6.652,-2.605,-5.885,-0.3,0.0,0,0,0,1,0,0,0,0,947275,146666.0,136666.0,75264.39
김휘집,1.99,89,1.52,0.47,366,364,314,54,86,15,0,11,134,48,4,3,37,7,0,70,7,2,6,0.274,0.357,0.427,0.784,0.141,106.3,147855,2024,14785,89.0,75.0,638.0,0.412,286.0,150.0,126.0,10.0,0.965,3.893,3.57,0.0,-0.49,1.04,0.0,0.0,0.0,0.0,4.22,6.828,0.288,4.508,0.386,0.0,0,0,1,0,0,0,0,0,947275,11000.0,17500.0,16508.1
서호철,1.39,141,1.28,0.11,567,561,512,68,146,19,3,10,201,61,1,3,30,16,0,101,15,6,3,0.285,0.342,0.393,0.735,0.123,93.3,142205,2024,14220,141.0,124.0,1053.0,0.16,357.0,134.0,209.0,14.0,0.961,2.932,1.95,0.0,0.53,-0.8,0.0,0.0,0.0,0.0,1.47,1.501,0.278,1.748,0.134,0.0,0,0,1,0,0,0,0,0,947275,12000.0,17500.0,18999.36
최정원,0.62,65,0.55,0.06,155,154,131,33,37,5,0,1,45,14,7,3,17,4,0,34,1,1,2,0.282,0.377,0.344,0.721,0.131,99.0,142215,2024,14221,60.0,30.0,296.0,0.11,141.0,108.0,30.0,3.0,0.979,4.196,0.67,0.04,-0.47,0.77,0.0,0.0,0.0,0.0,1.02,2.448,0.186,1.206,0.093,0.0,0,0,0,0,0,0,1,0,947275,6600.0,7000.0,7271.8
박세혁,0.48,82,0.69,-0.21,171,166,148,21,39,9,0,1,51,10,4,0,14,3,0,43,3,5,1,0.264,0.337,0.345,0.682,0.108,82.4,108915,2024,10891,71.0,36.0,357.1,0.134,311.0,290.0,18.0,3.0,99.0,7.76,0.41,0.0,-0.22,0.0,0.16,-0.95,-2.27,0.0,-2.18,-3.84,3.65,1.46,-0.2,0.0,0,0,0,0,0,0,0,1,947275,115000.0,105000.0,60856.598
김형준,0.42,119,0.31,0.11,414,407,354,39,69,12,0,17,132,50,0,0,45,2,0,144,6,7,6,0.195,0.285,0.373,0.658,0.086,64.9,130815,2024,13081,116.0,104.0,870.1,0.967,832.0,761.0,59.0,12.0,98.6,8.48,0.42,0.0,-2.88,0.0,-0.04,1.15,3.15,0.0,0.86,1.04,9.72,10.58,0.079,0.0,0,0,0,0,0,0,0,1,947275,5800.0,11000.0,11106.2
천재환,0.37,89,0.56,-0.2,236,233,215,31,61,9,1,5,87,33,8,2,13,4,0,52,7,3,1,0.284,0.335,0.405,0.74,0.121,91.5,132615,2024,13261,96.0,51.0,494.0,-0.303,104.0,100.0,2.0,2.0,0.981,1.858,-3.51,0.89,0.1,0.0,0.0,0.0,0.0,0.0,-2.52,-3.78,-0.8,-3.32,-0.23,0.0,0,0,0,0,0,0,1,0,947275,5000.0,7600.0,7807.05
안중열,0.23,10,0.29,-0.06,25,25,21,5,6,1,0,2,13,4,0,0,3,0,0,7,0,0,1,0.286,0.36,0.619,0.979,0.187,138.4,113295,2024,11329,9.0,4.0,45.0,-0.015,42.0,39.0,3.0,0.0,100.0,8.4,0.0,0.0,0.16,0.0,0.0,-0.2,-0.92,0.0,-0.69,-9.89,0.53,-0.16,-0.063,0.0,0,0,0,0,0,0,0,1,947275,7100.0,6600.0,7733.8
송승환,0.09,3,-0.05,0.14,5,5,5,1,1,0,0,0,1,0,0,0,0,0,0,1,0,0,0,0.2,0.2,0.2,0.4,-0.022,-16.6,141725,2024,14172,2.0,1.0,9.0,0.139,5.0,5.0,0.0,0.0,100.0,5.0,1.51,0.01,0.03,0.0,0.0,0.0,0.0,0.0,1.55,74.33,-0.03,1.52,0.141,0.0,0,0,0,1,0,0,0,0,947275,3500.0,3200.0,3410.96
오영수,0.08,20,-0.04,0.12,34,34,30,4,6,0,0,3,15,5,0,0,2,1,0,6,0,0,1,0.2,0.265,0.5,0.765,0.108,80.8,130825,2024,13082,10.0,6.0,49.2,0.093,53.0,49.0,4.0,0.0,100.0,9.6,1.21,0.0,0.25,0.0,0.0,0.0,0.0,0.0,1.46,10.51,-0.44,1.02,0.133,0.0,1,0,0,0,0,0,0,0,947275,7200.0,5100.0,5560.0
손아섭,0.08,84,-0.23,0.31,355,353,333,45,95,16,0,7,132,50,6,2,16,0,0,65,1,2,4,0.285,0.314,0.396,0.71,0.103,78.3,102615,2024,10261,29.0,26.0,195.0,0.259,50.0,50.0,0.0,0.0,1.0,2.308,3.06,-0.1,0.46,0.0,0.0,0.0,0.0,0.0,3.44,17.081,-0.608,2.832,0.314,0.0,0,0,0,1,0,0,0,0,947275,115000.0,115000.0,61145.844
도태훈,0.06,100,-0.24,0.3,181,177,145,20,31,4,0,0,35,15,1,0,24,6,0,29,5,4,2,0.214,0.345,0.241,0.586,0.092,69.3,125605,2024,12560,104.0,31.0,398.0,0.314,299.0,207.0,89.0,3.0,0.99,6.693,4.44,0.0,0.71,-0.95,0.0,0.0,0.0,0.0,4.27,5.912,-0.833,3.437,0.39,0.0,1,0,0,0,0,0,0,0,947275,8000.0,8000.0,8051.35
신용석,-0.06,2,-0.07,0.0,2,2,2,0,0,0,0,0,0,0,0,0,0,0,0,0,1,0,0,0.0,0.0,0.0,0.0,-0.19,-136.9,154525,2024,15452,1.0,0.0,3.0,0.006,4.0,4.0,0.0,0.0,100.0,12.0,0.0,0.0,0.01,0.0,0.0,0.0,0.04,0.0,0.04,2.64,0.02,0.06,0.003,0.0,0,0,0,0,0,0,0,1,947275,13000.0,3000.0,6292.3
김한별,-0.07,40,0.24,-0.31,50,50,44,8,14,1,0,0,15,3,0,0,2,4,0,9,2,0,0,0.318,0.4,0.341,0.741,0.148,109.8,147165,2024,14716,39.0,9.0,113.0,-0.236,48.0,20.0,27.0,1.0,0.979,3.743,-3.25,0.0,0.42,-0.15,0.0,0.0,0.0,0.0,-2.99,-11.04,0.406,-2.584,-0.273,0.0,0,0,0,0,1,0,0,0,947275,3800.0,3800.0,4019.52
한재환,-0.08,7,-0.05,-0.03,9,9,9,1,2,1,0,0,3,1,0,0,0,0,0,3,0,0,0,0.222,0.222,0.333,0.555,0.036,26.9,146595,2024,14659,4.0,0.0,5.0,-0.032,3.0,3.0,0.0,0.0,1.0,5.4,-0.01,0.0,0.03,0.0,0.0,0.0,0.0,0.0,-0.33,-11.88,-0.015,-0.345,-0.03,0.0,1,0,0,0,0,0,0,0,947275,4000.0,3000.0,3392.04
박영빈,-0.09,19,0.13,-0.23,7,7,6,3,3,2,0,0,5,1,2,1,1,0,0,3,0,0,0,0.5,0.571,0.833,1.404,0.374,278.2,146615,2024,14661,11.0,0.0,18.0,-0.23,1.0,1.0,0.0,0.0,1.0,0.5,-2.53,0.03,0.02,0.0,0.0,0.0,0.0,0.0,-2.47,-32.335,-0.049,-2.519,-0.226,0.0,0,0,0,0,0,0,1,0,947275,3200.0,3100.0,4340.54
김세훈,-0.1,7,-0.06,-0.05,5,5,4,0,0,0,0,0,0,0,0,0,1,0,0,2,0,0,0,0.0,0.2,0.0,0.2,-0.045,-35.0,160585,2024,16058,7.0,1.0,16.0,-0.037,4.0,4.0,0.0,0.0,1.0,2.25,-0.09,0.0,0.12,-0.48,0.0,0.0,0.0,0.0,-0.45,-9.257,0.049,-0.401,-0.041,0.0,0,0,0,0,1,0,0,0,947275,3000.0,3000.0,3453.95
김범준,-0.15,5,-0.15,0.0,5,5,5,0,0,0,0,0,0,0,0,0,0,0,0,2,1,0,0,0.0,0.0,0.0,0.0,-0.19,-142.8,142225,2024,14222,2.0,0.0,3.0,0.0,0.0,0.0,0.0,0.0,0.0,0.0,-0.03,0.0,0.0,0.0,0.0,0.0,0.0,0.0,-0.03,-0.78,0.0,0.0,-0.002,0.0,0,0,0,0,0,1,0,0,947275,3000.0,3000.0,3114.15
김수윤,-0.16,9,-0.07,-0.08,10,10,9,0,2,0,0,0,2,0,0,0,1,0,0,4,0,0,0,0.222,0.3,0.222,0.522,0.05,37.3,129035,2024,12903,8.0,1.0,27.0,-0.13,24.0,22.0,1.0,1.0,0.958,7.667,-0.99,0.0,-0.36,0.0,0.0,0.0,0.0,0.0,-1.34,-24.12,-0.088,-1.428,-0.122,0.0,0,0,1,0,0,0,0,0,947275,3200.0,3200.0,3295.67
박한결,-0.28,28,-0.07,-0.21,71,71,65,8,12,1,0,7,34,14,0,0,6,0,0,29,1,0,0,0.185,0.254,0.523,0.777,0.11,84.6,154515,2024,15451,21.0,13.0,110.1,-0.259,21.0,20.0,0.0,1.0,95.2,1.63,-1.96,0.01,-0.38,0.0,0.0,0.0,0.0,0.0,-2.32,-11.93,-0.52,-2.84,-0.212,0.0,0,0,0,0,0,1,0,0,947275,18100.0,3500.0,8106.2
박시원,-0.46,55,-0.26,-0.2,158,156,141,17,33,5,1,2,46,17,3,0,14,0,0,46,2,2,1,0.234,0.301,0.326,0.627,0.08,60.9,145975,2024,14597,51.0,31.0,311.0,-0.222,80.0,73.0,5.0,2.0,0.975,2.257,-2.41,0.51,-0.22,0.0,0.0,0.0,0.0,0.0,-2.12,-5.986,-0.311,-2.431,-0.194,0.0,0,0,0,0,0,0,1,0,947275,3000.0,12000.0,9104.87
김성욱,-0.49,129,-0.1,-0.38,412,409,358,55,73,8,2,17,136,60,10,4,31,15,0,79,7,3,5,0.204,0.291,0.38,0.671,0.095,71.4,111535,2024,11153,144.0,94.0,875.0,-0.367,233.0,226.0,6.0,1.0,0.996,2.386,-4.93,-0.35,1.34,0.0,0.0,0.0,0.0,0.0,-3.93,-3.93,-0.084,-4.014,-0.359,0.0,0,0,0,0,0,0,1,0,947275,9500.0,10000.0,13186.932
한석현,-0.52,40,-0.22,-0.3,76,76,73,10,18,4,1,0,24,3,2,1,2,1,0,22,2,0,0,0.247,0.276,0.329,0.605,0.067,50.3,132505,2024,13250,39.0,14.0,169.0,-0.317,44.0,39.0,5.0,0.0,1.0,2.343,-4.66,1.01,0.42,0.0,0.0,0.0,0.0,0.0,-3.22,-11.889,-0.25,-3.47,-0.294,0.0,0,0,0,1,0,0,0,0,947275,3900.0,3700.0,5853.22
강승호,3.71,140,2.9,0.81,566,561,521,81,146,34,7,18,248,81,16,5,32,7,4,158,8,2,4,0.28,0.328,0.476,0.804,0.136,104.3,110871,2024,11087,156.0,131.0,1131.0,0.99,677.0,360.0,304.0,13.0,0.981,5.284,7.05,0.0,0.16,-0.06,0.0,0.0,0.0,0.0,7.21,6.655,3.624,10.834,0.659,0.0,0,1,0,0,0,0,0,0,1119436,25500.0,37000.0,35159.562
양의지,3.21,119,3.4,-0.19,485,482,430,57,135,18,1,17,206,94,2,1,40,9,5,56,13,0,6,0.314,0.379,0.479,0.858,0.164,125.3,101651,2024,10165,76.0,74.0,608.1,0.517,579.0,551.0,24.0,4.0,99.3,8.51,0.03,0.0,0.19,0.0,-0.17,-0.93,-1.5,0.0,-1.93,-2.33,7.58,5.66,-0.176,0.0,0,0,0,0,0,0,0,1,1119436,160000.0,270000.0,74256.622
허경민,3.2,115,2.99,0.21,477,477,417,69,129,28,0,7,178,61,5,1,36,18,0,25,8,0,6,0.309,0.384,0.427,0.811,0.16,122.0,101841,2024,10184,110.0,109.0,883.0,0.334,225.0,77.0,143.0,5.0,97.8,2.24,-0.33,0.0,3.55,0.48,-0.05,0.0,0.0,0.0,3.66,4.58,0.0,3.66,0.334,0.0,0,0,1,0,0,0,0,0,1119436,122500.0,30000.0,72499.204
김재환,3.09,136,3.37,-0.28,552,549,474,78,134,28,0,29,249,92,1,1,63,6,3,168,8,0,9,0.283,0.368,0.525,0.893,0.173,132.0,106431,2024,10643,45.0,43.0,335.1,-0.437,71.0,71.0,0.0,0.0,100.0,1.91,-3.11,-0.27,0.38,0.0,0.0,0.0,0.0,0.0,-3.0,-3.18,-1.78,-4.78,-0.274,0.0,0,0,0,0,0,1,0,0,1119436,287500.0,237500.0,75126.916
정수빈,2.97,136,2.52,0.45,608,598,510,95,145,21,3,4,184,47,52,13,71,9,1,72,8,10,8,0.284,0.376,0.361,0.737,0.131,100.2,101951,2024,10195,133.0,131.0,1114.0,0.471,319.0,313.0,5.0,1.0,99.7,2.57,2.03,1.31,1.82,0.0,0.0,0.0,0.0,0.0,5.15,5.46,0.0,5.15,0.471,0.0,0,0,0,0,0,0,1,0,1119436,86666.0,86666.0,84498.43
양석환,2.17,142,1.79,0.37,593,592,533,83,131,25,1,34,260,107,5,3,49,7,1,128,15,1,3,0.246,0.316,0.488,0.804,0.136,104.5,112131,2024,11213,131.0,130.0,1118.0,-0.711,1038.0,943.0,85.0,10.0,99.0,8.28,2.55,0.0,0.51,0.0,0.21,0.0,0.0,0.0,3.27,3.32,-11.06,-7.79,0.299,0.0,1,0,0,0,0,0,0,0,1119436,30000.0,30000.0,32245.864
박준영,1.47,65,0.91,0.56,212,211,186,25,42,9,2,7,76,28,2,0,21,3,0,58,3,1,1,0.226,0.313,0.409,0.722,0.114,86.6,125221,2024,12522,66.0,52.0,461.0,0.889,229.0,87.0,138.0,4.0,0.983,4.393,3.22,0.0,2.04,1.03,0.0,0.0,0.0,0.0,6.35,13.855,3.385,9.735,0.58,0.0,0,0,0,0,1,0,0,0,1119436,7000.0,8500.0,8969.3
김기연,1.16,95,0.85,0.31,283,279,252,31,70,10,0,5,95,31,0,2,22,2,0,47,5,4,3,0.278,0.337,0.377,0.714,0.113,86.7,125491,2024,12549,84.0,61.0,579.0,0.895,501.0,474.0,25.0,2.0,99.6,7.76,-0.24,0.0,1.09,0.0,-0.26,1.28,2.43,0.0,3.56,5.4,6.24,9.8,0.325,0.0,0,0,0,0,0,0,0,1,1119436,4000.0,11000.0,9465.5
이유찬,1.01,103,0.67,0.33,262,255,231,39,64,11,0,3,84,23,16,6,22,1,0,51,9,7,1,0.277,0.341,0.364,0.705,0.115,87.9,128941,2024,12894,110.0,62.0,567.0,0.394,221.0,97.0,121.0,3.0,0.986,3.46,2.06,-0.63,1.74,0.36,0.0,0.0,0.0,0.0,4.02,5.263,0.293,4.313,0.367,0.0,0,1,0,0,0,0,0,0,1119436,8500.0,10500.0,10809.4
조수행,0.97,130,0.4,0.57,382,368,328,60,87,5,2,0,96,30,64,8,33,3,1,53,2,14,4,0.265,0.334,0.293,0.627,0.085,65.5,125241,2024,12524,135.0,93.0,885.0,0.445,252.0,247.0,4.0,1.0,0.996,2.553,5.46,-0.29,1.14,0.0,0.0,0.0,0.0,0.0,6.32,6.741,-1.445,4.875,0.577,0.0,0,0,0,0,0,1,0,0,1119436,9500.0,20000.0,18849.24
전다민,0.3,25,0.34,-0.04,34,34,27,10,9,2,0,0,11,1,1,1,7,0,0,8,0,0,0,0.333,0.471,0.407,0.878,0.202,156.9,160721,2024,16072,14.0,5.0,62.0,-0.049,9.0,8.0,1.0,0.0,1.0,1.306,-0.02,-0.53,0.09,0.0,0.0,0.0,0.0,0.0,-0.45,-4.629,-0.083,-0.533,-0.041,0.0,0,0,0,0,0,1,0,0,1119436,3000.0,3500.0,3742.95
김민혁,0.19,5,0.19,0.0,8,8,5,1,1,0,0,1,4,2,0,0,3,0,0,3,0,0,0,0.2,0.5,0.8,1.3,0.303,237.7,129701,2024,12970,1.0,0.0,1.0,0.0,0.0,0.0,0.0,0.0,0.0,0.0,0.0,0.0,0.0,0.0,0.0,0.0,0.0,0.0,0.0,0.12,0.0,0.0,0.0,0.0,1,0,0,0,0,0,0,0,1119436,3800.0,3420.0,3780.96
류현준,0.12,2,0.11,0.01,3,3,3,0,2,1,0,0,3,1,0,0,0,0,0,0,0,0,0,0.667,0.667,1.0,1.667,0.487,380.3,160761,2024,16076,1.0,0.0,3.0,0.007,4.0,3.0,1.0,0.0,100.0,12.0,0.0,0.0,0.01,0.0,0.0,0.0,0.07,0.0,0.06,4.18,0.02,0.08,0.005,0.0,0,0,0,0,0,0,0,1,1119436,3000.0,3100.0,4896.86
홍성호,0.07,15,0.03,0.03,15,15,14,0,4,2,0,0,6,1,1,0,1,0,0,7,0,0,0,0.286,0.333,0.429,0.762,0.129,100.8,126061,2024,12606,7.0,0.0,12.0,0.031,5.0,5.0,0.0,0.0,1.0,3.75,0.31,0.0,0.04,0.0,0.0,0.0,0.0,0.0,0.36,7.406,-0.023,0.337,0.033,0.0,0,0,0,1,0,0,0,0,1119436,3300.0,3300.0,3423.48
오명진,-0.01,2,0.01,-0.02,2,2,1,0,0,0,0,0,0,1,0,0,1,0,0,1,0,0,0,0.0,0.5,0.0,0.5,0.173,130.2,147371,2024,14737,1.0,0.0,1.0,0.0,0.0,0.0,0.0,0.0,0.0,0.0,-0.28,0.0,0.01,0.0,0.0,0.0,0.0,0.0,-0.27,-19.42,0.0,0.0,-0.025,0.0,0,1,0,0,0,0,0,0,1119436,3100.0,3100.0,6771.57
임종성,-0.01,1,-0.06,0.04,4,4,3,0,0,0,0,0,0,0,0,0,1,0,0,1,0,0,0,0.0,0.25,0.0,0.25,-0.008,-6.5,160691,2024,16069,1.0,1.0,9.0,0.046,2.0,0.0,2.0,0.0,100.0,2.0,0.44,0.0,0.06,0.0,0.0,0.0,0.0,0.0,0.5,72.24,0.0,0.5,0.046,0.0,0,0,1,0,0,0,0,0,1119436,3000.0,3100.0,3205.1
장규빈,-0.02,3,-0.02,0.0,4,4,4,1,1,0,0,0,1,0,0,0,0,0,0,1,0,0,0,0.25,0.25,0.25,0.5,0.02,15.1,145701,2024,14570,3.0,0.0,7.0,0.009,9.0,8.0,1.0,0.0,100.0,11.57,-0.09,0.0,0.03,0.0,0.0,0.0,0.13,0.0,0.02,1.11,0.07,0.1,0.002,0.0,0,0,0,0,0,0,0,1,1119436,3000.0,3100.0,3153.65
여동건,-0.03,9,-0.02,-0.01,11,11,10,2,4,0,0,0,4,0,3,0,1,0,0,2,0,0,0,0.4,0.455,0.4,0.855,0.181,140.6,160681,2024,16068,5.0,2.0,21.0,0.006,13.0,5.0,8.0,0.0,100.0,5.57,0.14,0.0,0.13,-0.29,0.0,0.0,0.0,0.0,-0.02,-0.4,0.09,0.07,-0.002,0.0,0,1,0,0,0,0,0,0,1119436,3000.0,3300.0,3561.75
장승현,-0.1,9,-0.07,-0.04,23,22,20,1,4,2,0,0,6,0,0,1,2,0,0,5,0,1,0,0.2,0.273,0.3,0.573,0.061,43.3,110971,2024,11097,9.0,7.0,58.0,0.015,59.0,57.0,2.0,0.0,100.0,9.16,-0.24,0.0,0.21,0.0,0.05,-0.21,-0.27,0.0,-0.38,-6.16,0.55,0.17,-0.035,0.0,0,0,0,0,0,0,0,1,1119436,6000.0,4800.0,5083.3
박민준,-0.14,5,-0.12,-0.01,5,5,5,0,0,0,0,0,0,0,0,0,0,0,0,3,0,0,0,0.0,0.0,0.0,0.0,-0.19,-144.6,155151,2024,15515,4.0,1.0,10.0,-0.008,10.0,10.0,0.0,0.0,100.0,9.0,0.0,0.0,0.04,0.0,0.0,0.0,-0.28,0.0,-0.16,-4.65,0.07,-0.09,-0.015,0.0,0,0,0,0,0,0,0,1,1119436,7000.0,3100.0,4231.8
전민재,-0.32,100,-0.39,0.07,276,272,248,34,61,5,1,2,74,32,7,3,17,4,1,53,8,4,3,0.246,0.301,0.298,0.599,0.071,54.5,130731,2024,13073,115.0,65.0,627.0,0.321,290.0,123.0,159.0,8.0,0.972,4.048,2.28,0.0,0.99,-1.85,0.0,0.0,0.0,0.0,1.49,1.866,2.018,3.508,0.136,0.0,0,0,0,0,1,0,0,0,1119436,3400.0,7500.0,7496.7
박계범,-0.33,24,0.11,-0.44,20,20,15,5,3,1,0,0,4,0,1,0,5,0,0,7,2,0,0,0.2,0.4,0.267,0.667,0.135,102.1,111981,2024,11198,27.0,3.0,59.0,-0.513,26.0,6.0,17.0,3.0,0.885,3.508,-4.28,0.0,-1.08,-0.28,0.0,0.0,0.0,0.0,-5.66,-30.187,0.042,-5.618,-0.517,0.0,0,0,0,0,1,0,0,0,1119436,8500.0,6800.0,6779.2
김인태,-0.39,10,-0.24,-0.15,26,26,23,3,4,0,0,1,7,2,0,0,2,0,0,7,1,0,1,0.174,0.231,0.304,0.535,0.031,22.0,110981,2024,11098,8.0,6.0,44.0,-0.167,7.0,7.0,0.0,0.0,1.0,1.432,-2.2,0.48,0.06,0.0,0.0,0.0,0.0,0.0,-1.66,-29.88,-0.162,-1.822,-0.152,0.0,0,0,0,1,0,0,0,0,1119436,9000.0,7200.0,7488.1
김대한,-0.69,61,-0.7,0.01,89,87,75,10,10,1,0,1,14,7,1,1,8,2,0,26,1,2,2,0.133,0.23,0.187,0.417,0.007,5.6,141701,2024,14170,59.0,18.0,221.0,-0.042,55.0,54.0,0.0,1.0,0.982,2.199,-0.23,0.13,-0.01,0.0,0.0,0.0,0.0,0.0,-0.11,-0.268,-0.35,-0.46,-0.01,0.0,0,0,0,1,0,0,0,0,1119436,3700.0,4200.0,4202.5
김태근,-0.7,43,-0.5,-0.2,27,26,23,7,2,0,0,0,2,1,0,1,0,3,0,10,0,1,0,0.087,0.192,0.087,0.279,-0.028,-21.7,141751,2024,14175,33.0,5.0,94.0,-0.207,23.0,23.0,0.0,0.0,1.0,2.202,-1.37,-0.97,0.16,0.0,0.0,0.0,0.0,0.0,-2.17,-9.469,-0.092,-2.262,-0.198,0.0,0,0,0,0,0,1,0,0,1119436,3400.0,4500.0,4228.17
송성문,6.13,142,5.83,0.29,602,601,527,88,179,29,4,19,273,104,21,0,64,3,2,82,5,0,8,0.34,0.409,0.518,0.927,0.191,148.9,113767,2024,11376,148.0,120.0,1072.0,0.389,431.0,232.0,189.0,10.0,0.977,3.535,2.77,0.0,1.94,-0.27,0.0,0.0,0.0,0.0,4.48,4.359,-0.217,4.263,0.409,0.0,0,0,1,0,0,0,0,0,567876,13000.0,30000.0,34460.694
이주형,1.96,115,1.72,0.25,537,536,473,82,126,19,3,13,190,60,6,0,49,14,1,119,4,0,1,0.266,0.352,0.402,0.754,0.133,103.6,145917,2024,14591,107.0,91.0,776.0,0.154,217.0,210.0,4.0,3.0,0.986,2.482,2.41,0.07,0.51,0.0,0.0,0.0,0.0,0.0,2.99,4.024,-1.301,1.689,0.273,0.0,0,0,0,1,0,0,0,0,567876,6600.0,11000.0,12186.378
이용규,1.42,60,1.43,-0.01,227,224,183,27,56,5,2,1,68,12,2,2,31,9,0,33,4,3,1,0.306,0.429,0.372,0.801,0.172,136.7,100357,2024,10035,60.0,48.0,425.0,-0.039,119.0,118.0,0.0,1.0,0.992,2.499,-0.25,-0.1,0.32,0.0,0.0,0.0,0.0,0.0,-0.03,-0.072,-0.393,-0.423,-0.003,0.0,0,0,0,0,0,1,0,0,567876,20000.0,20000.0,20212.98
이형종,0.36,35,0.28,0.08,126,125,102,19,22,3,0,4,37,19,1,0,22,1,1,27,1,1,0,0.216,0.36,0.363,0.723,0.128,100.7,125167,2024,12516,29.0,26.0,218.2,-0.007,60.0,59.0,0.0,1.0,98.3,2.43,0.87,-0.05,0.16,0.0,0.0,0.0,0.0,0.0,0.98,4.03,-1.06,-0.08,0.09,0.0,0,0,0,1,0,0,0,0,567876,68000.0,60000.0,52676.848
김건희,0.22,83,0.37,-0.16,283,283,261,27,67,15,0,9,109,38,0,0,18,0,0,82,7,0,4,0.257,0.3,0.418,0.718,0.103,79.2,154727,2024,15472,66.0,49.0,431.2,0.296,295.0,267.0,24.0,4.0,98.6,6.07,-0.32,0.0,-0.45,0.0,-0.37,-1.12,0.91,0.0,-1.63,-2.83,4.87,3.24,-0.149,0.0,0,0,0,0,0,0,0,1,567876,25200.0,5200.0,21958.054
박수종,0.05,80,-0.05,0.11,148,144,129,23,33,5,1,0,40,6,3,0,13,2,0,17,4,4,0,0.256,0.333,0.31,0.643,0.097,73.8,151327,2024,15132,85.0,33.0,360.0,0.105,124.0,120.0,0.0,4.0,0.968,3.0,2.23,0.37,-1.33,0.0,0.0,0.0,0.0,0.0,1.25,2.118,-0.098,1.152,0.114,0.0,0,0,0,0,0,0,1,0,567876,4000.0,4500.0,5031.3
박성빈,-0.02,12,0.05,-0.07,11,11,9,1,2,1,0,0,3,2,0,0,1,1,0,2,0,0,0,0.222,0.364,0.333,0.697,0.137,110.5,154797,2024,15479,12.0,4.0,37.0,-0.047,27.0,24.0,2.0,1.0,96.3,6.32,0.0,0.0,-0.37,0.0,0.0,-0.12,-0.38,0.0,-0.76,-9.08,0.24,-0.52,-0.069,0.0,0,0,0,0,0,0,0,1,567876,8000.0,3000.0,4401.9
최주환,-0.03,130,-0.32,0.3,544,544,482,49,124,23,1,13,188,84,0,1,47,6,2,92,12,0,9,0.257,0.325,0.39,0.715,0.111,86.1,101827,2024,10182,122.0,116.0,1027.2,-0.499,972.0,906.0,60.0,6.0,99.4,8.46,2.39,0.0,2.07,0.0,0.29,0.0,0.0,0.0,4.75,5.26,-10.22,-5.47,0.434,0.0,1,0,0,0,0,0,0,0,567876,65000.0,30000.0,38297.014
김태진,-0.04,81,-0.77,0.73,202,197,189,26,42,6,3,0,54,10,0,0,7,0,1,27,1,5,1,0.222,0.249,0.286,0.535,0.035,27.5,112447,2024,11244,78.0,37.0,416.0,0.964,201.0,82.0,115.0,4.0,0.98,4.262,6.27,-0.01,1.3,0.81,0.0,0.0,0.0,0.0,8.38,15.471,2.173,10.553,0.766,0.0,0,0,0,0,1,0,0,0,567876,11000.0,9000.0,10305.5
송지후,-0.05,2,-0.03,-0.01,1,1,1,1,0,0,0,0,0,0,0,0,0,0,0,0,0,0,0,0.0,0.0,0.0,0.0,-0.19,-151.2,161307,2024,16130,1.0,0.0,3.0,-0.012,0.0,0.0,0.0,0.0,0.0,0.0,-0.16,0.0,0.02,0.0,0.0,0.0,0.0,0.0,-0.14,-10.1,0.01,-0.13,-0.013,0.0,0,1,0,0,0,0,0,0,567876,3000.0,3000.0,3204.35
김재현,-0.07,110,-0.18,0.1,326,316,288,27,70,11,0,0,81,26,1,1,14,10,0,63,8,10,4,0.243,0.297,0.281,0.578,0.067,52.1,108707,2024,10870,109.0,85.0,758.1,0.787,682.0,627.0,48.0,7.0,99.0,8.01,-1.18,0.0,-0.78,0.0,-0.12,2.21,0.98,0.0,0.81,1.06,7.8,8.61,0.074,0.0,0,0,0,0,0,0,0,1,567876,5500.0,10000.0,10305.5
김동헌,-0.1,2,0.04,-0.14,7,7,5,0,1,0,0,0,1,1,0,0,1,1,0,0,0,0,0,0.2,0.429,0.2,0.629,0.153,115.9,154737,2024,15473,2.0,2.0,14.0,-0.123,11.0,10.0,0.0,1.0,90.9,6.43,0.0,0.0,-0.45,0.0,0.0,-0.73,-0.47,0.0,-1.51,-109.07,0.17,-1.35,-0.138,0.0,0,0,0,0,0,0,0,1,567876,4000.0,3800.0,3857.17
주성원,-0.13,27,-0.23,0.09,62,61,55,7,11,1,0,1,15,5,0,0,6,0,0,18,2,1,0,0.2,0.279,0.273,0.552,0.054,42.4,141337,2024,14133,20.0,13.0,114.0,0.064,39.0,36.0,1.0,2.0,0.949,2.921,1.22,0.52,-0.7,0.0,0.0,0.0,0.0,0.0,1.04,7.488,-0.342,0.698,0.095,0.0,0,0,0,1,0,0,0,0,567876,3500.0,3800.0,3841.99
임병욱,-0.16,42,-0.13,-0.03,92,92,87,14,21,3,0,3,33,10,1,0,4,0,0,32,1,0,1,0.241,0.272,0.379,0.651,0.075,57.9,112267,2024,11226,33.0,22.0,190.0,-0.084,43.0,42.0,0.0,1.0,0.977,1.989,-0.37,-0.4,-0.05,0.0,0.0,0.0,0.0,0.0,-0.81,-3.535,-0.114,-0.924,-0.074,0.0,0,0,0,1,0,0,0,0,567876,7000.0,6000.0,6087.8
김병휘,-0.19,28,0.03,-0.21,71,70,59,6,10,3,0,1,16,3,0,0,6,5,0,26,0,1,0,0.169,0.3,0.271,0.571,0.081,61.7,145777,2024,14577,28.0,21.0,166.0,-0.11,68.0,20.0,46.0,2.0,0.971,3.578,-2.92,0.0,0.42,0.27,0.0,0.0,0.0,0.0,-2.22,-11.417,1.018,-1.202,-0.203,0.0,0,0,0,0,1,0,0,0,567876,3300.0,3500.0,3615.62
변상권,-0.2,77,-0.58,0.38,232,232,219,16,55,3,1,5,75,21,0,0,11,1,0,51,4,0,1,0.251,0.289,0.342,0.631,0.075,57.6,132237,2024,13223,46.0,37.0,329.0,0.285,95.0,94.0,0.0,1.0,0.989,2.571,5.5,-1.26,-0.03,0.0,0.0,0.0,0.0,0.0,4.21,13.179,-1.087,3.123,0.385,0.0,0,0,0,0,0,1,0,0,567876,4800.0,5500.0,5984.6
원성준,-0.22,51,-0.16,-0.07,125,124,112,12,28,5,0,2,39,11,2,0,10,0,0,36,2,1,2,0.25,0.306,0.348,0.654,0.087,67.3,161367,2024,16136,24.0,14.0,126.0,-0.115,36.0,33.0,2.0,1.0,0.972,2.5,-2.11,1.15,-0.23,0.0,0.0,0.0,0.0,0.0,-1.18,-7.08,-0.079,-1.259,-0.108,0.0,0,0,0,0,0,0,1,0,567876,3000.0,4000.0,5451.42
박주홍,-0.27,25,-0.44,0.17,59,59,49,5,5,2,0,0,7,1,2,0,10,0,0,17,1,0,0,0.102,0.254,0.143,0.397,0.016,12.6,145807,2024,14580,24.0,15.0,118.0,0.146,40.0,39.0,1.0,0.0,1.0,3.051,1.86,-0.15,0.19,0.0,0.0,0.0,0.0,0.0,1.9,11.4,-0.3,1.6,0.174,0.0,0,0,0,0,0,1,0,0,567876,3600.0,3700.0,3743.3
장재영,-0.33,38,-0.25,-0.07,139,139,119,14,20,3,0,4,35,13,0,0,17,3,0,64,2,0,0,0.168,0.288,0.294,0.582,0.072,55.7,147847,2024,14784,37.0,35.0,283.0,-0.102,69.0,66.0,3.0,0.0,1.0,2.194,-1.37,-0.06,0.74,0.0,0.0,0.0,0.0,0.0,-0.7,-2.724,-0.422,-1.122,-0.064,0.0,0,0,0,1,0,0,0,0,567876,4000.0,4600.0,4687.15
김웅빈,-0.4,12,-0.4,0.0,38,37,32,2,4,0,0,0,4,2,0,0,4,1,0,15,1,1,0,0.125,0.243,0.125,0.368,0.002,1.5,125037,2024,12503,0.0,0.0,0.0,0.0,0.0,0.0,0.0,0.0,0.0,0.0,0.0,0.0,0.0,0.0,0.0,0.0,0.0,0.0,0.0,0.0,0.0,0.0,0.0,0.0,0,0,1,0,0,0,0,0,567876,5000.0,4000.0,4675.96
고영우,-0.42,94,0.01,-0.43,290,286,254,21,65,12,2,0,81,35,0,0,28,1,0,71,5,4,3,0.256,0.329,0.319,0.648,0.094,73.5,161287,2024,16128,89.0,63.0,554.0,-0.574,184.0,55.0,117.0,12.0,0.935,2.794,-3.92,0.0,-2.12,-0.33,0.0,0.0,0.0,0.0,-6.41,-10.371,0.124,-6.286,-0.586,0.0,0,0,1,0,0,0,0,0,567876,3000.0,4500.0,6789.05
이원석,-0.53,39,-0.33,-0.2,109,109,91,5,20,4,0,0,24,8,0,0,14,2,0,18,2,0,2,0.22,0.33,0.264,0.594,0.085,66.4,101807,2024,10180,12.0,12.0,87.0,-0.254,91.0,85.0,4.0,2.0,97.8,9.21,-1.45,0.0,-0.57,0.0,0.0,0.0,0.0,0.0,-2.02,-7.46,-0.76,-2.78,-0.185,0.0,1,0,0,0,0,0,0,0,567876,40000.0,30000.0,27218.83
이승원,-0.74,20,-0.53,-0.2,41,39,37,3,4,1,0,0,5,1,0,0,2,0,0,13,2,2,0,0.108,0.154,0.135,0.289,-0.058,-43.9,154767,2024,15476,19.0,13.0,97.0,-0.242,48.0,20.0,25.0,3.0,0.938,4.175,-1.84,0.0,-0.64,-0.87,0.0,0.0,0.0,0.0,-3.35,-25.389,0.701,-2.649,-0.306,0.0,0,0,0,0,1,0,0,0,567876,10100.0,3200.0,8420.2
임지열,-0.87,22,-0.59,-0.28,57,57,49,4,5,0,0,1,8,5,0,0,7,0,0,16,2,0,1,0.102,0.211,0.163,0.374,-0.011,-8.3,112257,2024,11225,17.0,14.0,105.0,-0.296,19.0,19.0,0.0,0.0,1.0,1.629,-3.3,0.04,0.24,0.0,0.0,0.0,0.0,0.0,-3.0,-25.412,-0.245,-3.245,-0.274,0.0,1,0,0,0,0,0,0,0,567876,7200.0,5800.0,5796.8
이재상,-1.04,36,-0.55,-0.49,89,88,84,7,16,1,0,1,20,5,0,0,2,2,0,33,0,1,0,0.19,0.227,0.238,0.465,0.013,9.9,161247,2024,16124,35.0,28.0,221.0,-0.344,98.0,44.0,50.0,4.0,95.9,3.83,-3.25,0.0,-0.05,-2.19,0.0,0.0,0.0,0.0,-5.49,-21.96,1.72,-3.77,-0.501,0.0,0,0,0,0,1,0,0,0,567876,3000.0,3200.0,3420.82
