Rank,Name,Team,Sort▼,G,GS,IP,TC,PO,Ass,E,F%,RF9,수비 관련 득점 기여도,수비 관련 득점 기여도,수비 관련 득점 기여도,수비 관련 득점 기여도,수비 관련 득점 기여도,수비 관련 득점 기여도,수비 관련 득점 기여도,수비 관련 득점 기여도,수비 관련 득점 기여도,수비 관련 득점 기여도,POSAdj,RAAwithPOS,WAAwoPOS,WAAwithPOS▼,포지션
Rank,Name,Team,WAAwithPOS,G,GS,IP,TC,PO,Ass,E,F%,RF9,Range RAA,Arm RAA,Err RAA,DP RAA,Bt RAA,CS RAA,Blk RAA,Frm RAA,종합 RAA,/144,POSAdj,RAAwithPOS,WAAwoPOS,WAAwithPOS▼,
1,박동원,24 C,1.975,124,109,944.2,890,809,77,4,99.6,8.44,1.14,,1.4,,0.07,2.15,8.55,,10.75,11.91,10.87,21.62,0.982,1.975,포수
2,이지영,24 C,1.513,117,105,914.2,987,919,61,7,99.3,9.64,1.2,,-0.21,,0.1,1.67,5.34,,6.5,7.61,10.06,16.56,0.594,1.513,포수
3,강민호,24 C,1.181,120,96,803.0,686,631,53,2,99.7,7.67,-0.56,,1.9,,-0.1,0.95,1.84,,3.47,3.68,9.46,12.93,0.317,1.181,포수
4,장성우,24 C,1.046,114,105,856.1,838,780,56,2,99.8,8.79,-0.84,,2.09,,0.32,-3.44,3.83,,0.82,0.9,10.63,11.45,0.075,1.046,포수
5,김형준,24 C,0.967,116,104,870.1,832,761,59,12,98.6,8.48,0.42,,-2.88,,-0.04,1.15,3.15,,0.86,1.04,9.72,10.58,0.079,0.967,포수
6,최재훈,24 C,0.902,115,95,791.2,811,746,60,5,99.4,9.16,0.35,,0.35,,0.19,1.24,-0.79,,1.57,1.95,8.3,9.88,0.144,0.902,포수
7,김기연,24 C,0.895,84,61,579.0,501,474,25,2,99.6,7.76,-0.24,,1.09,,-0.26,1.28,2.43,,3.56,5.4,6.24,9.8,0.325,0.895,포수
8,김태군,24 C,0.858,101,82,640.2,611,567,38,6,99.0,8.5,0.81,,-0.7,,0.11,-1.1,5.58,,3.03,4.15,6.36,9.39,0.277,0.858,포수
9,김재현,24 C,0.787,109,85,758.1,682,627,48,7,99.0,8.01,-1.18,,-0.78,,-0.12,2.21,0.98,,0.81,1.06,7.8,8.61,0.074,0.787,포수
10,양의지,24 C,0.517,76,74,608.1,579,551,24,4,99.3,8.51,0.03,,0.19,,-0.17,-0.93,-1.5,,-1.93,-2.33,7.58,5.66,-0.176,0.517,포수
11,유강남,24 C,0.5,50,42,324.2,303,277,23,3,99.0,8.32,0.59,,-0.33,,,1.0,0.89,,1.88,5.2,3.6,5.48,0.171,0.5,포수
12,한준수,24 C,0.447,103,60,600.1,584,541,39,4,99.3,8.7,-0.57,,0.16,,0.21,0.75,-3.09,,-1.61,-2.02,6.5,4.89,-0.147,0.447,포수
13,조대현,24 C,0.392,26,12,120.0,111,100,11,0,100.0,8.33,-0.15,,0.43,,0.05,2.57,0.44,,3.21,17.79,1.08,4.29,0.293,0.392,포수
14,김건희,24 C,0.296,66,49,431.2,295,267,24,4,98.6,6.07,-0.32,,-0.45,,-0.37,-1.12,0.91,,-1.63,-2.83,4.87,3.24,-0.149,0.296,포수
15,정보근,24 C,0.291,89,42,379.1,373,335,34,4,98.9,8.75,0.41,,-0.64,,0.03,0.39,-0.49,,-0.15,-0.25,3.34,3.18,-0.014,0.291,포수
16,이재원,24 C,0.277,71,40,354.0,332,304,27,1,99.7,8.42,-0.33,,0.78,,-0.17,0.17,-1.33,,-0.49,-0.99,3.53,3.04,-0.045,0.277,포수
17,이병헌,24 C,0.234,90,44,421.2,365,341,21,3,99.2,7.73,-0.5,,0.02,,-0.44,0.01,-0.57,,-1.31,-1.98,3.86,2.56,-0.119,0.234,포수
18,손성빈,24 C,0.228,86,52,445.2,443,414,25,4,99.1,8.87,-1.0,,-0.4,,0.22,-1.43,1.43,,-1.61,-2.7,4.1,2.49,-0.147,0.228,포수
19,박세혁,24 C,0.134,71,36,357.1,311,290,18,3,99.0,7.76,0.41,,-0.22,,0.16,-0.95,-2.27,,-2.18,-3.84,3.65,1.46,-0.2,0.134,포수
20,박상언,24 C,0.09,26,9,113.0,97,91,5,1,99.0,7.65,-0.15,,-0.09,,,-1.29,1.99,,-0.14,-0.76,1.13,0.99,-0.013,0.09,포수
21,김민식,24 C,0.064,40,30,264.2,240,224,16,0,100.0,8.16,0.64,,0.96,,0.03,-1.79,-2.92,,-2.2,-7.05,2.9,0.7,-0.201,0.064,포수
22,김준태,24 C,0.054,18,3,57.1,41,39,2,0,100.0,6.44,-0.01,,0.21,,,-0.44,0.34,,0.0,-0.02,0.6,0.6,0.0,0.054,포수
23,김시앙,24 C,0.034,6,2,19.1,20,20,0,0,100.0,9.31,-0.09,,0.07,,,,0.32,,0.2,4.86,0.17,0.37,0.019,0.034,포수
24,안승한,24 C,0.025,2,1,9.1,7,7,0,0,100.0,6.75,0.0,,0.03,,,-0.14,0.45,,0.2,7.37,0.07,0.28,0.019,0.025,포수
25,장승현,24 C,0.015,9,7,58.0,59,57,2,0,100.0,9.16,-0.24,,0.21,,0.05,-0.21,-0.27,,-0.38,-6.16,0.55,0.17,-0.035,0.015,포수
26,장규빈,24 C,0.009,3,0,7.0,9,8,1,0,100.0,11.57,-0.09,,0.03,,,,0.13,,0.02,1.11,0.07,0.1,0.002,0.009,포수
27,류현준,24 C,0.007,1,0,3.0,4,3,1,0,100.0,12.0,0.0,,0.01,,,,0.07,,0.06,4.18,0.02,0.08,0.005,0.007,포수
28,신용석,24 C,0.006,1,0,3.0,4,4,0,0,100.0,12.0,,,0.01,,,,0.04,,0.04,2.64,0.02,0.06,0.003,0.006,포수
29,김민수,24 C,0.001,8,1,23.0,14,12,2,0,100.0,5.48,-0.09,,0.08,,,0.0,-0.22,,-0.16,-2.58,0.17,0.01,-0.015,0.001,포수
30,강태율,24 C,-0.003,10,3,28.0,31,29,1,1,96.8,9.64,0.0,,-0.4,,,-0.12,0.4,,-0.25,-3.55,0.22,-0.03,-0.023,-0.003,포수
31,강백호,24 C,-0.004,30,19,169.2,156,137,17,2,98.7,8.17,-0.12,,-0.39,,,0.95,-3.71,,-2.15,-2.15,2.11,-0.04,-0.197,-0.004,포수
32,박민준,24 C,-0.008,4,1,10.0,10,10,0,0,100.0,9.0,0.0,,0.04,,,,-0.28,,-0.16,-4.65,0.07,-0.09,-0.015,-0.008,포수
33,안중열,24 C,-0.015,9,4,45.0,42,39,3,0,100.0,8.4,0.0,,0.16,,,-0.2,-0.92,,-0.69,-9.89,0.53,-0.16,-0.063,-0.015,포수
34,강승구,24 C,-0.027,5,0,7.0,6,6,0,0,100.0,7.71,-0.09,,0.03,,,,-0.39,,-0.34,-9.82,0.05,-0.29,-0.031,-0.027,포수
35,장규현,24 C,-0.028,9,0,16.0,10,8,1,1,90.0,5.06,0.0,,-0.44,,,-0.11,0.13,,-0.47,-7.54,0.17,-0.3,-0.043,-0.028,포수
36,김도환,24 C,-0.032,1,1,6.0,5,5,0,0,100.0,7.5,-0.09,,0.02,,,-0.14,-0.3,,-0.42,-60.41,0.07,-0.35,-0.038,-0.032,포수
37,서동욱,24 C,-0.037,32,5,95.0,86,75,10,1,98.8,8.05,-0.15,,-0.16,,0.05,0.18,-1.35,,-1.03,-4.5,0.62,-0.41,-0.094,-0.037,포수
38,강현우,24 C,-0.038,17,5,81.0,76,71,3,2,97.4,8.22,-0.24,,-0.71,,,0.35,-0.9,,-1.23,-9.84,0.82,-0.41,-0.112,-0.038,포수
39,박성빈,24 C,-0.047,12,4,37.0,27,24,2,1,96.3,6.32,0.0,,-0.37,,,-0.12,-0.38,,-0.76,-9.08,0.24,-0.52,-0.069,-0.047,포수
40,김범석,24 C,-0.051,13,5,47.1,50,45,5,0,100.0,9.51,-0.09,,0.17,,,-0.26,-1.26,,-1.06,-2.19,0.5,-0.56,-0.097,-0.051,포수
41,윤준호,24 C,-0.056,3,0,9.0,5,5,0,0,100.0,5.0,0.0,,0.03,,,,-1.02,,-0.68,-32.69,0.07,-0.61,-0.062,-0.056,포수
42,이주헌,24 C,-0.077,3,1,14.0,20,20,0,0,100.0,12.86,0.0,,0.05,,,-0.42,-0.88,,-0.99,-47.48,0.14,-0.85,-0.09,-0.077,포수
43,조형우,24 C,-0.077,19,9,90.1,86,79,6,1,98.8,8.47,-0.01,,-0.18,,,0.12,-2.42,,-1.76,-13.33,0.91,-0.85,-0.161,-0.077,포수
44,김재성,24 C,-0.089,7,2,29.0,23,20,3,0,100.0,7.14,-0.09,,0.1,,0.05,-0.82,-0.75,,-1.28,-18.49,0.31,-0.97,-0.117,-0.089,포수
45,박준형,24 C,-0.094,4,2,12.1,7,7,0,0,100.0,5.11,0.0,,0.04,,,-0.24,-1.36,,-1.15,-41.35,0.12,-1.03,-0.105,-0.094,포수
46,김동헌,24 C,-0.123,2,2,14.0,11,10,0,1,90.9,6.43,0.0,,-0.45,,,-0.73,-0.47,,-1.51,-109.07,0.17,-1.35,-0.138,-0.123,포수
47,김성우,24 C,-0.13,4,2,16.0,8,7,1,0,100.0,4.5,-0.09,,0.06,,0.05,-0.3,-1.75,,-1.52,-54.61,0.1,-1.42,-0.139,-0.13,포수
48,한승택,24 C,-0.145,19,2,47.0,52,43,7,2,96.2,9.57,0.34,,-0.83,,,0.34,-2.5,,-1.9,-13.65,0.31,-1.58,-0.173,-0.145,포수
49,허도환,24 C,-0.195,58,27,250.0,229,219,8,2,99.1,8.17,-0.24,,-0.1,,,-1.17,-4.38,,-4.58,-11.18,2.45,-2.13,-0.418,-0.195,포수
50,이정훈,24 C,,1,0,1.0,1,1,0,0,100.0,9.0,0.0,,0.0,,,,-0.49,,-0.34,-0.76,,,-0.031,,포수
50,전준호,24 C,,3,0,5.0,5,4,1,0,100.0,9.0,0.33,,0.02,,,,-0.27,,0.16,7.49,,,0.014,,포수
1,김휘집,24 1B,0.226,13,11,94.0,97,86,11,0,100.0,9.29,2.93,,0.46,,0.06,,,,3.46,3.56,-0.98,2.48,0.316,0.226,1루수
2,디아즈,24 1B,0.206,18,18,151.0,136,121,14,1,99.3,8.05,3.48,,0.24,,0.06,,,,3.78,18.77,-1.52,2.26,0.345,0.206,1루수
3,문상철,24 1B,0.148,88,78,638.2,619,563,50,6,99.0,8.64,8.27,,0.15,,-0.32,,,,8.1,9.34,-6.48,1.62,0.74,0.148,1루수
4,권광민,24 1B,0.124,2,0,7.0,9,9,0,0,100.0,11.57,1.39,,0.03,,,,,,1.42,10.78,-0.06,1.36,0.13,0.124,1루수
5,오영수,24 1B,0.093,10,6,49.2,53,49,4,0,100.0,9.6,1.21,,0.25,,,,,,1.46,10.51,-0.44,1.02,0.133,0.093,1루수
6,이창용,24 1B,0.072,6,4,37.0,32,29,2,1,96.9,7.54,1.45,,-0.32,,,,,,1.13,18.12,-0.34,0.79,0.103,0.072,1루수
7,윤정빈,24 1B,0.07,7,1,31.0,22,21,1,0,100.0,6.39,0.87,,0.15,,,,,,1.02,2.13,-0.26,0.76,0.093,0.07,1루수
8,강승호,24 1B,0.063,32,13,143.2,145,126,18,1,99.3,9.02,1.74,,0.21,,0.06,,,,2.01,2.06,-1.32,0.69,0.183,0.063,1루수
9,전병우,24 1B,0.059,3,3,18.0,14,13,0,1,92.9,6.5,1.18,,-0.41,,,,,,0.77,1.9,-0.12,0.65,0.07,0.059,1루수
10,김재혁,24 1B,0.059,4,4,31.0,25,21,4,0,100.0,7.26,0.81,,0.15,,0.06,,,,1.02,4.21,-0.38,0.64,0.094,0.059,1루수
11,강진성,24 1B,0.057,2,1,9.0,7,6,1,0,100.0,7.0,0.66,,0.04,,,,,,0.7,6.31,-0.08,0.62,0.064,0.057,1루수
12,김수윤,24 1B,0.043,5,1,22.0,23,22,1,0,100.0,9.41,0.5,,0.11,,,,,,0.61,9.7,-0.14,0.47,0.055,0.043,1루수
13,강민성,24 1B,0.037,1,0,2.0,2,2,0,0,100.0,9.0,0.42,,0.01,,,,,,0.43,61.21,-0.02,0.41,0.039,0.037,1루수
14,박주홍,24 1B,0.027,3,1,10.0,11,11,0,0,100.0,9.9,0.33,,0.05,,,,,,0.38,2.17,-0.08,0.3,0.034,0.027,1루수
15,공민규,24 1B,0.026,2,0,5.0,7,5,2,0,100.0,12.6,0.27,,0.02,,,,,,0.3,3.59,-0.02,0.28,0.027,0.026,1루수
16,김규성,24 1B,0.021,9,0,13.0,17,15,1,1,94.1,11.08,0.73,,-0.44,,,,,,0.29,1.55,-0.06,0.23,0.026,0.021,1루수
17,오윤석,24 1B,0.015,5,0,7.0,5,5,0,0,100.0,6.43,0.17,,0.03,,,,,,0.21,0.41,-0.04,0.17,0.019,0.015,1루수
18,도태훈,24 1B,0.009,57,17,215.2,192,171,20,1,99.5,7.97,1.25,,0.56,,0.06,,,,1.87,2.7,-1.78,0.09,0.171,0.009,1루수
19,이주찬,24 1B,-0.001,1,0,2.0,3,3,0,0,100.0,13.5,,,0.01,,,,,,0.01,0.08,-0.02,-0.01,0.001,-0.001,1루수
20,이호연,24 1B,-0.001,1,0,2.0,4,4,0,0,100.0,18.0,0.0,,0.01,,,,,,0.01,0.05,-0.02,-0.01,0.001,-0.001,1루수
21,하주석,24 1B,-0.001,1,0,1.0,1,1,0,0,100.0,9.0,,,0.0,,,,,,0.0,0.01,-0.02,-0.02,0.0,-0.001,1루수
22,홍성호,24 1B,-0.002,3,0,5.0,5,5,0,0,100.0,9.0,0.0,,0.02,,,,,,0.02,0.2,-0.04,-0.02,0.002,-0.002,1루수
23,노진혁,24 1B,-0.006,12,3,36.0,40,36,3,1,97.5,9.75,0.53,,-0.32,,,,,,0.21,0.41,-0.28,-0.07,0.019,-0.006,1루수
24,오태곤,24 1B,-0.032,89,42,478.2,464,427,35,2,99.6,8.69,1.91,,1.36,,0.29,,,,3.57,4.39,-3.92,-0.35,0.326,-0.032,1루수
25,한재환,24 1B,-0.033,3,0,4.0,3,3,0,0,100.0,6.75,-0.01,,0.02,,-0.35,,,,-0.34,-6.92,-0.02,-0.36,-0.031,-0.033,1루수
26,김현수,24 1B,-0.037,7,0,11.0,8,8,0,0,100.0,6.55,-0.34,,0.05,,,,,,-0.28,-0.3,-0.12,-0.4,-0.026,-0.037,1루수
27,황대인,24 1B,-0.053,2,2,10.0,10,9,1,0,100.0,9.0,-0.51,,0.05,,,,,,-0.46,-22.06,-0.12,-0.58,-0.042,-0.053,1루수
28,맥키넌,24 1B,-0.055,50,49,423.1,373,335,34,4,98.9,7.84,3.88,,0.09,,-0.29,,,,3.68,7.35,-4.28,-0.6,0.336,-0.055,1루수
29,고승민,24 1B,-0.06,6,0,13.0,12,11,1,0,100.0,8.31,-0.6,,0.06,,,,,,-0.54,-0.65,-0.12,-0.66,-0.049,-0.06,1루수
30,최항,24 1B,-0.064,10,1,21.1,14,14,0,0,100.0,5.91,-0.64,,0.11,,,,,,-0.54,-1.08,-0.16,-0.7,-0.049,-0.064,1루수
31,문보경,24 1B,-0.074,52,12,180.0,165,146,16,3,98.2,8.1,1.12,,-0.62,,0.19,,,,0.7,0.7,-1.5,-0.8,0.064,-0.074,1루수
32,김성진,24 1B,-0.079,8,2,14.2,9,9,0,0,100.0,5.52,-0.84,,0.07,,,,,,-0.77,-7.89,-0.1,-0.87,-0.07,-0.079,1루수
33,류지혁,24 1B,-0.08,13,3,44.2,36,34,2,0,100.0,7.25,-0.76,,0.22,,,,,,-0.54,-0.77,-0.34,-0.88,-0.049,-0.08,1루수
34,김재성,24 1B,-0.094,1,1,5.0,4,3,0,1,75.0,5.4,-0.47,,-0.48,,,,,,-0.94,-13.59,-0.08,-1.02,-0.086,-0.094,1루수
35,이성규,24 1B,-0.109,39,21,201.1,185,173,10,2,98.9,8.18,0.68,,-0.01,,,,,,0.67,0.79,-1.86,-1.19,0.061,-0.109,1루수
36,김민수,24 1B,-0.116,6,2,15.0,13,12,0,1,92.3,7.2,-0.72,,-0.43,,,,,,-1.15,-8.72,-0.12,-1.27,-0.105,-0.116,1루수
37,김범석,24 1B,-0.119,26,16,131.1,129,117,9,3,97.7,8.63,0.54,,-0.86,,0.23,,,,-0.08,-0.17,-1.22,-1.3,-0.008,-0.119,1루수
38,전민재,24 1B,-0.12,3,1,10.0,10,9,0,1,90.0,8.1,-0.8,,-0.45,,,,,,-1.25,-1.8,-0.06,-1.31,-0.114,-0.12,1루수
39,박병호,24 1B,-0.123,31,29,476.0,459,412,43,4,99.1,8.6,2.55,,0.35,,0.31,,,,3.21,3.85,-4.56,-1.35,0.293,-0.123,1루수
40,제러드,24 1B,-0.125,2,0,5.0,5,4,0,1,80.0,7.2,-1.36,,0.02,,,,,,-1.33,-5.05,-0.04,-1.37,-0.122,-0.125,1루수
41,정훈,24 1B,-0.142,37,29,271.0,281,259,20,2,99.3,9.27,0.42,,0.34,,0.29,,,,1.04,1.38,-2.6,-1.56,0.095,-0.142,1루수
42,김인환,24 1B,-0.188,14,7,66.0,55,50,3,2,96.4,7.23,-0.81,,-0.68,,0.06,,,,-1.43,-4.05,-0.62,-2.05,-0.131,-0.188,1루수
43,이원석,24 1B,-0.254,12,12,87.0,91,85,4,2,97.8,9.21,-1.45,,-0.57,,,,,,-2.02,-7.46,-0.76,-2.78,-0.185,-0.254,1루수
44,송성문,24 1B,-0.296,32,15,148.0,138,130,7,1,99.3,8.33,-2.05,,0.23,,0.06,,,,-1.76,-1.78,-1.48,-3.24,-0.161,-0.296,1루수
45,이영빈,24 1B,-0.307,12,7,62.0,62,56,5,1,98.4,8.85,-1.94,,-0.2,,-0.66,,,,-2.8,-13.0,-0.56,-3.36,-0.256,-0.307,1루수
46,고명준,24 1B,-0.313,92,87,667.0,631,584,42,5,99.2,8.45,2.23,,0.79,,0.06,,,,3.08,4.18,-6.5,-3.42,0.281,-0.313,1루수
47,전의산,24 1B,-0.369,22,14,114.0,102,91,9,2,98.0,7.89,-2.4,,-0.44,,-0.26,,,,-3.1,-13.14,-0.94,-4.04,-0.283,-0.369,1루수
48,변우혁,24 1B,-0.389,53,38,314.0,290,277,11,2,99.3,8.25,-2.41,,0.55,,0.39,,,,-1.48,-3.08,-2.78,-4.26,-0.135,-0.389,1루수
49,최주환,24 1B,-0.499,122,116,1027.2,972,906,60,6,99.4,8.46,2.39,,2.07,,0.29,,,,4.75,5.26,-10.22,-5.47,0.434,-0.499,1루수
50,서건창,24 1B,-0.521,51,25,276.2,275,241,30,4,98.5,8.82,-2.19,,-0.64,,-0.16,,,,-2.99,-4.58,-2.72,-5.71,-0.273,-0.521,1루수
51,김태연,24 1B,-0.572,49,30,306.1,284,253,26,5,98.2,8.2,-2.39,,-0.99,,0.06,,,,-3.33,-3.8,-2.94,-6.27,-0.304,-0.572,1루수
52,안치홍,24 1B,-0.589,37,34,293.0,268,240,24,4,98.5,8.11,-2.95,,-0.56,,0.06,,,,-3.45,-3.88,-3.0,-6.45,-0.315,-0.589,1루수
53,오스틴,24 1B,-0.7,106,105,863.0,810,728,74,8,99.0,8.36,1.3,,0.25,,-0.01,,,,1.54,1.58,-9.2,-7.66,0.141,-0.7,1루수
54,양석환,24 1B,-0.711,131,130,1118.0,1038,943,85,10,99.0,8.28,2.55,,0.51,,0.21,,,,3.27,3.32,-11.06,-7.79,0.299,-0.711,1루수
55,채은성,24 1B,-0.85,75,73,601.1,578,548,23,7,98.8,8.55,-2.79,,-0.54,,0.0,,,,-3.33,-3.86,-5.98,-9.31,-0.304,-0.85,1루수
56,오재일,24 1B,-0.885,12,11,491.0,446,416,27,3,99.3,8.12,-5.25,,0.92,,-0.42,,,,-4.75,-6.51,-4.94,-9.69,-0.434,-0.885,1루수
57,이우성,24 1B,-0.987,87,79,670.1,651,609,36,6,99.1,8.66,-4.16,,0.3,,-0.29,,,,-4.15,-5.33,-6.66,-10.81,-0.379,-0.987,1루수
58,데이비슨,24 1B,-1.16,109,109,890.1,813,733,69,11,98.6,8.11,-2.26,,-1.12,,0.08,,,,-3.29,-3.62,-9.4,-12.69,-0.301,-1.16,1루수
59,나승엽,24 1B,-1.582,113,111,937.1,891,813,67,11,98.8,8.45,-6.9,,-0.89,,-0.1,,,,-7.89,-9.39,-9.42,-17.31,-0.721,-1.582,1루수
60,최원준,24 1B,,1,0,1.0,1,1,0,0,100.0,9.0,-0.6,,0.0,,,,,,-0.6,-0.63,,,-0.055,,1루수
60,김호진,24 1B,,1,0,1.0,0,0,0,0,0.0,0.0,0.0,,0.0,,,,,,0.0,0.0,,,0.0,,1루수
60,김선빈,24 1B,,1,0,1.0,2,2,0,0,100.0,18.0,,,0.0,,,,,,0.0,0.01,,,0.0,,1루수
60,박계범,24 1B,,1,0,1.0,0,0,0,0,0.0,0.0,,,0.0,,,,,,0.0,0.03,,,0.0,,1루수
60,김민혁,24 1B,,1,0,1.0,0,0,0,0,0.0,0.0,0.0,,0.0,,,,,,0.0,0.12,,,0.0,,1루수
60,강한울,24 1B,,1,0,1.0,1,1,0,0,100.0,9.0,,,0.0,,,,,,0.0,0.04,,,0.0,,1루수
60,오선우,24 1B,,1,0,2.0,3,2,1,0,100.0,13.5,0.89,,0.01,,,,,,0.9,42.98,,,0.082,,1루수
60,황재균,24 1B,,1,0,1.0,2,2,0,0,100.0,18.0,0.85,,0.0,,,,,,0.86,0.9,,,0.078,,1루수
60,최정,24 1B,,1,0,1.0,0,0,0,0,0.0,0.0,,,0.0,,,,,,0.0,0.01,,,0.0,,1루수
1,김혜성,24 2B,1.142,119,118,1015.0,616,258,342,16,97.4,5.32,8.6,,-1.9,0.48,,,,,7.18,8.15,5.32,12.5,0.656,1.142,2루수
2,박민우,24 2B,1.023,98,95,779.1,402,186,210,6,98.5,4.57,4.88,,1.7,0.31,,,,,6.89,8.2,4.31,11.2,0.629,1.023,2루수
3,강승호,24 2B,0.923,124,118,988.0,532,234,286,12,97.7,4.74,5.31,,-0.05,-0.06,,,,,5.2,5.35,4.9,10.1,0.475,0.923,2루수
4,오윤석,24 2B,0.553,64,47,422.0,218,76,140,2,99.1,4.61,2.44,,1.55,0.23,,,,,4.21,8.31,1.84,6.05,0.385,0.553,2루수
5,구본혁,24 2B,0.454,43,29,268.0,160,65,93,2,98.8,5.31,2.25,,0.62,0.97,,,,,3.84,4.15,1.13,4.97,0.351,0.454,2루수
6,황영묵,24 2B,0.453,82,54,518.0,325,143,174,8,97.5,5.51,3.66,,-0.88,-0.34,,,,,2.44,2.85,2.52,4.96,0.222,0.453,2루수
7,고승민,24 2B,0.416,104,99,840.0,494,206,275,13,97.4,5.15,1.94,,-1.45,-0.43,,,,,0.06,0.07,4.49,4.55,0.005,0.416,2루수
8,최항,24 2B,0.365,42,21,216.1,130,45,84,1,99.2,5.37,2.3,,0.81,-0.08,,,,,3.03,6.05,0.97,4.0,0.277,0.365,2루수
9,정준재,24 2B,0.358,57,48,384.2,224,82,139,3,98.7,5.17,1.8,,0.82,-0.47,,,,,2.14,3.51,1.78,3.92,0.196,0.358,2루수
10,이유찬,24 2B,0.32,39,12,156.2,96,37,59,0,100.0,5.51,1.47,,0.95,0.42,,,,,2.83,3.96,0.67,3.5,0.258,0.32,2루수
11,김동진,24 2B,0.261,23,8,91.0,48,17,31,0,100.0,4.75,1.9,,0.55,0.1,,,,,2.54,12.21,0.31,2.85,0.232,0.261,2루수
12,서건창,24 2B,0.254,34,18,158.0,86,34,51,1,98.8,4.84,1.28,,0.45,0.22,,,,,1.96,3.0,0.82,2.78,0.179,0.254,2루수
13,송성문,24 2B,0.227,19,19,151.2,85,36,47,2,97.6,4.93,2.15,,-0.09,-0.39,,,,,1.68,1.7,0.8,2.48,0.154,0.227,2루수
14,도태훈,24 2B,0.21,28,12,128.0,85,32,52,1,98.8,5.91,1.62,,0.27,-0.13,,,,,1.77,2.55,0.53,2.3,0.162,0.21,2루수
15,최경모,24 2B,0.202,20,4,72.2,37,10,26,1,97.3,4.46,2.07,,-0.06,0.02,,,,,2.02,5.83,0.19,2.21,0.185,0.202,2루수
16,양우현,24 2B,0.154,5,4,32.0,18,7,11,0,100.0,5.06,0.93,,0.19,0.43,,,,,1.56,32.05,0.13,1.69,0.142,0.154,2루수
17,안치홍,24 2B,0.151,36,36,265.0,168,67,99,2,98.8,5.64,-0.47,,0.6,0.16,,,,,0.29,0.32,1.37,1.66,0.026,0.151,2루수
18,김재상,24 2B,0.135,32,24,205.1,101,36,63,2,98.0,4.34,0.45,,0.24,-0.06,,,,,0.62,2.56,0.85,1.47,0.057,0.135,2루수
19,서호철,24 2B,0.128,35,24,219.1,116,59,52,5,95.7,4.55,2.18,,-1.18,-0.71,,,,,0.28,0.29,1.12,1.4,0.026,0.128,2루수
20,이영빈,24 2B,0.119,5,2,19.0,13,5,8,0,100.0,6.16,1.35,,0.11,-0.25,,,,,1.21,5.64,0.09,1.3,0.111,0.119,2루수
21,정대선,24 2B,0.093,2,0,4.0,5,2,3,0,100.0,11.25,0.62,,0.02,0.37,,,,,1.01,48.62,0.01,1.02,0.093,0.093,2루수
22,고영우,24 2B,0.084,10,4,45.0,30,13,16,1,96.7,5.8,0.97,,-0.23,,,,,,0.74,1.14,0.18,0.92,0.068,0.084,2루수
23,손호영,24 2B,0.078,20,15,110.1,58,24,34,0,100.0,4.73,-0.97,,0.67,0.64,,,,,0.34,0.48,0.52,0.86,0.031,0.078,2루수
24,김영웅,24 2B,0.068,7,5,35.0,12,9,3,0,100.0,3.09,0.69,,0.21,-0.34,,,,,0.57,0.65,0.18,0.75,0.052,0.068,2루수
25,김민성,24 2B,0.066,3,2,12.0,8,1,7,0,100.0,6.0,0.59,,0.07,,,,,,0.67,2.74,0.06,0.73,0.061,0.066,2루수
26,심우준,24 2B,0.064,1,0,3.0,4,1,3,0,100.0,12.0,0.68,,0.02,,,,,,0.69,1.89,0.01,0.7,0.063,0.064,2루수
27,윤도현,24 2B,0.06,3,3,24.0,9,2,7,0,100.0,3.38,0.1,,0.15,0.28,,,,,0.52,12.55,0.13,0.65,0.048,0.06,2루수
28,이도윤,24 2B,0.058,21,8,93.0,56,25,29,2,96.4,5.23,1.18,,-0.44,-0.43,,,,,0.31,0.33,0.33,0.64,0.028,0.058,2루수
29,권동진,24 2B,0.05,7,2,24.1,13,6,7,0,100.0,4.81,0.55,,0.15,-0.23,,,,,0.47,7.46,0.08,0.55,0.043,0.05,2루수
30,오선진,24 2B,0.045,10,2,27.0,10,3,7,0,100.0,3.33,0.25,,0.16,,,,,,0.41,2.26,0.08,0.49,0.037,0.045,2루수
31,김세훈,24 2B,0.04,2,1,8.0,1,1,0,0,100.0,1.13,0.61,,0.05,-0.24,,,,,0.42,8.59,0.02,0.44,0.038,0.04,2루수
32,김태진,24 2B,0.036,10,1,28.0,19,7,11,1,94.7,5.79,0.38,,-0.33,0.24,,,,,0.29,0.51,0.1,0.39,0.026,0.036,2루수
33,류지혁,24 2B,0.018,74,63,461.0,222,104,113,5,97.7,4.24,-2.21,,0.78,-0.64,,,,,-2.07,-2.97,2.26,0.19,-0.189,0.018,2루수
34,박승욱,24 2B,0.012,18,4,54.0,36,16,20,0,100.0,6.0,-0.47,,0.33,,,,,,-0.14,-0.14,0.27,0.13,-0.013,0.012,2루수
35,신민재,24 2B,0.006,124,113,984.0,567,257,299,11,98.1,5.09,-3.91,,0.43,-1.05,,,,,-4.53,-5.1,4.6,0.07,-0.414,0.006,2루수
36,여동건,24 2B,0.006,5,2,21.0,13,5,8,0,100.0,5.57,0.14,,0.13,-0.29,,,,,-0.02,-0.4,0.09,0.07,-0.002,0.006,2루수
37,김두현,24 2B,0.0,1,1,5.0,3,2,1,0,100.0,5.4,-0.05,,0.03,0.0,,,,,-0.02,-0.98,0.02,0.0,-0.002,0.0,2루수
38,정은원,24 2B,-0.007,4,4,31.0,16,6,10,0,100.0,4.65,-0.77,,0.19,0.36,,,,,-0.22,-1.16,0.14,-0.08,-0.02,-0.007,2루수
39,김주형,24 2B,-0.009,5,0,11.0,6,3,2,1,83.3,4.09,0.28,,-0.44,,,,,,-0.15,-0.99,0.05,-0.1,-0.014,-0.009,2루수
40,김찬형,24 2B,-0.011,2,1,11.0,5,4,1,0,100.0,4.09,-0.21,,0.07,,,,,,-0.15,-4.26,0.03,-0.12,-0.014,-0.011,2루수
41,송지후,24 2B,-0.012,1,0,3.0,0,0,0,0,0.0,0.0,-0.16,,0.02,,,,,,-0.14,-10.1,0.01,-0.13,-0.013,-0.012,2루수
42,정훈,24 2B,-0.018,2,0,3.0,2,1,1,0,100.0,6.0,-0.23,,0.02,,,,,,-0.21,-0.27,0.01,-0.2,-0.019,-0.018,2루수
43,김한별,24 2B,-0.025,16,2,32.1,17,11,6,0,100.0,4.73,-0.54,,0.2,,,,,,-0.35,-1.24,0.07,-0.28,-0.032,-0.025,2루수
44,박지환,24 2B,-0.027,54,46,406.2,249,113,129,7,97.2,5.36,-2.12,,-1.06,0.92,,,,,-2.26,-4.28,1.96,-0.3,-0.206,-0.027,2루수
45,김호진,24 2B,-0.04,2,0,6.0,3,1,2,0,100.0,4.5,-0.51,,0.04,,,,,,-0.47,-2.61,0.03,-0.44,-0.043,-0.04,2루수
46,전병우,24 2B,-0.047,2,1,7.0,7,3,4,0,100.0,9.0,-0.6,,0.04,,,,,,-0.56,-1.38,0.04,-0.52,-0.051,-0.047,2루수
47,홍종표,24 2B,-0.048,65,4,167.0,99,36,61,2,98.0,5.23,-1.8,,0.01,0.8,,,,,-0.99,-1.43,0.47,-0.52,-0.091,-0.048,2루수
48,박경수,24 2B,-0.051,3,0,3.1,2,1,1,0,100.0,5.4,-0.58,,0.02,,,,,,-0.56,-16.22,0.01,-0.55,-0.051,-0.051,2루수
49,김선빈,24 2B,-0.058,115,112,884.0,500,206,284,10,98.0,4.99,-4.31,,0.32,-1.27,,,,,-5.25,-6.52,4.62,-0.63,-0.48,-0.058,2루수
50,김지찬,24 2B,-0.058,10,0,14.0,4,3,1,0,100.0,2.57,-0.77,,0.08,,,,,,-0.69,-0.73,0.05,-0.64,-0.063,-0.058,2루수
51,문현빈,24 2B,-0.059,53,38,337.0,182,68,113,1,99.5,4.83,-4.16,,1.53,0.31,,,,,-2.31,-3.23,1.67,-0.64,-0.211,-0.059,2루수
52,이호준,24 2B,-0.059,4,1,13.0,6,1,5,0,100.0,4.15,-0.28,,0.08,-0.5,,,,,-0.7,-8.38,0.05,-0.65,-0.064,-0.059,2루수
53,양도근,24 2B,-0.06,9,5,46.0,29,13,16,0,100.0,5.67,-1.7,,0.28,0.57,,,,,-0.86,-7.71,0.2,-0.66,-0.078,-0.06,2루수
54,김수인,24 2B,-0.071,2,0,4.0,5,1,3,1,80.0,9.0,-0.65,,-0.48,0.33,,,,,-0.8,-28.79,0.02,-0.78,-0.073,-0.071,2루수
55,박계범,24 2B,-0.076,13,1,24.0,8,3,5,0,100.0,3.0,-1.22,,0.15,0.19,,,,,-0.89,-5.32,0.05,-0.84,-0.081,-0.076,2루수
56,김상수,24 2B,-0.084,38,35,281.1,165,72,89,4,97.6,5.15,-2.13,,-0.31,0.12,,,,,-2.32,-2.96,1.41,-0.91,-0.212,-0.084,2루수
57,최정용,24 2B,-0.088,4,2,21.0,8,3,4,1,87.5,3.0,-0.68,,-0.37,0.0,,,,,-1.06,-25.4,0.09,-0.97,-0.097,-0.088,2루수
58,김병휘,24 2B,-0.112,5,2,18.0,9,3,6,0,100.0,4.5,-1.06,,0.11,-0.34,,,,,-1.29,-6.64,0.07,-1.22,-0.118,-0.112,2루수
59,최준우,24 2B,-0.131,10,6,47.0,25,10,13,2,92.0,4.4,-0.94,,-0.72,,,,,,-1.65,-13.24,0.22,-1.43,-0.151,-0.131,2루수
60,최정원,24 2B,-0.135,20,10,107.2,64,33,30,1,98.4,5.27,-2.96,,0.15,0.77,,,,,-2.04,-4.51,0.56,-1.48,-0.186,-0.135,2루수
61,박민석,24 2B,-0.138,6,0,17.0,6,3,2,1,83.3,2.65,-1.2,,-0.4,,,,,,-1.6,-11.49,0.08,-1.52,-0.146,-0.138,2루수
62,안주형,24 2B,-0.143,73,34,360.1,190,76,111,3,98.4,4.67,-3.52,,0.67,-0.06,,,,,-2.91,-5.11,1.34,-1.57,-0.266,-0.143,2루수
63,박민,24 2B,-0.144,4,4,28.0,14,1,10,3,78.6,3.54,-0.35,,-1.34,-0.03,,,,,-1.72,-15.44,0.14,-1.58,-0.157,-0.144,2루수
64,안상현,24 2B,-0.15,28,22,176.0,86,29,53,4,95.3,4.19,-1.09,,-0.94,-0.28,,,,,-2.31,-9.0,0.67,-1.64,-0.211,-0.15,2루수
65,신본기,24 2B,-0.164,27,8,98.0,56,21,32,3,94.6,4.87,-1.31,,-0.91,,,,,,-2.23,-3.82,0.43,-1.8,-0.203,-0.164,2루수
66,전민재,24 2B,-0.164,14,11,93.0,60,20,38,2,96.7,5.61,-1.51,,-0.44,-0.26,,,,,-2.21,-3.18,0.41,-1.8,-0.202,-0.164,2루수
67,이호연,24 2B,-0.173,10,3,32.0,17,6,11,0,100.0,4.78,-2.1,,0.19,-0.12,,,,,-2.02,-10.78,0.13,-1.89,-0.185,-0.173,2루수
68,강한울,24 2B,-0.19,8,0,25.0,10,3,6,1,90.0,3.24,-1.8,,-0.35,,,,,,-2.16,-17.24,0.08,-2.08,-0.197,-0.19,2루수
69,김태연,24 2B,-0.244,6,4,30.2,21,10,9,2,90.5,5.58,-1.94,,-0.82,-0.07,,,,,-2.82,-3.22,0.15,-2.67,-0.258,-0.244,2루수
70,천성호,24 2B,-0.269,55,49,403.1,193,73,116,4,97.9,4.22,-5.56,,0.43,0.0,,,,,-5.13,-9.86,2.19,-2.94,-0.469,-0.269,2루수
71,김성현,24 2B,-0.289,39,17,171.2,94,37,54,3,96.8,4.77,-3.18,,-0.47,-0.19,,,,,-3.84,-7.79,0.68,-3.16,-0.351,-0.289,2루수
72,김규성,24 2B,,1,0,1.0,2,1,0,1,50.0,9.0,-0.55,,-0.5,,,,,,-1.05,-5.57,,,-0.095,,2루수
72,김민수,24 2B,,1,0,1.0,0,0,0,0,0.0,0.0,-0.1,,0.01,,,,,,-0.09,-0.69,,,-0.008,,2루수
72,이승원,24 2B,,1,0,1.0,0,0,0,0,0.0,0.0,0.0,,0.01,,,,,,0.01,0.04,,,0.0,,2루수
72,김수윤,24 2B,,1,0,1.0,1,0,0,1,0.0,0.0,-0.85,,-0.5,,,,,,-1.34,-21.48,,,-0.123,,2루수
72,김대원,24 2B,,1,0,1.0,2,1,1,0,100.0,18.0,-0.2,,0.01,,,,,,-0.2,-1.5,,,-0.018,,2루수
72,오명진,24 2B,,1,0,1.0,0,0,0,0,0.0,0.0,-0.28,,0.01,,,,,,-0.27,-19.42,,,-0.025,,2루수
72,이주찬,24 2B,,1,0,1.0,0,0,0,0,0.0,0.0,,,0.01,,,,,,0.01,0.05,,,0.001,,2루수
1,구본혁,24 3B,0.465,57,21,247.0,79,21,55,3,96.2,2.77,4.0,,0.19,0.97,-0.07,,,,5.09,5.51,0.0,5.09,0.465,0.465,3루수
2,송성문,24 3B,0.417,97,86,773.0,208,66,135,7,96.6,2.34,2.67,,1.8,0.12,-0.03,,,,4.56,4.63,0.0,4.56,0.417,0.417,3루수
3,전병우,24 3B,0.386,48,30,267.1,81,31,48,2,97.5,2.66,2.6,,0.83,0.96,-0.17,,,,4.22,10.48,0.0,4.22,0.386,0.386,3루수
4,허경민,24 3B,0.334,110,109,883.0,225,77,143,5,97.8,2.24,-0.33,,3.55,0.48,-0.05,,,,3.66,4.58,0.0,3.66,0.334,0.334,3루수
5,김휘집,24 3B,0.324,9,6,434.2,128,37,84,7,94.5,2.51,2.88,,-0.53,1.16,0.05,,,,3.55,3.65,0.0,3.55,0.324,0.324,3루수
6,전민재,24 3B,0.266,34,10,129.0,40,20,19,1,97.5,2.72,2.65,,0.38,-0.19,0.06,,,,2.91,4.19,0.0,2.91,0.266,0.266,3루수
7,김성현,24 3B,0.257,18,10,100.1,30,8,22,0,100.0,2.69,2.42,,0.69,-0.37,0.07,,,,2.81,5.7,0.0,2.81,0.257,0.257,3루수
8,이유찬,24 3B,0.256,27,20,174.0,56,17,37,2,96.4,2.79,2.17,,0.19,-0.05,0.49,,,,2.81,3.92,0.0,2.81,0.256,0.256,3루수
9,강한울,24 3B,0.245,9,3,41.0,15,1,14,0,100.0,3.29,2.19,,0.28,0.21,,,,,2.68,21.46,0.0,2.68,0.245,0.245,3루수
10,노진혁,24 3B,0.212,18,10,97.2,33,8,23,2,93.9,2.86,1.81,,-0.33,0.84,,,,,2.32,4.57,0.0,2.32,0.212,0.212,3루수
11,김호진,24 3B,0.203,12,5,47.0,13,3,10,0,100.0,2.49,1.5,,0.32,0.32,0.07,,,,2.22,12.28,0.0,2.22,0.203,0.203,3루수
12,김영웅,24 3B,0.171,87,76,639.1,187,62,115,10,94.7,2.49,3.04,,-0.13,-0.53,-0.52,,,,1.87,2.14,0.0,1.87,0.171,0.171,3루수
13,이호연,24 3B,0.142,11,5,43.0,6,2,4,0,100.0,1.26,1.03,,0.3,0.23,,,,,1.55,8.28,0.0,1.55,0.142,0.142,3루수
14,김주성,24 3B,0.138,5,1,14.0,6,0,6,0,100.0,3.86,1.42,,0.1,,,,,,1.51,18.16,0.0,1.51,0.138,0.138,3루수
15,안주형,24 3B,0.112,2,0,3.0,3,1,2,0,100.0,9.0,1.2,,0.02,,,,,,1.22,2.15,0.0,1.22,0.112,0.112,3루수
16,서호철,24 3B,0.109,106,100,834.0,241,75,157,9,96.3,2.5,-0.23,,1.71,-0.09,-0.2,,,,1.19,1.22,0.0,1.19,0.109,0.109,3루수
17,천성호,24 3B,0.088,3,0,11.0,5,1,4,0,100.0,4.09,0.82,,0.08,,0.07,,,,0.96,1.85,0.0,0.96,0.088,0.088,3루수
18,문현빈,24 3B,0.087,16,13,119.0,33,9,22,2,93.9,2.34,1.31,,-0.19,-0.17,,,,,0.95,1.33,0.0,0.95,0.087,0.087,3루수
19,변우혁,24 3B,0.077,15,5,74.0,22,6,15,1,95.5,2.55,1.17,,0.01,0.32,-0.65,,,,0.84,1.76,0.0,0.84,0.077,0.077,3루수
20,박준영,24 3B,0.076,9,2,27.0,7,4,3,0,100.0,2.33,0.29,,0.19,0.29,0.07,,,,0.83,1.85,0.0,0.83,0.076,0.076,3루수
21,오선진,24 3B,0.076,14,1,41.2,8,0,8,0,100.0,1.73,0.2,,0.29,0.35,,,,,0.83,4.59,0.0,0.83,0.076,0.076,3루수
22,정준재,24 3B,0.063,18,8,85.2,20,6,14,0,100.0,2.1,1.13,,0.59,-0.37,-0.65,,,,0.69,1.14,0.0,0.69,0.063,0.063,3루수
23,서예일,24 3B,0.062,15,2,46.0,13,3,9,1,92.3,2.35,1.16,,-0.19,-0.29,,,,,0.68,4.09,0.0,0.68,0.062,0.062,3루수
24,도태훈,24 3B,0.06,18,2,53.2,22,4,17,1,95.5,3.52,1.61,,-0.13,-0.82,,,,,0.66,0.95,0.0,0.66,0.06,0.06,3루수
25,최준우,24 3B,0.054,4,0,6.0,4,1,3,0,100.0,6.0,0.55,,0.04,,,,,,0.59,4.7,0.0,0.59,0.054,0.054,3루수
26,박민석,24 3B,0.05,2,0,5.0,3,0,3,0,100.0,5.4,0.32,,0.03,0.19,,,,,0.55,3.97,0.0,0.55,0.05,0.05,3루수
27,임종성,24 3B,0.046,1,1,9.0,2,0,2,0,100.0,2.0,0.44,,0.06,,,,,,0.5,72.24,0.0,0.5,0.046,0.046,3루수
28,김재상,24 3B,0.042,2,0,3.0,1,0,1,0,100.0,3.0,0.44,,0.02,,,,,,0.46,1.88,0.0,0.46,0.042,0.042,3루수
29,윤도현,24 3B,0.029,2,2,18.0,5,2,3,0,100.0,2.5,0.19,,0.12,0.0,,,,,0.32,7.62,0.0,0.32,0.029,0.029,3루수
30,장준원,24 3B,0.026,4,3,23.0,3,2,1,0,100.0,1.17,0.13,,0.16,,,,,,0.29,2.43,0.0,0.29,0.026,0.026,3루수
31,김민수,24 3B,0.025,9,2,29.0,8,2,6,0,100.0,2.48,0.11,,0.2,-0.1,0.07,,,,0.28,2.11,0.0,0.28,0.025,0.025,3루수
32,오태곤,24 3B,0.023,2,0,5.0,2,0,2,0,100.0,3.6,0.21,,0.03,,,,,,0.25,0.31,0.0,0.25,0.023,0.023,3루수
33,양우현,24 3B,0.015,1,0,2.0,1,1,0,0,100.0,4.5,0.15,,0.01,,,,,,0.16,3.32,0.0,0.16,0.015,0.015,3루수
34,문상철,24 3B,0.014,1,0,1.0,1,1,0,0,100.0,9.0,0.14,,0.01,,,,,,0.15,0.17,0.0,0.15,0.014,0.014,3루수
35,최정,24 3B,0.013,121,116,954.2,239,57,169,13,94.6,2.13,-1.0,,0.03,0.95,0.16,,,,0.14,0.15,0.0,0.14,0.013,0.013,3루수
36,최정용,24 3B,0.001,2,0,3.0,0,0,0,0,0.0,0.0,-0.01,,0.02,,,,,,0.01,0.19,0.0,0.01,0.001,0.001,3루수
37,한재환,24 3B,0.001,1,0,1.0,0,0,0,0,0.0,0.0,0.0,,0.01,,,,,,0.01,0.14,0.0,0.01,0.001,0.001,3루수
38,김성진,24 3B,0.001,1,0,1.0,0,0,0,0,0.0,0.0,,,0.01,,,,,,0.01,0.07,0.0,0.01,0.001,0.001,3루수
39,이학주,24 3B,0.0,3,2,5.2,0,0,0,0,0.0,0.0,-0.04,,0.04,,,,,,0.0,-0.01,0.0,0.0,0.0,0.0,3루수
40,류지혁,24 3B,-0.004,28,19,179.1,48,20,26,2,95.8,2.31,0.19,,0.23,-0.56,0.11,,,,-0.04,-0.06,0.0,-0.04,-0.004,-0.004,3루수
41,안상현,24 3B,-0.016,3,0,9.0,2,1,1,0,100.0,2.0,-0.31,,0.06,,0.07,,,,-0.17,-0.67,0.0,-0.17,-0.016,-0.016,3루수
42,김민성,24 3B,-0.02,29,19,162.1,41,13,26,2,95.1,2.16,-1.18,,0.11,0.51,0.34,,,,-0.21,-0.88,0.0,-0.21,-0.02,-0.02,3루수
43,노시환,24 3B,-0.024,126,125,1098.1,302,97,196,9,97.0,2.4,-3.43,,3.03,0.56,-0.43,,,,-0.27,-0.28,0.0,-0.27,-0.024,-0.024,3루수
44,김선빈,24 3B,-0.034,2,0,4.0,0,0,0,0,0.0,0.0,-0.4,,0.03,,,,,,-0.37,-0.46,0.0,-0.37,-0.034,-0.034,3루수
45,김동진,24 3B,-0.038,6,2,25.0,8,3,5,0,100.0,2.88,-0.65,,0.17,-0.4,0.46,,,,-0.42,-2.01,0.0,-0.42,-0.038,-0.038,3루수
46,신윤후,24 3B,-0.038,2,0,5.0,3,3,0,0,100.0,5.4,-0.45,,0.03,,,,,,-0.42,-1.55,0.0,-0.42,-0.038,-0.038,3루수
47,신본기,24 3B,-0.05,18,3,51.0,10,3,7,0,100.0,1.76,-0.68,,0.35,-0.22,,,,,-0.55,-0.94,0.0,-0.55,-0.05,-0.05,3루수
48,정훈,24 3B,-0.054,13,11,70.1,22,5,16,1,95.5,2.69,0.12,,-0.02,-0.45,-0.24,,,,-0.6,-0.79,0.0,-0.6,-0.054,-0.054,3루수
49,김수윤,24 3B,-0.056,2,0,4.0,0,0,0,0,0.0,0.0,-0.64,,0.03,,,,,,-0.61,-9.74,0.0,-0.61,-0.056,-0.056,3루수
50,최명경,24 3B,-0.056,1,0,6.0,2,1,1,0,100.0,3.0,-0.41,,0.04,-0.24,,,,,-0.61,-87.82,0.0,-0.61,-0.056,-0.056,3루수
51,김찬형,24 3B,-0.077,2,1,10.0,3,0,3,0,100.0,2.7,-0.91,,0.07,,,,,,-0.85,-24.37,0.0,-0.85,-0.077,-0.077,3루수
52,최항,24 3B,-0.077,16,5,58.0,19,5,13,1,94.7,2.79,-1.21,,-0.1,0.46,,,,,-0.85,-1.69,0.0,-0.85,-0.077,-0.077,3루수
53,김규성,24 3B,-0.101,7,2,22.0,6,2,4,0,100.0,2.45,-1.26,,0.15,0.0,,,,,-1.11,-5.92,0.0,-1.11,-0.101,-0.101,3루수
54,권동진,24 3B,-0.101,1,0,4.0,2,0,1,1,50.0,2.25,-0.64,,-0.47,,,,,,-1.11,-17.76,0.0,-1.11,-0.101,-0.101,3루수
55,윤준혁,24 3B,-0.107,8,4,36.1,3,1,2,0,100.0,0.74,-1.49,,0.25,,0.07,,,,-1.17,-12.92,0.0,-1.17,-0.107,-0.107,3루수
56,이창용,24 3B,-0.108,1,1,4.0,1,0,1,0,100.0,2.25,-1.21,,0.03,,,,,,-1.18,-18.89,0.0,-1.18,-0.108,-0.108,3루수
57,오윤석,24 3B,-0.135,8,1,25.0,3,0,2,1,66.7,0.72,-1.21,,-0.33,,0.07,,,,-1.47,-2.91,0.0,-1.47,-0.135,-0.135,3루수
58,공민규,24 3B,-0.142,9,4,33.0,9,1,7,1,88.9,2.18,-1.28,,-0.28,,,,,,-1.55,-18.64,0.0,-1.55,-0.142,-0.142,3루수
59,문보경,24 3B,-0.15,129,120,975.0,285,89,186,10,96.5,2.54,-2.43,,1.68,-0.63,-0.25,,,,-1.64,-1.64,0.0,-1.64,-0.15,-0.15,3루수
60,최경모,24 3B,-0.151,19,5,60.0,13,4,7,2,84.6,1.65,-0.85,,-0.59,-0.21,,,,,-1.65,-4.76,0.0,-1.65,-0.151,-0.151,3루수
61,박승욱,24 3B,-0.168,27,11,123.2,31,10,20,1,96.8,2.18,-3.29,,0.35,0.65,0.46,,,,-1.84,-1.91,0.0,-1.84,-0.168,-0.168,3루수
62,맥키넌,24 3B,-0.175,6,4,36.2,7,3,3,1,85.7,1.47,-1.73,,-0.25,,0.07,,,,-1.91,-3.82,0.0,-1.91,-0.175,-0.175,3루수
63,홍종표,24 3B,-0.203,15,3,52.0,10,2,7,1,90.0,1.56,-1.89,,-0.14,-0.26,0.07,,,,-2.22,-3.2,0.0,-2.22,-0.203,-0.203,3루수
64,하주석,24 3B,-0.216,8,6,52.1,19,7,8,4,78.9,2.58,-0.39,,-1.65,-0.39,0.07,,,,-2.36,-5.31,0.0,-2.36,-0.216,-0.216,3루수
65,박지환,24 3B,-0.226,9,4,38.0,7,2,4,1,85.7,1.42,-2.24,,-0.24,,,,,,-2.48,-4.7,0.0,-2.48,-0.226,-0.226,3루수
66,박계범,24 3B,-0.227,10,0,15.2,5,2,2,1,80.0,2.3,-1.85,,-0.39,-0.24,,,,,-2.49,-14.94,0.0,-2.49,-0.227,-0.227,3루수
67,한동희,24 3B,-0.237,6,6,32.1,10,1,7,2,80.0,2.23,-1.75,,-0.78,-0.41,0.34,,,,-2.6,-26.73,0.0,-2.6,-0.237,-0.237,3루수
68,황재균,24 3B,-0.28,135,128,1085.0,268,83,171,14,94.8,2.11,-3.29,,0.42,-0.21,0.01,,,,-3.06,-3.22,0.0,-3.06,-0.28,-0.28,3루수
69,김도영,24 3B,-0.368,134,132,1111.0,323,77,216,30,90.7,2.37,2.77,,-6.93,-0.06,0.19,,,,-4.03,-4.11,0.0,-4.03,-0.368,-0.368,3루수
70,이주찬,24 3B,-0.473,10,5,46.1,16,3,9,4,75.0,2.33,-2.67,,-1.69,-0.82,,,,,-5.18,-43.89,0.0,-5.18,-0.473,-0.473,3루수
71,손호영,24 3B,-0.505,79,74,640.2,187,58,116,13,93.0,2.44,-2.15,,-2.12,-1.12,-0.14,,,,-5.53,-7.81,0.0,-5.53,-0.505,-0.505,3루수
72,고영우,24 3B,-0.524,65,52,442.2,128,37,81,10,92.2,2.4,-3.34,,-1.98,-0.37,-0.05,,,,-5.74,-8.79,0.0,-5.74,-0.524,-0.524,3루수
73,김병휘,24 3B,,1,0,2.0,1,0,1,0,100.0,4.5,0.43,,0.01,,,,,,0.45,2.29,,,0.041,,3루수
73,김한별,24 3B,,2,0,1.1,0,0,0,0,0.0,0.0,0.0,,0.01,,,,,,0.01,0.03,,,0.001,,3루수
73,황영묵,24 3B,,3,0,3.0,1,0,1,0,100.0,3.0,0.62,,0.02,,,,,,0.64,0.74,,,0.058,,3루수
73,고명준,24 3B,,1,0,1.0,0,0,0,0,0.0,0.0,-0.46,,0.01,,,,,,-0.46,-0.62,,,-0.042,,3루수
73,양도근,24 3B,,1,0,2.0,0,0,0,0,0.0,0.0,,,0.01,,,,,,0.01,0.12,,,0.001,,3루수
73,김주형,24 3B,,1,0,1.0,0,0,0,0,0.0,0.0,,,0.01,,,,,,0.01,0.04,,,0.001,,3루수
73,김태진,24 3B,,1,0,1.0,0,0,0,0,0.0,0.0,,,0.01,,,,,,0.01,0.01,,,0.001,,3루수
73,박민,24 3B,,3,0,4.0,0,0,0,0,0.0,0.0,,,0.03,,,,,,0.03,0.25,,,0.003,,3루수
73,김수인,24 3B,,1,0,2.0,0,0,0,0,0.0,0.0,-0.34,,0.01,,,,,,-0.32,-11.65,,,-0.03,,3루수
73,이도윤,24 3B,,2,0,2.0,0,0,0,0,0.0,0.0,-0.56,,0.01,,,,,,-0.54,-0.58,,,-0.05,,3루수
1,김주원,24 SS,1.722,132,115,1023.2,501,196,287,18,96.4,4.25,9.13,,0.05,0.26,,,,,9.43,10.13,9.42,18.85,0.861,1.722,유격수
2,이재현,24 SS,1.529,107,99,862.1,409,186,212,11,97.3,4.15,7.13,,2.13,-1.29,,,,,7.96,10.52,8.78,16.74,0.727,1.529,유격수
3,박찬호,24 SS,1.374,132,129,1120.1,564,213,328,23,95.9,4.35,4.92,,-0.6,-0.75,,,,,3.57,3.83,11.48,15.05,0.326,1.374,유격수
4,박성한,24 SS,1.059,135,128,1115.0,564,209,332,23,95.9,4.37,1.35,,-1.65,0.75,,,,,0.45,0.47,11.14,11.59,0.041,1.059,유격수
5,오지환,24 SS,1.027,107,97,858.0,400,150,238,12,97.0,4.07,1.33,,1.59,-0.02,,,,,2.9,3.86,8.34,11.24,0.265,1.027,유격수
6,김태진,24 SS,0.895,57,33,346.0,171,64,104,3,98.2,4.37,4.68,,1.56,0.57,,,,,6.82,12.12,2.98,9.8,0.623,0.895,유격수
7,박준영,24 SS,0.863,57,50,434.2,222,83,135,4,98.2,4.51,2.93,,1.85,0.74,,,,,5.52,12.24,3.92,9.44,0.505,0.863,유격수
8,김영웅,24 SS,0.785,38,33,304.2,157,70,82,5,96.8,4.49,3.33,,0.19,2.16,,,,,5.69,6.5,2.9,8.59,0.52,0.785,유격수
9,김상수,24 SS,0.69,78,71,581.2,280,120,150,10,96.4,4.18,2.08,,0.14,-0.17,,,,,2.06,2.62,5.5,7.56,0.188,0.69,유격수
10,이도윤,24 SS,0.611,112,89,784.0,349,138,198,13,96.3,3.86,-2.12,,0.43,1.7,,,,,0.01,0.01,6.68,6.69,0.001,0.611,유격수
11,전민재,24 SS,0.51,64,43,395.0,180,74,102,4,97.8,4.01,1.94,,1.5,-1.4,,,,,2.04,2.94,3.54,5.58,0.187,0.51,유격수
12,신본기,24 SS,0.378,50,22,220.2,113,38,71,4,96.5,4.45,0.44,,-0.05,1.93,,,,,2.32,3.98,1.82,4.14,0.212,0.378,유격수
13,심우준,24 SS,0.287,53,49,431.2,227,93,126,8,96.5,4.57,1.35,,-0.19,-1.82,,,,,-0.66,-1.79,3.8,3.14,-0.06,0.287,유격수
14,이유찬,24 SS,0.274,20,11,103.0,47,22,25,0,100.0,4.11,1.26,,0.91,-0.01,,,,,2.16,3.02,0.84,3.0,0.198,0.274,유격수
15,김휘집,24 SS,0.184,44,40,501.0,235,80,146,9,96.2,4.06,-4.11,,-0.07,1.52,,,,,-2.66,-2.74,4.68,2.02,-0.243,0.184,유격수
16,양도근,24 SS,0.14,8,2,29.0,9,5,4,0,100.0,2.79,1.03,,0.26,0.09,,,,,1.38,12.38,0.16,1.54,0.126,0.14,유격수
17,윤도현,24 SS,0.11,2,1,11.0,5,4,1,0,100.0,4.09,1.01,,0.1,,,,,,1.11,26.58,0.1,1.21,0.101,0.11,유격수
18,박민,24 SS,0.105,10,4,40.0,25,9,13,3,88.0,4.95,1.01,,-1.15,0.99,,,,,0.85,7.65,0.3,1.15,0.078,0.105,유격수
19,김주형,24 SS,0.1,16,4,56.2,32,13,18,1,96.9,4.92,0.26,,0.0,0.45,,,,,0.71,4.65,0.38,1.09,0.065,0.1,유격수
20,장준원,24 SS,0.098,11,2,34.0,15,9,6,0,100.0,3.97,0.81,,0.3,-0.17,,,,,0.94,7.92,0.14,1.08,0.085,0.098,유격수
21,이영빈,24 SS,0.087,6,2,25.0,9,5,4,0,100.0,3.24,0.45,,0.22,0.08,,,,,0.75,3.49,0.2,0.95,0.069,0.087,유격수
22,이호준,24 SS,0.08,4,0,7.2,3,0,3,0,100.0,3.52,0.77,,0.07,,,,,,0.84,10.08,0.04,0.88,0.077,0.08,유격수
23,이주찬,24 SS,0.073,3,0,5.0,4,1,3,0,100.0,7.2,0.38,,0.04,0.36,,,,,0.78,6.64,0.02,0.8,0.072,0.073,유격수
24,김찬형,24 SS,0.071,1,0,3.0,2,2,0,0,100.0,6.0,0.73,,0.03,,,,,,0.76,21.83,0.02,0.78,0.069,0.071,유격수
25,정준재,24 SS,0.052,3,1,5.2,4,1,3,0,100.0,6.35,0.45,,0.05,,,,,,0.5,0.82,0.06,0.56,0.046,0.052,유격수
26,박승욱,24 SS,0.049,110,97,833.0,414,140,252,22,94.7,4.24,-5.65,,-3.65,2.1,,,,,-7.21,-7.46,7.74,0.53,-0.658,0.049,유격수
27,오선진,24 SS,0.031,3,0,6.0,2,0,2,0,100.0,3.0,0.24,,0.05,,,,,,0.3,1.64,0.04,0.34,0.027,0.031,유격수
28,서예일,24 SS,0.027,4,0,6.0,2,0,2,0,100.0,3.0,0.23,,0.05,,,,,,0.28,1.69,0.02,0.3,0.026,0.027,유격수
29,한경빈,24 SS,0.015,1,0,2.0,2,1,1,0,100.0,9.0,-0.13,,0.02,0.25,,,,,0.14,20.42,0.02,0.16,0.013,0.015,유격수
30,구본혁,24 SS,0.001,54,43,368.0,161,59,97,5,96.9,3.82,-3.12,,0.75,-0.97,,,,,-3.33,-3.61,3.34,0.01,-0.304,0.001,유격수
31,홍종표,24 SS,-0.003,17,9,81.0,39,13,24,2,94.9,4.11,-1.24,,-0.29,0.69,,,,,-0.83,-1.2,0.8,-0.03,-0.076,-0.003,유격수
32,윤준혁,24 SS,-0.009,2,0,3.0,3,1,1,1,66.7,6.0,0.36,,-0.48,,,,,,-0.12,-1.31,0.02,-0.1,-0.011,-0.009,유격수
33,문현빈,24 SS,-0.009,1,0,2.0,2,2,0,0,100.0,9.0,-0.14,,0.02,,,,,,-0.12,-0.17,0.02,-0.1,-0.011,-0.009,유격수
34,김병휘,24 SS,-0.009,22,19,146.2,58,17,39,2,96.6,3.44,-2.29,,0.3,0.61,,,,,-1.38,-7.12,1.28,-0.1,-0.126,-0.009,유격수
35,김도영,24 SS,-0.026,1,0,2.0,0,0,0,0,0.0,0.0,-0.32,,0.02,,,,,,-0.31,-0.31,0.02,-0.29,-0.028,-0.026,유격수
36,하주석,24 SS,-0.035,42,26,221.2,120,43,74,3,97.5,4.75,-3.03,,0.46,0.07,,,,,-2.5,-5.62,2.12,-0.38,-0.228,-0.035,유격수
37,김민수,24 SS,-0.04,4,0,12.0,14,7,6,1,92.9,9.75,-1.36,,-0.4,1.2,,,,,-0.56,-4.23,0.12,-0.44,-0.051,-0.04,유격수
38,김호진,24 SS,-0.05,9,2,26.0,2,2,0,0,100.0,0.69,-0.95,,0.23,,,,,,-0.72,-4.01,0.18,-0.54,-0.066,-0.05,유격수
39,김규성,24 SS,-0.052,9,0,20.2,11,4,6,1,90.9,4.35,0.64,,-0.32,-0.99,,,,,-0.67,-3.57,0.1,-0.57,-0.061,-0.052,유격수
40,김재호,24 SS,-0.063,52,38,326.0,148,65,76,7,95.3,3.89,-3.93,,-0.62,0.89,,,,,-3.66,-9.26,2.98,-0.68,-0.335,-0.063,유격수
41,황영묵,24 SS,-0.068,46,29,265.0,123,48,71,4,96.7,4.04,-1.52,,0.34,-2.03,,,,,-3.2,-3.75,2.46,-0.74,-0.292,-0.068,유격수
42,고영우,24 SS,-0.069,14,7,67.0,26,5,20,1,96.2,3.36,-1.55,,0.09,0.04,,,,,-1.41,-2.16,0.66,-0.75,-0.129,-0.069,유격수
43,김주성,24 SS,-0.073,5,2,14.0,4,2,1,1,75.0,1.93,-0.23,,-0.38,-0.28,,,,,-0.89,-10.73,0.1,-0.79,-0.082,-0.073,유격수
44,김세훈,24 SS,-0.074,5,0,8.1,3,3,0,0,100.0,3.24,-0.7,,0.07,-0.24,,,,,-0.87,-17.82,0.06,-0.81,-0.079,-0.074,유격수
45,안상현,24 SS,-0.074,3,1,8.0,8,4,3,1,87.5,7.88,-0.44,,-0.43,,,,,,-0.87,-3.39,0.06,-0.81,-0.08,-0.074,유격수
46,안주형,24 SS,-0.09,14,8,56.2,35,17,18,0,100.0,5.56,-1.46,,0.5,-0.51,,,,,-1.47,-2.58,0.48,-0.99,-0.134,-0.09,유격수
47,최경모,24 SS,-0.113,9,2,20.0,3,0,2,1,66.7,0.9,-0.55,,-0.32,-0.48,,,,,-1.35,-3.9,0.12,-1.23,-0.124,-0.113,유격수
48,박민석,24 SS,-0.162,5,0,8.1,5,1,2,2,60.0,3.24,-1.08,,-0.93,0.19,,,,,-1.83,-13.17,0.06,-1.77,-0.167,-0.162,유격수
49,이학주,24 SS,-0.166,40,25,238.1,107,38,67,2,98.1,3.97,-3.82,,1.11,-1.16,,,,,-3.88,-12.99,2.06,-1.82,-0.354,-0.166,유격수
50,김한별,24 SS,-0.178,21,7,80.0,31,9,21,1,96.8,3.38,-2.71,,0.21,-0.15,,,,,-2.65,-9.53,0.7,-1.95,-0.242,-0.178,유격수
51,박계범,24 SS,-0.194,3,2,19.0,13,1,10,2,84.6,5.21,-1.21,,-0.84,-0.23,,,,,-2.28,-13.69,0.16,-2.12,-0.208,-0.194,유격수
52,손호영,24 SS,-0.217,6,4,39.0,18,8,9,1,94.4,3.92,-2.23,,-0.16,-0.38,,,,,-2.76,-3.9,0.38,-2.38,-0.252,-0.217,유격수
53,이승원,24 SS,-0.24,18,13,96.0,48,20,25,3,93.8,4.22,-1.84,,-0.65,-0.87,,,,,-3.36,-24.22,0.74,-2.62,-0.307,-0.24,유격수
54,김두현,24 SS,-0.245,2,1,10.0,5,0,3,2,60.0,2.7,-1.88,,-0.92,0.05,,,,,-2.74,-131.41,0.06,-2.68,-0.25,-0.245,유격수
55,노진혁,24 SS,-0.268,29,18,150.2,66,23,38,5,92.4,3.64,-2.37,,-1.17,-0.91,,,,,-4.45,-8.79,1.52,-2.93,-0.407,-0.268,유격수
56,김성현,24 SS,-0.275,21,12,118.0,54,19,32,3,94.4,3.89,-3.27,,-0.46,-0.27,,,,,-4.01,-8.12,1.0,-3.01,-0.366,-0.275,유격수
57,이재상,24 SS,-0.344,35,28,221.0,98,44,50,4,95.9,3.83,-3.25,,-0.05,-2.19,,,,,-5.49,-21.96,1.72,-3.77,-0.501,-0.344,유격수
58,김재상,24 SS,,1,0,1.0,2,0,2,0,100.0,18.0,-0.26,,0.01,-0.2,,,,,-0.46,-1.87,,,-0.042,,유격수
58,강성우,24 SS,,1,0,1.0,0,0,0,0,0.0,0.0,,,0.01,,,,,,0.01,0.64,,,0.001,,유격수
58,김선빈,24 SS,,2,0,3.0,3,1,2,0,100.0,9.0,-0.15,,0.03,,,,,,-0.13,-0.16,,,-0.012,,유격수
58,신준우,24 SS,,1,0,1.0,0,0,0,0,0.0,0.0,0.0,,0.01,,,,,,0.01,1.15,,,0.001,,유격수
58,황재균,24 SS,,4,0,5.0,3,1,2,0,100.0,5.4,-0.49,,0.04,0.05,,,,,-0.4,-0.42,,,-0.036,,유격수
58,강한울,24 SS,,3,0,3.0,1,1,0,0,100.0,3.0,-0.03,,0.03,-0.25,,,,,-0.25,-2.02,,,-0.023,,유격수
58,도태훈,24 SS,,1,0,1.0,0,0,0,0,0.0,0.0,-0.04,,0.01,,,,,,-0.03,-0.05,,,-0.003,,유격수
