Name,Team,WAAwithPOS,G_x,GS,IP,TC,PO,Ass,E,F%,RF9,Range RAA,Arm RAA,Err RAA,DP RAA,Bt RAA,CS RAA,Blk RAA,Frm RAA,종합 RAA,/144,POSAdj,RAAwithPOS,WAAwoPOS,pid,WAR,G_y,oWAR,dWAR,PA,ePA,AB,R,H,2B,3B,HR,TB,RBI,SB,CS,BB,HP,IB,SO,GDP,SH,SF,AVG,OBP,SLG,OPS,R/ePA,wRC+,연봉(만원)
최재훈,24 C,0.902,115,95,791.2,811,746,60,5,99.4,9.16,0.35,,0.35,,0.19,1.24,-0.79,,1.57,1.95,8.3,9.88,0.144,101709,1.82,116,1.69,0.13,348,340,280,34,72,10,0,4,94,37,0,0,33,21,0,58,10,8,6,0.257,0.371,0.336,0.707,0.131,96.6,60000
이재원,24 C,0.277,71,40,354.0,332,304,27,1,99.7,8.42,-0.33,,0.78,,-0.17,0.17,-1.33,,-0.49,-0.99,3.53,3.04,-0.045,100829,-0.29,72,-0.24,-0.05,152,150,134,10,32,4,0,1,39,16,0,0,7,4,1,21,4,2,5,0.239,0.287,0.291,0.578,0.059,44.0,5000
김강민,24 CF,0.196,31,15,153.1,40,40,0,0,100.0,2.35,1.45,0.38,0.32,,,,,,2.14,7.52,0.0,2.14,0.196,101089,0.02,41,-0.17,0.19,87,87,76,5,17,0,0,1,20,7,0,0,8,3,0,21,1,0,0,0.224,0.322,0.263,0.585,0.08,58.8,11000
박상언,24 C,0.09,26,9,113.0,97,91,5,1,99.0,7.65,-0.15,,-0.09,,,-1.29,1.99,,-0.14,-0.76,1.13,0.99,-0.013,125879,0.47,27,0.48,-0.02,52,52,42,4,12,3,0,0,15,4,1,0,9,1,0,12,0,0,0,0.286,0.423,0.357,0.78,0.166,119.8,4200
한경빈,24 SS,0.015,1,0,2.0,2,1,1,0,100.0,9.0,-0.13,,0.02,0.25,,,,,0.14,20.42,0.02,0.16,0.013,156339,-0.01,1,-0.02,0.01,1,1,1,0,0,0,0,0,0,0,0,0,0,0,0,1,0,0,0,0.0,0.0,0.0,0.0,-0.19,-151.2,3000
노시환,24 3B,-0.024,126,125,1098.1,302,97,196,9,97.0,2.4,-3.43,,3.03,0.56,-0.43,,,,-0.27,-0.28,0.0,-0.27,-0.024,141259,2.41,136,2.5,-0.08,601,597,526,88,143,20,2,24,239,89,6,0,60,11,9,129,10,0,4,0.272,0.356,0.454,0.81,0.145,106.5,35000
장규현,24 C,-0.028,9,0,16.0,10,8,1,1,90.0,5.06,0.0,,-0.44,,,-0.11,0.13,,-0.47,-7.54,0.17,-0.3,-0.043,148119,-0.14,9,-0.1,-0.04,7,7,6,0,0,0,0,0,0,0,0,0,1,0,0,1,0,0,0,0.0,0.143,0.0,0.143,-0.086,-63.4,3200
김서현,24 P,,37,0,38.1,5,0,5,0,100.0,1.17,,,,,,,,,0.0,0.0,,,0.0,154219,0.0,1,0.0,0.0,0,0,0,0,0,0,0,0,0,0,0,0,0,0,0,0,0,0,0,,,,,,,3300
장민재,24 P,,26,0,29.0,2,1,1,0,100.0,0.62,,,,,,,,,0.0,0.0,,,0.0,106109,0.0,1,0.0,0.0,0,0,0,0,0,0,0,0,0,0,0,0,0,0,0,0,0,0,0,,,,,,,15000
박상원,24 P,,64,0,66.2,6,2,3,1,83.3,0.68,,,,,,,,,0.0,0.0,,,0.0,128719,0.0,2,0.0,0.0,0,0,0,0,0,0,0,0,0,0,0,0,0,0,0,0,0,0,0,,,,,,,19500
주현상,24 P,,62,0,71.1,12,2,10,0,100.0,1.51,,,,,,,,,0.0,0.0,,,0.0,114159,0.0,2,0.0,0.0,0,0,0,0,0,0,0,0,0,0,0,0,0,0,0,0,0,0,0,,,,,,,11000
박동원,24 C,1.975,124,109,944.2,890,809,77,4,99.6,8.44,1.14,,1.4,,0.07,2.15,8.55,,10.75,11.91,10.87,21.62,0.982,103876,4.4,130,3.43,0.96,498,495,434,58,118,22,0,20,200,80,1,0,55,0,2,112,14,2,7,0.272,0.349,0.461,0.81,0.144,111.0,250000
오지환,24 SS,1.027,107,97,858.0,400,150,238,12,97.0,4.07,1.33,,1.59,-0.02,,,,,2.9,3.86,8.34,11.24,0.265,104756,3.0,108,2.67,0.33,428,426,370,67,94,24,2,10,152,59,17,4,51,4,0,106,8,2,1,0.254,0.35,0.411,0.761,0.136,104.5,30000
박해민,24 CF,0.614,143,128,1127.0,286,283,2,1,99.7,2.28,4.18,0.71,1.84,,,,,,6.72,6.72,0.0,6.72,0.614,111906,2.03,144,1.44,0.59,553,548,482,72,127,16,6,6,173,56,43,13,46,11,0,101,3,5,9,0.263,0.336,0.359,0.695,0.112,86.1,60000
백승현,24 P,0.0,33,0,26.2,6,0,5,1,83.3,1.69,,,,,,,,,0.0,0.0,0.0,0.0,0.0,130096,-0.03,3,-0.03,0.0,1,1,1,0,0,0,0,0,0,0,0,0,0,0,0,0,0,0,0,0.0,0.0,0.0,0.0,-0.19,-151.2,9200
정우영,24 P,0.0,27,0,22.2,7,0,7,0,100.0,2.78,,,,,,,,,0.0,0.0,0.0,0.0,0.0,141366,-0.03,1,-0.03,0.0,1,1,1,0,0,0,0,0,0,0,0,0,0,0,0,1,0,0,0,0.0,0.0,0.0,0.0,-0.19,-127.9,32000
송찬의,24 LF,-0.013,3,2,17.0,4,4,0,0,100.0,2.12,0.24,-0.34,0.02,,,,,,-0.08,-1.17,-0.06,-0.14,-0.007,131096,-0.13,10,-0.12,-0.01,21,20,15,2,1,0,0,0,1,1,1,0,3,1,0,6,0,1,1,0.067,0.25,0.067,0.317,0.003,2.3,3600
최명경,24 3B,-0.056,1,0,6.0,2,1,1,0,100.0,3.0,-0.41,,0.04,-0.24,,,,,-0.61,-87.82,0.0,-0.61,-0.056,160266,-0.06,1,0.0,-0.06,3,3,3,0,1,0,0,0,1,0,0,0,0,0,0,1,0,0,0,0.333,0.333,0.333,0.666,0.089,63.3,3000
이주헌,24 C,-0.077,3,1,14.0,20,20,0,0,100.0,12.86,0.0,,0.05,,,-0.42,-0.88,,-0.99,-47.48,0.14,-0.85,-0.09,150816,0.13,3,0.22,-0.09,6,6,6,0,4,2,0,0,6,3,0,0,0,0,0,2,0,0,0,0.667,0.667,1.0,1.667,0.487,367.5,3000
김성우,24 C,-0.13,4,2,16.0,8,7,1,0,100.0,4.5,-0.09,,0.06,,0.05,-0.3,-1.75,,-1.52,-54.61,0.1,-1.42,-0.139,150856,-0.26,4,-0.12,-0.14,5,5,5,0,0,0,0,0,0,0,0,0,0,0,0,4,0,0,0,0.0,0.0,0.0,0.0,-0.19,-139.9,3100
허도환,24 C,-0.195,58,27,250.0,229,219,8,2,99.1,8.17,-0.24,,-0.1,,,-1.17,-4.38,,-4.58,-11.18,2.45,-2.13,-0.418,106846,-0.64,59,-0.22,-0.42,105,100,80,10,11,2,0,0,13,11,0,1,9,10,0,26,4,5,1,0.138,0.3,0.163,0.463,0.059,44.6,10000
오스틴,24 1B,-0.7,106,105,863.0,810,728,74,8,99.0,8.36,1.3,,0.25,,-0.01,,,,1.54,1.58,-9.2,-7.66,0.141,155326,5.06,140,4.9,0.17,604,600,527,99,168,32,3,32,302,132,12,8,61,3,6,82,9,0,13,0.319,0.384,0.573,0.957,0.192,147.8,80000
김대원,24 2B,,1,0,1.0,2,1,1,0,100.0,18.0,-0.2,,0.01,,,,,,-0.2,-1.5,,,-0.018,160166,0.04,19,0.06,-0.02,4,4,4,5,2,0,0,0,2,0,2,1,0,0,0,1,0,0,0,0.5,0.5,0.5,1.0,0.229,174.5,3000
김대현,24 P,,35,0,35.0,1,0,1,0,100.0,0.26,,,,,,,,,0.0,0.0,,,0.0,125326,0.0,1,0.0,0.0,0,0,0,0,0,0,0,0,0,0,0,0,0,0,0,0,0,0,0,,,,,,,5700
유영찬,24 P,,61,0,63.2,8,4,4,0,100.0,1.13,,,,,,,,,0.0,0.0,,,0.0,146696,0.0,7,0.0,0.0,0,0,0,0,0,0,0,0,0,0,0,0,0,0,0,0,0,0,0,,,,,,,8500
이지강,24 P,,44,2,53.2,10,4,6,0,100.0,1.68,,,,,,,,,0.0,0.0,,,0.0,141436,0.0,3,0.0,0.0,0,0,0,0,0,0,0,0,0,0,0,0,0,0,0,0,0,0,0,,,,,,,6800
함덕주,24 P,,14,0,11.2,3,0,3,0,100.0,2.31,,,,,,,,,0.0,0.0,,,0.0,110946,0.0,1,0.0,0.0,0,0,0,0,0,0,0,0,0,0,0,0,0,0,0,0,0,0,0,,,,,,,20000
김유영,24 P,,52,2,47.2,9,0,6,3,66.7,1.13,,,,,,,,,0.0,0.0,,,0.0,112296,0.0,2,0.0,0.0,0,0,0,0,0,0,0,0,0,0,0,0,0,0,0,0,0,0,0,,,,,,,6700
진우영,24 P,,6,0,7.2,0,0,0,0,0.0,0.0,,,,,,,,,0.0,0.0,,,0.0,160156,0.0,1,0.0,0.0,0,0,0,0,0,0,0,0,0,0,0,0,0,0,0,0,0,0,0,,,,,,,3000
최동환,24 P,,25,0,22.0,7,4,3,0,100.0,2.86,,,,,,,,,0.0,0.0,,,0.0,105356,0.0,1,0.0,0.0,0,0,0,0,0,0,0,0,0,0,0,0,0,0,0,0,0,0,0,,,,,,,13000
이종준,24 P,,26,0,26.0,3,1,2,0,100.0,1.04,,,,,,,,,0.0,0.0,,,0.0,146516,0.0,2,0.0,0.0,0,0,0,0,0,0,0,0,0,0,0,0,0,0,0,0,0,0,0,,,,,,,3000
박명근,24 P,,30,0,25.1,2,0,2,0,100.0,0.71,,,,,,,,,0.0,0.0,,,0.0,154866,0.0,1,0.0,0.0,0,0,0,0,0,0,0,0,0,0,0,0,0,0,0,0,0,0,0,,,,,,,6500
김진성,24 P,,70,0,70.1,10,4,5,1,90.0,1.15,,,,,,,,,0.0,0.0,,,0.0,111666,0.0,3,0.0,0.0,0,0,0,0,0,0,0,0,0,0,0,0,0,0,0,0,0,0,0,,,,,,,20000
임준형,24 P,,17,1,13.2,2,1,1,0,100.0,1.32,,,,,,,,,0.0,0.0,,,0.0,141426,0.0,1,0.0,0.0,0,0,0,0,0,0,0,0,0,0,0,0,0,0,0,0,0,0,0,,,,,,,4800
전준호,24 C,,3,0,5.0,5,4,1,0,100.0,9.0,0.33,,0.02,,,,-0.27,,0.16,7.49,,,0.014,128646,-0.01,3,-0.03,0.01,1,1,1,0,0,0,0,0,0,0,0,0,0,0,0,1,0,0,0,0.0,0.0,0.0,0.0,-0.19,-134.5,3300
김영준,24 P,,14,0,15.1,3,1,2,0,100.0,1.76,,,,,,,,,0.0,0.0,,,0.0,131026,0.0,1,0.0,0.0,0,0,0,0,0,0,0,0,0,0,0,0,0,0,0,0,0,0,0,,,,,,,3600
유강남,24 C,0.5,50,42,324.2,303,277,23,3,99.0,8.32,0.59,,-0.33,,,1.0,0.89,,1.88,5.2,3.6,5.48,0.171,107532,0.08,52,-0.08,0.16,155,153,136,11,26,3,0,5,44,20,0,0,9,7,0,25,4,2,1,0.191,0.275,0.324,0.599,0.071,50.3,100000
정보근,24 C,0.291,89,42,379.1,373,335,34,4,98.9,8.75,0.41,,-0.64,,0.03,0.39,-0.49,,-0.15,-0.25,3.34,3.18,-0.014,131542,-0.63,89,-0.61,-0.02,140,136,133,9,30,0,1,2,38,7,0,0,3,0,0,31,5,4,0,0.226,0.243,0.286,0.529,0.03,21.4,7500
손성빈,24 C,0.228,86,52,445.2,443,414,25,4,99.1,8.87,-1.0,,-0.4,,0.22,-1.43,1.43,,-1.61,-2.7,4.1,2.49,-0.147,147962,0.08,86,0.19,-0.11,171,170,152,24,30,6,2,6,58,21,0,0,13,3,0,38,3,1,2,0.197,0.271,0.382,0.653,0.082,58.7,5000
정대선,24 2B,0.093,2,0,4.0,5,2,3,0,100.0,11.25,0.62,,0.02,0.37,,,,,1.01,48.62,0.01,1.02,0.093,154432,0.04,3,-0.05,0.09,2,2,2,0,0,0,0,0,0,0,0,0,0,0,0,2,0,0,0,0.0,0.0,0.0,0.0,-0.19,-142.1,3200
강태율,24 C,-0.003,10,3,28.0,31,29,1,1,96.8,9.64,0.0,,-0.4,,,-0.12,0.4,,-0.25,-3.55,0.22,-0.03,-0.023,113882,-0.26,10,-0.24,-0.02,10,10,10,0,0,0,0,0,0,0,0,0,0,0,0,4,0,0,0,0.0,0.0,0.0,0.0,-0.19,-132.2,3600
강승구,24 C,-0.027,5,0,7.0,6,6,0,0,100.0,7.71,-0.09,,0.03,,,,-0.39,,-0.34,-9.82,0.05,-0.29,-0.031,161022,-0.08,5,-0.05,-0.03,2,2,2,0,0,0,0,0,0,0,0,0,0,0,0,1,0,0,0,0.0,0.0,0.0,0.0,-0.19,-127.9,3000
서동욱,24 C,-0.037,32,5,95.0,86,75,10,1,98.8,8.05,-0.15,,-0.16,,0.05,0.18,-1.35,,-1.03,-4.5,0.62,-0.41,-0.094,156242,-0.45,33,-0.35,-0.1,27,27,26,2,3,1,0,0,4,0,0,0,0,1,0,8,1,0,0,0.115,0.148,0.154,0.302,-0.052,-37.8,3300
한동희,24 3B,-0.237,6,6,32.1,10,1,7,2,80.0,2.23,-1.75,,-0.78,-0.41,0.34,,,,-2.6,-26.73,0.0,-2.6,-0.237,131452,-0.55,14,-0.31,-0.25,36,36,35,1,9,2,0,0,11,3,0,0,1,0,1,9,1,0,0,0.257,0.278,0.314,0.592,0.052,37.4,16200
전준우,24 LF,-0.54,47,47,381.1,90,87,2,1,98.9,2.1,-4.1,0.3,-0.07,,,,,,-3.87,-5.11,-2.04,-5.91,-0.353,102662,1.8,109,2.15,-0.36,483,482,423,57,124,26,2,17,205,82,3,1,49,5,0,84,11,1,5,0.293,0.369,0.485,0.854,0.163,115.7,130000
나승엽,24 1B,-1.582,113,111,937.1,891,813,67,11,98.8,8.45,-6.9,,-0.89,,-0.1,,,,-7.89,-9.39,-9.42,-17.31,-0.721,147972,2.22,121,2.83,-0.61,489,486,407,59,127,35,4,7,191,66,1,0,69,4,1,83,4,2,7,0.312,0.411,0.469,0.88,0.182,129.7,4000
현도훈,24 P,,7,0,10.0,3,1,2,0,100.0,2.7,,,,,,,,,0.0,0.0,,,0.0,132712,0.0,2,0.0,0.0,0,0,0,0,0,0,0,0,0,0,0,0,0,0,0,0,0,0,0,,,,,,,3200
강성우,24 SS,,1,0,1.0,0,0,0,0,0.0,0.0,,,0.01,,,,,,0.01,0.64,,,0.001,160932,0.0,2,0.0,0.0,3,2,2,0,1,0,0,0,1,0,0,1,0,0,0,0,0,1,0,0.5,0.5,0.5,1.0,0.229,173.1,3000
김상수,24 P,,71,0,73.2,15,1,13,1,93.3,1.71,,,,,,,,,0.0,0.0,,,0.0,104272,0.0,1,0.0,0.0,0,0,0,0,0,0,0,0,0,0,0,0,0,0,0,0,0,0,0,,,,,,,16000
김강현,24 P,,24,0,25.1,8,3,5,0,100.0,2.84,,,,,,,,,0.0,0.0,,,0.0,126992,0.0,2,0.0,0.0,0,0,0,0,0,0,0,0,0,0,0,0,0,0,0,0,0,0,0,,,,,,,3200
김원중,24 P,,54,0,63.1,10,3,6,1,90.0,1.28,,,,,,,,,0.0,0.0,,,0.0,108252,0.0,1,0.0,0.0,0,0,0,0,0,0,0,0,0,0,0,0,0,0,0,0,0,0,0,,,,,,,50000
박찬호,24 SS,1.374,132,129,1120.1,564,213,328,23,95.9,4.35,4.92,,-0.6,-0.75,,,,,3.57,3.83,11.48,15.05,0.326,112610,2.78,134,2.58,0.2,577,570,515,86,158,24,1,5,199,61,20,13,48,1,1,44,9,7,6,0.307,0.363,0.386,0.749,0.129,95.7,30000
김태군,24 C,0.858,101,82,640.2,611,567,38,6,99.0,8.5,0.81,,-0.7,,0.11,-1.1,5.58,,3.03,4.15,6.36,9.39,0.277,104590,1.13,105,0.81,0.32,270,259,235,24,62,7,0,7,90,34,0,0,12,11,0,24,14,11,1,0.264,0.328,0.383,0.711,0.115,85.3,70000
한준수,24 C,0.447,103,60,600.1,584,541,39,4,99.3,8.7,-0.57,,0.16,,0.21,0.75,-3.09,,-1.61,-2.02,6.5,4.89,-0.147,131130,1.54,115,1.66,-0.12,316,316,287,39,88,22,0,7,131,41,0,0,21,2,1,48,7,0,6,0.307,0.351,0.456,0.807,0.141,105.2,5000
김호령,24 CF,0.215,61,9,177.0,64,62,0,2,96.9,3.15,3.13,-0.14,-0.64,,,,,,2.36,5.3,0.0,2.36,0.215,112980,-0.23,64,-0.44,0.21,67,67,59,12,8,2,0,1,13,4,3,2,8,0,0,25,1,0,0,0.136,0.239,0.22,0.459,0.021,16.0,9000
황대인,24 1B,-0.053,2,2,10.0,10,9,1,0,100.0,9.0,-0.51,,0.05,,,,,,-0.46,-22.06,-0.12,-0.58,-0.042,113060,-0.05,3,-0.01,-0.04,7,7,7,1,2,1,0,0,3,3,0,0,0,0,0,1,0,0,0,0.286,0.286,0.429,0.715,0.1,74.4,8000
고종욱,24 LF,-0.096,8,3,25.0,4,4,0,0,100.0,1.44,-0.8,-0.16,0.03,,,,,,-0.93,-4.78,-0.12,-1.05,-0.085,106590,-0.02,28,0.06,-0.09,36,36,32,3,8,2,0,1,13,4,0,0,4,0,0,6,2,0,0,0.25,0.333,0.406,0.739,0.122,92.0,15000
한승택,24 C,-0.145,19,2,47.0,52,43,7,2,96.2,9.57,0.34,,-0.83,,,0.34,-2.5,,-1.9,-13.65,0.31,-1.58,-0.173,111190,-0.07,20,0.11,-0.17,15,15,11,2,3,0,0,0,3,2,0,0,4,0,0,1,0,0,0,0.273,0.467,0.273,0.74,0.171,128.3,6500
최형우,24 LF,-0.351,16,15,117.0,16,14,0,2,87.5,1.08,-2.74,0.43,-0.87,,,,,,-3.18,-3.95,-0.66,-3.84,-0.291,103440,1.54,116,1.83,-0.29,487,486,425,67,119,23,2,22,212,109,1,1,52,5,4,86,5,0,5,0.28,0.361,0.499,0.86,0.161,119.0,100000
나성범,24 RF,-0.385,67,67,505.0,97,91,5,1,99.0,1.71,-2.51,0.08,1.02,,,,,,-1.4,-1.98,-2.81,-4.21,-0.128,111620,1.73,102,1.89,-0.16,424,422,374,51,109,17,1,21,191,80,0,0,38,4,1,98,8,0,7,0.291,0.357,0.511,0.868,0.16,118.4,80000
이형범,24 P,,14,0,15.0,5,4,1,0,100.0,3.0,,,,,,,,,0.0,0.0,,,0.0,111590,0.0,1,0.0,0.0,0,0,0,0,0,0,0,0,0,0,0,0,0,0,0,0,0,0,0,,,,,,,7000
김사윤,24 P,,23,2,37.0,7,0,6,1,85.7,1.46,,,,,,,,,0.0,0.0,,,0.0,113640,0.0,1,0.0,0.0,0,0,0,0,0,0,0,0,0,0,0,0,0,0,0,0,0,0,0,,,,,,,3400
김민주,24 P,,2,0,1.0,0,0,0,0,0.0,0.0,,,,,,,,,0.0,0.0,,,0.0,160820,0.0,1,0.0,0.0,0,0,0,0,0,0,0,0,0,0,0,0,0,0,0,0,0,0,0,,,,,,,3000
김승현,24 P,,14,0,18.0,5,0,3,2,60.0,1.5,,,,,,,,,0.0,0.0,,,0.0,126370,0.0,1,0.0,0.0,0,0,0,0,0,0,0,0,0,0,0,0,0,0,0,0,0,0,0,,,,,,,4100
전상현,24 P,,66,0,66.0,9,2,6,1,88.9,1.09,,,,,,,,,0.0,0.0,,,0.0,125370,0.0,1,0.0,0.0,0,0,0,0,0,0,0,0,0,0,0,0,0,0,0,0,0,0,0,,,,,,,17000
황동하,24 P,,25,21,103.1,18,5,13,0,100.0,1.57,,,,,,,,,0.0,0.0,,,0.0,150630,0.0,1,0.0,0.0,0,0,0,0,0,0,0,0,0,0,0,0,0,0,0,0,0,0,0,,,,,,,3500
곽도규,24 P,,67,0,55.2,13,3,7,3,76.9,1.62,,,,,,,,,0.0,0.0,,,0.0,154350,0.0,1,0.0,0.0,0,0,0,0,0,0,0,0,0,0,0,0,0,0,0,0,0,0,0,,,,,,,3300
최지민,24 P,,54,0,46.0,7,2,4,1,85.7,1.17,,,,,,,,,0.0,0.0,,,0.0,150570,0.0,2,0.0,0.0,0,0,0,0,0,0,0,0,0,0,0,0,0,0,0,0,0,0,0,,,,,,,10000
정해영,24 P,,53,0,50.2,8,3,5,0,100.0,1.42,,,,,,,,,0.0,0.0,,,0.0,146080,0.0,1,0.0,0.0,0,0,0,0,0,0,0,0,0,0,0,0,0,0,0,0,0,0,0,,,,,,,20000
장성우,24 C,1.046,114,105,856.1,838,780,56,2,99.8,8.79,-0.84,,2.09,,0.32,-3.44,3.83,,0.82,0.9,10.63,11.45,0.075,102358,3.23,131,3.13,0.1,489,486,418,53,112,19,0,19,188,81,5,0,60,1,1,86,8,2,8,0.268,0.355,0.45,0.805,0.144,104.2,50000
조대현,24 C,0.392,26,12,120.0,111,100,11,0,100.0,8.33,-0.15,,0.43,,0.05,2.57,0.44,,3.21,17.79,1.08,4.29,0.293,131778,0.46,26,0.17,0.29,45,40,36,2,11,2,0,0,13,3,0,0,3,0,0,12,1,5,1,0.306,0.35,0.361,0.711,0.113,81.4,3100
김준태,24 C,0.054,18,3,57.1,41,39,2,0,100.0,6.44,-0.01,,0.21,,,-0.44,0.34,,0.0,-0.02,0.6,0.6,0.0,108358,0.15,23,0.15,0.0,30,30,25,6,6,2,0,0,8,3,0,0,5,0,0,6,0,0,0,0.24,0.367,0.32,0.687,0.122,91.3,10000
강민성,24 1B,0.037,1,0,2.0,2,2,0,0,100.0,9.0,0.42,,0.01,,,,,,0.43,61.21,-0.02,0.41,0.039,141918,0.01,1,-0.03,0.04,1,1,1,0,0,0,0,0,0,0,0,0,0,0,0,0,0,0,0,0.0,0.0,0.0,0.0,-0.19,-127.9,3600
강현우,24 C,-0.038,17,5,81.0,76,71,3,2,97.4,8.22,-0.24,,-0.71,,,0.35,-0.9,,-1.23,-9.84,0.82,-0.41,-0.112,146038,0.34,18,0.46,-0.12,36,34,26,4,8,1,0,1,12,8,0,0,8,0,0,10,0,2,0,0.308,0.471,0.462,0.933,0.216,161.1,5000
김건형,24 RF,-0.045,12,9,66.0,22,22,0,0,100.0,3.0,-0.7,0.26,0.2,,,,,,-0.25,-2.72,-0.25,-0.5,-0.022,147798,-0.38,13,-0.35,-0.03,25,25,24,2,3,1,0,0,4,1,0,0,1,0,0,8,0,0,0,0.125,0.16,0.167,0.327,-0.046,-34.1,3000
박경수,24 2B,-0.051,3,0,3.1,2,1,1,0,100.0,5.4,-0.58,,0.02,,,,,,-0.56,-16.22,0.01,-0.55,-0.051,104698,0.05,5,0.11,-0.05,3,3,3,2,2,1,0,0,3,1,0,0,0,0,0,1,0,0,0,0.667,0.667,1.0,1.667,0.487,354.6,20000
안현민,24 LF,-0.097,13,6,52.0,14,13,1,0,100.0,2.42,-1.35,0.46,0.06,,,,,,-0.82,-7.41,-0.24,-1.06,-0.075,150928,-0.07,16,0.01,-0.08,29,29,25,5,5,0,1,1,10,2,0,0,2,1,0,10,0,0,1,0.2,0.276,0.4,0.676,0.091,67.3,3000
배정대,24 CF,-0.559,113,110,958.0,276,266,3,7,97.5,2.53,-5.7,1.1,-1.52,,,,,,-6.12,-7.8,0.0,-6.12,-0.559,112128,0.88,113,1.41,-0.52,473,464,404,49,111,25,1,7,159,59,9,7,50,4,1,114,5,8,7,0.275,0.355,0.394,0.749,0.129,94.1,32000
오재일,24 1B,-0.783,55,43,406.1,360,339,18,3,99.2,7.91,-4.5,,0.5,,-0.42,,,,-4.41,-6.05,-4.16,-8.57,-0.403,104008,-0.45,83,-0.01,-0.43,272,272,232,27,57,13,0,8,94,37,0,0,30,2,0,70,3,0,8,0.246,0.327,0.405,0.732,0.116,84.3,50000
박시영,24 P,,24,0,25.1,5,2,3,0,100.0,1.78,,,,,,,,,0.0,0.0,,,0.0,107378,0.0,1,0.0,0.0,0,0,0,0,0,0,0,0,0,0,0,0,0,0,0,0,0,0,0,,,,,,,9000
주권,24 P,,48,1,58.0,18,5,12,1,94.4,2.64,,,,,,,,,0.0,0.0,,,0.0,113238,0.0,1,0.0,0.0,0,0,0,0,0,0,0,0,0,0,0,0,0,0,0,0,0,0,0,,,,,,,20000
김영현,24 P,,8,0,7.1,2,0,1,1,50.0,1.23,,,,,,,,,0.0,0.0,,,0.0,148698,0.0,1,0.0,0.0,0,0,0,0,0,0,0,0,0,0,0,0,0,0,0,0,0,0,0,,,,,,,4100
김민,24 P,,70,1,77.1,13,4,9,0,100.0,1.51,,,,,,,,,0.0,0.0,,,0.0,131678,0.0,1,0.0,0.0,0,0,0,0,0,0,0,0,0,0,0,0,0,0,0,0,0,0,0,,,,,,,5000
이선우,24 P,,6,1,10.0,2,2,0,0,100.0,1.8,,,,,,,,,0.0,0.0,,,0.0,141118,0.0,3,0.0,0.0,0,0,0,0,0,0,0,0,0,0,0,0,0,0,0,0,0,0,0,,,,,,,4000
박영현,24 P,,66,0,76.2,10,4,5,1,90.0,1.06,,,,,,,,,0.0,0.0,,,0.0,150898,0.0,5,0.0,0.0,0,0,0,0,0,0,0,0,0,0,0,0,0,0,0,0,0,0,0,,,,,,,16000
강건,24 P,,4,1,4.0,0,0,0,0,0.0,0.0,,,,,,,,,0.0,0.0,,,0.0,155278,0.0,1,0.0,0.0,0,0,0,0,0,0,0,0,0,0,0,0,0,0,0,0,0,0,0,,,,,,,3500
박세진,24 P,,6,0,5.1,0,0,0,0,0.0,0.0,,,,,,,,,0.0,0.0,,,0.0,125728,0.0,1,0.0,0.0,0,0,0,0,0,0,0,0,0,0,0,0,0,0,0,0,0,0,0,,,,,,,3500
성재헌,24 P,,29,1,32.0,10,1,8,1,90.0,2.53,,,,,,,,,0.0,0.0,,,0.0,146678,0.0,2,0.0,0.0,0,0,0,0,0,0,0,0,0,0,0,0,0,0,0,0,0,0,0,,,,,,,3000
우규민,24 P,,44,0,43.1,7,1,5,1,85.7,1.25,,,,,,,,,0.0,0.0,,,0.0,105238,0.0,2,0.0,0.0,0,0,0,0,0,0,0,0,0,0,0,0,0,0,0,0,0,0,0,,,,,,,22000
손동현,24 P,,41,0,47.1,8,3,3,2,75.0,1.14,,,,,,,,,0.0,0.0,,,0.0,141088,0.0,2,0.0,0.0,0,0,0,0,0,0,0,0,0,0,0,0,0,0,0,0,0,0,0,,,,,,,12000
이재현,24 SS,1.529,107,99,862.1,409,186,212,11,97.3,4.15,7.13,,2.13,-1.29,,,,,7.96,10.52,8.78,16.74,0.727,150343,3.03,109,2.43,0.6,458,457,389,71,101,18,1,14,163,66,2,1,58,8,1,83,8,0,3,0.26,0.365,0.419,0.784,0.146,104.8,14000
강민호,24 C,1.181,120,96,803.0,686,631,53,2,99.7,7.67,-0.56,,1.9,,-0.1,0.95,1.84,,3.47,3.68,9.46,12.93,0.317,102323,3.32,136,3.02,0.3,452,450,403,48,122,19,1,19,200,77,3,0,35,8,2,52,17,0,6,0.303,0.365,0.496,0.861,0.161,115.6,40000
이병헌,24 C,0.234,90,44,421.2,365,341,21,3,99.2,7.73,-0.5,,0.02,,-0.44,0.01,-0.57,,-1.31,-1.98,3.86,2.56,-0.119,141173,0.1,95,0.23,-0.13,166,164,145,9,36,4,0,1,43,9,0,0,17,2,0,48,0,2,0,0.248,0.335,0.297,0.632,0.094,66.8,4000
디아즈,24 1B,0.206,18,18,151.0,136,121,14,1,99.3,8.05,3.48,,0.24,,0.06,,,,3.78,18.77,-1.52,2.26,0.345,161623,0.53,29,0.21,0.32,118,118,110,14,31,5,0,7,57,19,0,0,6,2,0,25,2,0,0,0.282,0.331,0.518,0.849,0.152,107.9,5000
류승민,24 RF,0.088,4,0,7.0,3,3,0,0,100.0,3.86,0.96,0.01,0.02,,,,,,0.99,28.43,-0.02,0.97,0.09,155033,0.13,5,0.04,0.09,3,3,1,1,0,0,0,0,0,0,0,0,2,0,0,1,0,0,0,0.0,0.667,0.0,0.667,0.294,226.9,3500
김민수,24 C,0.001,8,1,23.0,14,12,2,0,100.0,5.48,-0.09,,0.08,,,0.0,-0.22,,-0.16,-2.58,0.17,0.01,-0.015,112663,0.07,9,0.09,-0.02,8,8,8,1,2,0,0,1,5,3,0,0,0,0,0,1,0,0,0,0.25,0.25,0.625,0.875,0.136,99.8,4600
김도환,24 C,-0.032,1,1,6.0,5,5,0,0,100.0,7.5,-0.09,,0.02,,,-0.14,-0.3,,-0.42,-60.41,0.07,-0.35,-0.038,141153,-0.11,1,-0.07,-0.04,3,3,3,0,0,0,0,0,0,0,0,0,0,0,0,1,0,0,0,0.0,0.0,0.0,0.0,-0.19,-151.2,5000
박병호,24 1B,-0.049,31,29,248.2,253,223,28,2,99.2,9.08,1.37,,0.23,,0.25,,,,1.85,2.22,-2.38,-0.53,0.169,104703,0.53,76,0.4,0.13,285,285,249,42,61,5,0,20,126,60,3,0,31,3,0,83,5,0,2,0.245,0.333,0.506,0.839,0.149,106.8,70000
김태훈,24 P,,56,0,52.1,13,5,7,1,92.3,2.06,,,,,,,,,0.0,0.0,,,0.0,108713,0.0,1,0.0,0.0,0,0,0,0,0,0,0,0,0,0,0,0,0,0,0,0,0,0,0,,,,,,,17000
최지광,24 P,,34,0,36.1,6,2,4,0,100.0,1.49,,,,,,,,,0.0,0.0,,,0.0,129343,0.0,1,0.0,0.0,0,0,0,0,0,0,0,0,0,0,0,0,0,0,0,0,0,0,0,,,,,,,14000
김재윤,24 P,,65,0,66.0,11,1,10,0,100.0,1.5,,,,,,,,,0.0,0.0,,,0.0,114893,0.0,3,0.0,0.0,0,0,0,0,0,0,0,0,0,0,0,0,0,0,0,0,0,0,0,,,,,,,40000
이상민,24 P,,36,0,30.0,1,1,0,0,100.0,0.3,,,,,,,,,0.0,0.0,,,0.0,111693,0.0,1,0.0,0.0,0,0,0,0,0,0,0,0,0,0,0,0,0,0,0,0,0,0,0,,,,,,,6500
오승환,24 P,,58,0,55.0,6,1,5,0,100.0,0.98,,,,,,,,,0.0,0.0,,,0.0,103673,0.0,2,0.0,0.0,0,0,0,0,0,0,0,0,0,0,0,0,0,0,0,0,0,0,0,,,,,,,40000
김대우,24 P,,30,1,34.1,5,0,4,1,80.0,1.05,,,,,,,,,0.0,0.0,,,0.0,106853,0.0,1,0.0,0.0,0,0,0,0,0,0,0,0,0,0,0,0,0,0,0,0,0,0,0,,,,,,,10000
육선엽,24 P,,11,1,17.0,2,2,0,0,100.0,1.06,,,,,,,,,0.0,0.0,,,0.0,158643,0.0,1,0.0,0.0,0,0,0,0,0,0,0,0,0,0,0,0,0,0,0,0,0,0,0,,,,,,,3000
이지영,24 C,1.513,117,105,914.2,987,919,61,7,99.3,9.64,1.2,,-0.21,,0.1,1.67,5.34,,6.5,7.61,10.06,16.56,0.594,103124,1.53,123,0.96,0.57,432,425,398,45,111,11,1,5,139,50,8,1,18,7,0,35,10,7,2,0.279,0.32,0.349,0.669,0.097,70.1,20000
박성한,24 SS,1.059,135,128,1115.0,564,209,332,23,95.9,4.37,1.35,,-1.65,0.75,,,,,0.45,0.47,11.14,11.59,0.041,129224,3.6,137,3.5,0.1,564,559,489,78,147,24,0,10,201,67,13,3,64,2,3,86,11,3,6,0.301,0.38,0.411,0.791,0.145,104.0,30000
김민식,24 C,0.064,40,30,264.2,240,224,16,0,100.0,8.16,0.64,,0.96,,0.03,-1.79,-2.92,,-2.2,-7.05,2.9,0.7,-0.201,107074,-0.26,45,-0.05,-0.21,126,122,106,10,22,5,0,1,30,10,0,0,16,0,0,33,2,4,0,0.208,0.311,0.283,0.594,0.079,56.5,15000
김창평,24 RF,0.041,1,1,4.0,3,3,0,0,100.0,6.75,0.46,,0.01,,,,,,0.47,11.34,-0.02,0.45,0.043,141464,-0.06,6,-0.1,0.04,9,9,7,1,0,0,0,0,0,0,1,0,2,0,0,4,0,0,0,0.0,0.222,0.0,0.222,-0.029,-22.1,3100
추신수,24 RF,0.009,6,5,35.0,7,7,0,0,100.0,1.8,0.23,-0.05,0.11,,,,,,0.29,0.53,-0.19,0.1,0.026,148884,0.67,78,0.64,0.02,302,300,253,40,71,14,1,5,102,37,5,1,37,4,0,68,2,2,6,0.281,0.373,0.403,0.776,0.143,102.0,3000
문승원,24 P,0.0,61,0,60.0,11,2,9,0,100.0,1.65,,,,,,,,,0.0,0.0,0.0,0.0,0.0,107834,-0.03,6,-0.03,0.0,1,1,1,0,0,0,0,0,0,0,0,0,0,0,0,1,0,0,0,0.0,0.0,0.0,0.0,-0.19,-140.8,18000
조형우,24 C,-0.077,19,9,90.1,86,79,6,1,98.8,8.47,-0.01,,-0.18,,,0.12,-2.42,,-1.76,-13.33,0.91,-0.85,-0.161,148064,-0.08,19,0.08,-0.16,38,38,33,4,8,0,0,0,8,4,0,0,1,4,0,6,0,0,0,0.242,0.342,0.242,0.584,0.094,66.6,6300
최지훈,24 CF,-0.297,119,113,989.2,249,237,5,7,97.2,2.2,-2.9,1.1,-1.45,,,,,,-3.25,-3.74,0.0,-3.25,-0.297,145874,1.76,125,2.03,-0.27,543,537,483,89,133,22,7,11,202,49,32,5,50,2,0,71,5,6,2,0.275,0.345,0.418,0.763,0.128,92.2,25000
전의산,24 1B,-0.369,22,14,114.0,102,91,9,2,98.0,7.89,-2.4,,-0.44,,-0.26,,,,-3.1,-13.14,-0.94,-4.04,-0.283,146994,-1.35,34,-1.09,-0.26,63,63,57,3,5,0,0,1,8,3,0,1,5,0,0,15,3,0,1,0.088,0.159,0.14,0.299,-0.051,-37.6,8000
이로운,24 P,,58,0,56.0,4,1,3,0,100.0,0.64,,,,,,,,,0.0,0.0,,,0.0,154614,0.0,3,0.0,0.0,0,0,0,0,0,0,0,0,0,0,0,0,0,0,0,0,0,0,0,,,,,,,7400
조병현,24 P,,74,0,73.0,10,6,2,2,80.0,0.99,,,,,,,,,0.0,0.0,,,0.0,148054,0.0,3,0.0,0.0,0,0,0,0,0,0,0,0,0,0,0,0,0,0,0,0,0,0,0,,,,,,,3000
한두솔,24 P,,64,0,59.1,8,2,5,1,87.5,1.06,,,,,,,,,0.0,0.0,,,0.0,132284,0.0,1,0.0,0.0,0,0,0,0,0,0,0,0,0,0,0,0,0,0,0,0,0,0,0,,,,,,,3200
박민호,24 P,,19,0,22.2,1,0,1,0,100.0,0.4,,,,,,,,,0.0,0.0,,,0.0,112364,0.0,1,0.0,0.0,0,0,0,0,0,0,0,0,0,0,0,0,0,0,0,0,0,0,0,,,,,,,6000
김주원,24 SS,1.722,132,115,1023.2,501,196,287,18,96.4,4.25,9.13,,0.05,0.26,,,,,9.43,10.13,9.42,18.85,0.861,147655,3.75,134,3.07,0.68,475,466,385,61,97,18,2,9,146,49,16,6,51,25,1,111,5,9,5,0.252,0.371,0.379,0.75,0.143,108.4,16000
박민우,24 2B,1.023,98,95,779.1,402,186,210,6,98.5,4.57,4.88,,1.7,0.31,,,,,6.89,8.2,4.31,11.2,0.629,111375,4.7,121,4.11,0.58,528,520,457,75,150,26,2,8,204,50,32,7,54,9,4,79,5,4,4,0.328,0.406,0.446,0.852,0.172,129.6,100000
김형준,24 C,0.967,116,104,870.1,832,761,59,12,98.6,8.48,0.42,,-2.88,,-0.04,1.15,3.15,,0.86,1.04,9.72,10.58,0.079,130815,0.42,119,0.31,0.11,414,407,354,39,69,12,0,17,132,50,0,0,45,2,0,144,6,7,6,0.195,0.285,0.373,0.658,0.086,64.9,5800
송승환,24 RF,0.139,2,1,9.0,5,5,0,0,100.0,5.0,1.51,0.01,0.03,,,,,,1.55,74.33,-0.03,1.52,0.141,141725,0.09,3,-0.05,0.14,5,5,5,1,1,0,0,0,1,0,0,0,0,0,0,1,0,0,0,0.2,0.2,0.2,0.4,-0.022,-16.6,3500
박세혁,24 C,0.134,71,36,357.1,311,290,18,3,99.0,7.76,0.41,,-0.22,,0.16,-0.95,-2.27,,-2.18,-3.84,3.65,1.46,-0.2,108915,0.48,82,0.69,-0.21,171,166,148,21,39,9,0,1,51,10,4,0,14,3,0,43,3,5,1,0.264,0.337,0.345,0.682,0.108,82.4,70000
오영수,24 1B,0.093,10,6,49.2,53,49,4,0,100.0,9.6,1.21,,0.25,,,,,,1.46,10.51,-0.44,1.02,0.133,130825,0.08,20,-0.04,0.12,34,34,30,4,6,0,0,3,15,5,0,0,2,1,0,6,0,0,1,0.2,0.265,0.5,0.765,0.108,80.8,7200
신용석,24 C,0.006,1,0,3.0,4,4,0,0,100.0,12.0,,,0.01,,,,0.04,,0.04,2.64,0.02,0.06,0.003,154525,-0.06,2,-0.07,0.0,2,2,2,0,0,0,0,0,0,0,0,0,0,0,0,0,1,0,0,0.0,0.0,0.0,0.0,-0.19,-136.9,3000
안중열,24 C,-0.015,9,4,45.0,42,39,3,0,100.0,8.4,0.0,,0.16,,,-0.2,-0.92,,-0.69,-9.89,0.53,-0.16,-0.063,113295,0.23,10,0.29,-0.06,25,25,21,5,6,1,0,2,13,4,0,0,3,0,0,7,0,0,1,0.286,0.36,0.619,0.979,0.187,138.4,7100
박한결,24 LF,-0.259,21,13,110.1,21,20,0,1,95.2,1.63,-1.96,0.01,-0.38,,,,,,-2.32,-11.93,-0.52,-2.84,-0.212,154515,-0.28,28,-0.07,-0.21,71,71,65,8,12,1,0,7,34,14,0,0,6,0,0,29,1,0,0,0.185,0.254,0.523,0.777,0.11,84.6,3100
데이비슨,24 1B,-1.16,109,109,890.1,813,733,69,11,98.6,8.11,-2.26,,-1.12,,0.08,,,,-3.29,-3.62,-9.4,-12.69,-0.301,160665,3.98,131,4.26,-0.28,567,565,504,90,154,25,1,46,319,119,0,1,39,17,5,142,12,0,7,0.306,0.37,0.633,1.003,0.203,153.9,56000
김범준,24 LF,,2,0,3.0,0,0,0,0,0.0,0.0,-0.03,,0.0,,,,,,-0.03,-0.78,,,-0.002,142225,-0.15,5,-0.15,0.0,5,5,5,0,0,0,0,0,0,0,0,0,0,0,0,2,1,0,0,0.0,0.0,0.0,0.0,-0.19,-142.8,3000
류진욱,24 P,,49,0,42.1,12,6,5,1,91.7,2.34,,,,,,,,,0.0,0.0,,,0.0,113555,0.0,1,0.0,0.0,0,0,0,0,0,0,0,0,0,0,0,0,0,0,0,0,0,0,0,,,,,,,16500
한재승,24 P,,49,0,45.1,8,2,5,1,87.5,1.39,,,,,,,,,0.0,0.0,,,0.0,147645,0.0,1,0.0,0.0,0,0,0,0,0,0,0,0,0,0,0,0,0,0,0,0,0,0,0,,,,,,,3400
송명기,24 P,,32,0,38.1,1,0,1,0,100.0,0.23,,,,,,,,,0.0,0.0,,,0.0,141555,0.0,1,0.0,0.0,0,0,0,0,0,0,0,0,0,0,0,0,0,0,0,0,0,0,0,,,,,,,13500
김재열,24 P,,68,0,68.2,10,3,5,2,80.0,1.05,,,,,,,,,0.0,0.0,,,0.0,147475,0.0,1,0.0,0.0,0,0,0,0,0,0,0,0,0,0,0,0,0,0,0,0,0,0,0,,,,,,,6000
김영규,24 P,,42,0,45.2,11,2,8,1,90.9,1.97,,,,,,,,,0.0,,,,0.0,130885,0.0,0,0.0,0.0,0,0,0,0,0,0,0,0,0,0,0,0,0,0,0,0,0,0,0,,,,,,,22500
김기연,24 C,0.895,84,61,579.0,501,474,25,2,99.6,7.76,-0.24,,1.09,,-0.26,1.28,2.43,,3.56,5.4,6.24,9.8,0.325,125491,1.16,95,0.85,0.31,283,279,252,31,70,10,0,5,95,31,0,2,22,2,0,47,5,4,3,0.278,0.337,0.377,0.714,0.113,86.7,4000
양의지,24 C,0.517,76,74,608.1,579,551,24,4,99.3,8.51,0.03,,0.19,,-0.17,-0.93,-1.5,,-1.93,-2.33,7.58,5.66,-0.176,101651,3.21,119,3.4,-0.19,485,482,430,57,135,18,1,17,206,94,2,1,40,9,5,56,13,0,6,0.314,0.379,0.479,0.858,0.164,125.3,50000
정수빈,24 CF,0.471,133,131,1114.0,319,313,5,1,99.7,2.57,2.03,1.31,1.82,,,,,,5.15,5.46,0.0,5.15,0.471,101951,2.97,136,2.52,0.45,608,598,510,95,145,21,3,4,184,47,52,13,71,9,1,72,8,10,8,0.284,0.376,0.361,0.737,0.131,100.2,60000
허경민,24 3B,0.334,110,109,883.0,225,77,143,5,97.8,2.24,-0.33,,3.55,0.48,-0.05,,,,3.66,4.58,0.0,3.66,0.334,101841,3.2,115,2.99,0.21,477,477,417,69,129,28,0,7,178,61,5,1,36,18,0,25,8,0,6,0.309,0.384,0.427,0.811,0.16,122.0,60000
임종성,24 3B,0.046,1,1,9.0,2,0,2,0,100.0,2.0,0.44,,0.06,,,,,,0.5,72.24,0.0,0.5,0.046,160691,-0.01,1,-0.06,0.04,4,4,3,0,0,0,0,0,0,0,0,0,1,0,0,1,0,0,0,0.0,0.25,0.0,0.25,-0.008,-6.5,3000
안승한,24 C,0.025,2,1,9.1,7,7,0,0,100.0,6.75,0.0,,0.03,,,-0.14,0.45,,0.2,7.37,0.07,0.28,0.019,113281,-0.03,4,-0.05,0.02,5,5,5,0,1,0,0,0,1,0,0,0,0,0,0,1,0,0,0,0.2,0.2,0.2,0.4,-0.022,-17.2,5500
장승현,24 C,0.015,9,7,58.0,59,57,2,0,100.0,9.16,-0.24,,0.21,,0.05,-0.21,-0.27,,-0.38,-6.16,0.55,0.17,-0.035,110971,-0.1,9,-0.07,-0.04,23,22,20,1,4,2,0,0,6,0,0,1,2,0,0,5,0,1,0,0.2,0.273,0.3,0.573,0.061,43.3,6000
장규빈,24 C,0.009,3,0,7.0,9,8,1,0,100.0,11.57,-0.09,,0.03,,,,0.13,,0.02,1.11,0.07,0.1,0.002,145701,-0.02,3,-0.02,0.0,4,4,4,1,1,0,0,0,1,0,0,0,0,0,0,1,0,0,0,0.25,0.25,0.25,0.5,0.02,15.1,3000
류현준,24 C,0.007,1,0,3.0,4,3,1,0,100.0,12.0,0.0,,0.01,,,,0.07,,0.06,4.18,0.02,0.08,0.005,160761,0.12,2,0.11,0.01,3,3,3,0,2,1,0,0,3,1,0,0,0,0,0,0,0,0,0,0.667,0.667,1.0,1.667,0.487,380.3,3000
여동건,24 2B,0.006,5,2,21.0,13,5,8,0,100.0,5.57,0.14,,0.13,-0.29,,,,,-0.02,-0.4,0.09,0.07,-0.002,160681,-0.03,9,-0.02,-0.01,11,11,10,2,4,0,0,0,4,0,3,0,1,0,0,2,0,0,0,0.4,0.455,0.4,0.855,0.181,140.6,3000
권휘,24 P,0.0,8,0,9.0,3,1,1,1,66.7,2.0,,,,,,,,,0.0,0.0,0.0,0.0,0.0,136651,-0.03,1,-0.03,0.0,1,1,1,0,0,0,0,0,0,0,0,0,0,0,0,1,0,0,0,0.0,0.0,0.0,0.0,-0.19,-140.8,3000
박민준,24 C,-0.008,4,1,10.0,10,10,0,0,100.0,9.0,0.0,,0.04,,,,-0.28,,-0.16,-4.65,0.07,-0.09,-0.015,155151,-0.14,5,-0.12,-0.01,5,5,5,0,0,0,0,0,0,0,0,0,0,0,0,3,0,0,0,0.0,0.0,0.0,0.0,-0.19,-144.6,3000
윤준호,24 C,-0.056,3,0,9.0,5,5,0,0,100.0,5.0,0.0,,0.03,,,,-1.02,,-0.68,-32.69,0.07,-0.61,-0.062,155121,-0.08,3,-0.02,-0.06,4,4,4,1,1,0,0,0,1,1,0,0,0,0,0,1,0,0,0,0.25,0.25,0.25,0.5,0.02,15.3,3000
김재호,24 SS,-0.063,52,38,326.0,148,65,76,7,95.3,3.89,-3.93,,-0.62,0.89,,,,,-3.66,-9.26,2.98,-0.68,-0.335,101741,0.68,57,0.99,-0.31,154,147,126,20,38,5,0,1,46,11,0,0,19,1,0,23,4,7,1,0.302,0.395,0.365,0.76,0.144,112.2,30000
김재환,24 LF,-0.437,45,43,335.1,71,71,0,0,100.0,1.91,-3.11,-0.27,0.38,,,,,,-3.0,-3.18,-1.78,-4.78,-0.274,106431,3.09,136,3.37,-0.28,552,549,474,78,134,28,0,29,249,92,1,1,63,6,3,168,8,0,9,0.283,0.368,0.525,0.893,0.173,132.0,150000
라모스,24 RF,-0.49,79,79,654.2,131,123,4,4,96.9,1.75,-1.65,-0.24,-0.03,,,,,,-1.92,-3.46,-3.44,-5.36,-0.175,150001,1.68,80,1.9,-0.22,348,346,311,43,95,19,3,10,150,48,3,3,27,3,1,60,5,1,6,0.305,0.36,0.482,0.842,0.154,119.6,55000
양석환,24 1B,-0.711,131,130,1118.0,1038,943,85,10,99.0,8.28,2.55,,0.51,,0.21,,,,3.27,3.32,-11.06,-7.79,0.299,112131,2.17,142,1.79,0.37,593,592,533,83,131,25,1,34,260,107,5,3,49,7,1,128,15,1,3,0.246,0.316,0.488,0.804,0.136,104.5,30000
김강률,24 P,,52,0,42.0,9,4,5,0,100.0,1.93,,,,,,,,,0.0,0.0,,,0.0,106901,0.0,1,0.0,0.0,0,0,0,0,0,0,0,0,0,0,0,0,0,0,0,0,0,0,0,,,,,,,15000
박치국,24 P,,50,0,48.0,10,1,8,1,90.0,1.69,,,,,,,,,0.0,0.0,,,0.0,128501,0.0,3,0.0,0.0,0,0,0,0,0,0,0,0,0,0,0,0,0,0,0,0,0,0,0,,,,,,,13000
정철원,24 P,,33,0,32.1,2,0,2,0,100.0,0.56,,,,,,,,,0.0,0.0,,,0.0,130711,0.0,2,0.0,0.0,0,0,0,0,0,0,0,0,0,0,0,0,0,0,0,0,0,0,0,,,,,,,16500
오명진,24 2B,,1,0,1.0,0,0,0,0,0.0,0.0,-0.28,,0.01,,,,,,-0.27,-19.42,,,-0.025,147371,-0.01,2,0.01,-0.02,2,2,1,0,0,0,0,0,0,1,0,0,1,0,0,1,0,0,0,0.0,0.5,0.0,0.5,0.173,130.2,3100
이교훈,24 P,,32,0,35.1,7,5,2,0,100.0,1.78,,,,,,,,,0.0,0.0,,,0.0,141731,0.0,4,0.0,0.0,0,0,0,0,0,0,0,0,0,0,0,0,0,0,0,0,0,0,0,,,,,,,3300
김동주,24 P,,14,9,50.0,5,2,3,0,100.0,0.9,,,,,,,,,0.0,0.0,,,0.0,147691,0.0,1,0.0,0.0,0,0,0,0,0,0,0,0,0,0,0,0,0,0,0,0,0,0,0,,,,,,,5500
이영하,24 P,,56,1,65.1,12,4,6,2,83.3,1.38,,,,,,,,,0.0,0.0,,,0.0,125681,0.0,2,0.0,0.0,0,0,0,0,0,0,0,0,0,0,0,0,0,0,0,0,0,0,0,,,,,,,10000
김호준,24 P,,15,1,13.1,2,0,2,0,100.0,1.35,,,,,,,,,0.0,0.0,,,0.0,132681,0.0,2,0.0,0.0,0,0,0,0,0,0,0,0,0,0,0,0,0,0,0,0,0,0,0,,,,,,,3100
이병헌,24 P,,76,0,65.1,16,2,13,1,93.8,2.07,,,,,,,,,0.0,0.0,,,0.0,150991,0.0,1,0.0,0.0,0,0,0,0,0,0,0,0,0,0,0,0,0,0,0,0,0,0,0,,,,,,,3600
홍건희,24 P,,64,0,59.1,14,1,12,1,92.9,1.97,,,,,,,,,0.0,0.0,,,0.0,106961,0.0,4,0.0,0.0,0,0,0,0,0,0,0,0,0,0,0,0,0,0,0,0,0,0,0,,,,,,,30000
김민규,24 P,,12,4,25.0,0,0,0,0,0.0,0.0,,,,,,,,,0.0,0.0,,,0.0,130721,0.0,1,0.0,0.0,0,0,0,0,0,0,0,0,0,0,0,0,0,0,0,0,0,0,0,,,,,,,5000
박정수,24 P,,28,1,29.2,3,0,2,1,66.7,0.61,,,,,,,,,0.0,0.0,,,0.0,113001,0.0,1,0.0,0.0,0,0,0,0,0,0,0,0,0,0,0,0,0,0,0,0,0,0,0,,,,,,,5500
최승용,24 P,,12,6,27.0,4,0,4,0,100.0,1.33,,,,,,,,,0.0,0.0,,,0.0,147701,0.0,1,0.0,0.0,0,0,0,0,0,0,0,0,0,0,0,0,0,0,0,0,0,0,0,,,,,,,10200
김명신,24 P,,32,0,32.2,5,2,3,0,100.0,1.38,,,,,,,,,0.0,0.0,,,0.0,128471,0.0,3,0.0,0.0,0,0,0,0,0,0,0,0,0,0,0,0,0,0,0,0,0,0,0,,,,,,,22500
김민혁,24 1B,,1,0,1.0,0,0,0,0,0.0,0.0,0.0,,0.0,,,,,,0.0,0.12,,,0.0,129701,0.19,5,0.19,0.0,8,8,5,1,1,0,0,1,4,2,0,0,3,0,0,3,0,0,0,0.2,0.5,0.8,1.3,0.303,237.7,3800
최지강,24 P,,52,0,50.0,12,2,9,1,91.7,1.98,,,,,,,,,0.0,0.0,,,0.0,151271,0.0,1,0.0,0.0,0,0,0,0,0,0,0,0,0,0,0,0,0,0,0,0,0,0,0,,,,,,,3400
김택연,24 P,,60,0,65.0,7,1,6,0,100.0,0.97,,,,,,,,,0.0,0.0,,,0.0,160671,0.0,1,0.0,0.0,0,0,0,0,0,0,0,0,0,0,0,0,0,0,0,0,0,0,0,,,,,,,3000
김혜성,24 2B,1.142,119,118,1015.0,616,258,342,16,97.4,5.32,8.6,,-1.9,0.48,,,,,7.18,8.15,5.32,12.5,0.656,129057,5.16,127,4.47,0.69,567,565,509,90,166,26,4,11,233,75,30,6,47,4,2,62,6,0,7,0.326,0.383,0.458,0.841,0.16,124.1,65000
김재현,24 C,0.787,109,85,758.1,682,627,48,7,99.0,8.01,-1.18,,-0.78,,-0.12,2.21,0.98,,0.81,1.06,7.8,8.61,0.074,108707,-0.07,110,-0.18,0.1,326,316,288,27,70,11,0,0,81,26,1,1,14,10,0,63,8,10,4,0.243,0.297,0.281,0.578,0.067,52.1,5500
김건희,24 C,0.296,66,49,431.2,295,267,24,4,98.6,6.07,-0.32,,-0.45,,-0.37,-1.12,0.91,,-1.63,-2.83,4.87,3.24,-0.149,154727,0.22,83,0.37,-0.16,283,283,261,27,67,15,0,9,109,38,0,0,18,0,0,82,7,0,4,0.257,0.3,0.418,0.718,0.103,79.2,3200
김시앙,24 C,0.034,6,2,19.1,20,20,0,0,100.0,9.31,-0.09,,0.07,,,,0.32,,0.2,4.86,0.17,0.37,0.019,148517,-0.07,6,-0.09,0.02,7,7,7,1,1,0,0,0,1,0,0,0,0,0,0,1,0,0,0,0.143,0.143,0.143,0.286,-0.07,-52.9,3600
이형종,24 RF,-0.007,29,26,218.2,60,59,0,1,98.3,2.43,0.87,-0.05,0.16,,,,,,0.98,4.03,-1.06,-0.08,0.09,125167,0.36,35,0.28,0.08,126,125,102,19,22,3,0,4,37,19,1,0,22,1,1,27,1,1,0,0.216,0.36,0.363,0.723,0.128,100.7,68000
송지후,24 2B,-0.012,1,0,3.0,0,0,0,0,0.0,0.0,-0.16,,0.02,,,,,,-0.14,-10.1,0.01,-0.13,-0.013,161307,-0.05,2,-0.03,-0.01,1,1,1,1,0,0,0,0,0,0,0,0,0,0,0,0,0,0,0,0.0,0.0,0.0,0.0,-0.19,-151.2,3000
박성빈,24 C,-0.047,12,4,37.0,27,24,2,1,96.3,6.32,0.0,,-0.37,,,-0.12,-0.38,,-0.76,-9.08,0.24,-0.52,-0.069,154797,-0.02,12,0.05,-0.07,11,11,9,1,2,1,0,0,3,2,0,0,1,1,0,2,0,0,0,0.222,0.364,0.333,0.697,0.137,110.5,3000
박준형,24 C,-0.094,4,2,12.1,7,7,0,0,100.0,5.11,0.0,,0.04,,,-0.24,-1.36,,-1.15,-41.35,0.12,-1.03,-0.105,142117,-0.22,4,-0.12,-0.11,5,5,5,0,0,0,0,0,0,0,0,0,0,0,0,3,0,0,0,0.0,0.0,0.0,0.0,-0.19,-154.2,3000
김동헌,24 C,-0.123,2,2,14.0,11,10,0,1,90.9,6.43,0.0,,-0.45,,,-0.73,-0.47,,-1.51,-109.07,0.17,-1.35,-0.138,154737,-0.1,2,0.04,-0.14,7,7,5,0,1,0,0,0,1,1,0,0,1,1,0,0,0,0,0,0.2,0.429,0.2,0.629,0.153,115.9,4000
이원석,24 1B,-0.254,12,12,87.0,91,85,4,2,97.8,9.21,-1.45,,-0.57,,,,,,-2.02,-7.46,-0.76,-2.78,-0.185,101807,-0.53,39,-0.33,-0.2,109,109,91,5,20,4,0,0,24,8,0,0,14,2,0,18,2,0,2,0.22,0.33,0.264,0.594,0.085,66.4,40000
이재상,24 SS,-0.344,35,28,221.0,98,44,50,4,95.9,3.83,-3.25,,-0.05,-2.19,,,,,-5.49,-21.96,1.72,-3.77,-0.501,161247,-1.04,36,-0.55,-0.49,89,88,84,7,16,1,0,1,20,5,0,0,2,2,0,33,0,1,0,0.19,0.227,0.238,0.465,0.013,9.9,3000
최주환,24 1B,-0.499,122,116,1027.2,972,906,60,6,99.4,8.46,2.39,,2.07,,0.29,,,,4.75,5.26,-10.22,-5.47,0.434,101827,-0.03,130,-0.32,0.3,544,544,482,49,124,23,1,13,188,84,0,1,47,6,2,92,12,0,9,0.257,0.325,0.39,0.715,0.111,86.1,65000
김윤하,24 P,,18,12,79.0,12,2,9,1,91.7,1.25,,,,,,,,,0.0,0.0,,,0.0,161237,0.0,1,0.0,0.0,0,0,0,0,0,0,0,0,0,0,0,0,0,0,0,0,0,0,0,,,,,,,3000
김선기,24 P,,41,6,76.1,11,0,11,0,100.0,1.3,,,,,,,,,0.0,0.0,,,0.0,130927,0.0,1,0.0,0.0,0,0,0,0,0,0,0,0,0,0,0,0,0,0,0,0,0,0,0,,,,,,,7000
문성현,24 P,,39,0,38.1,3,2,1,0,100.0,0.7,,,,,,,,,0.0,0.0,,,0.0,104377,0.0,1,0.0,0.0,0,0,0,0,0,0,0,0,0,0,0,0,0,0,0,0,0,0,0,,,,,,,7500
오석주,24 P,,16,0,17.0,2,0,2,0,100.0,1.06,,,,,,,,,0.0,,,,0.0,128607,0.0,0,0.0,0.0,0,0,0,0,0,0,0,0,0,0,0,0,0,0,0,0,0,0,0,,,,,,,4000
윤정현,24 P,,2,0,3.0,0,0,0,0,0.0,0.0,,,,,,,,,0.0,0.0,,,0.0,141317,0.0,1,0.0,0.0,0,0,0,0,0,0,0,0,0,0,0,0,0,0,0,0,0,0,0,,,,,,,4000
김동욱,24 P,,37,0,36.0,5,2,3,0,100.0,1.25,,,,,,,,,0.0,0.0,,,0.0,146817,0.0,1,0.0,0.0,0,0,0,0,0,0,0,0,0,0,0,0,0,0,0,0,0,0,0,,,,,,,3000
양지율,24 P,,20,0,18.2,0,0,0,0,0.0,0.0,,,,,,,,,0.0,0.0,,,0.0,128547,0.0,1,0.0,0.0,0,0,0,0,0,0,0,0,0,0,0,0,0,0,0,0,0,0,0,,,,,,,3000
박범준,24 P,,5,0,5.1,0,0,0,0,0.0,0.0,,,,,,,,,0.0,0.0,,,0.0,161337,0.0,1,0.0,0.0,0,0,0,0,0,0,0,0,0,0,0,0,0,0,0,0,0,0,0,,,,,,,3000
신준우,24 SS,,1,0,1.0,0,0,0,0,0.0,0.0,0.0,,0.01,,,,,,0.01,1.15,,,0.001,146957,0.0,1,0.0,0.0,0,0,0,0,0,0,0,0,0,0,0,0,0,0,0,0,0,0,0,,,,,,,4200
김연주,24 P,,33,0,31.1,6,2,4,0,100.0,1.72,,,,,,,,,0.0,0.0,,,0.0,161277,0.0,4,0.0,0.0,0,0,0,0,0,0,0,0,0,0,0,0,0,0,0,0,0,0,0,,,,,,,3000
원종현,24 P,,4,0,3.2,0,0,0,0,0.0,0.0,,,,,,,,,0.0,0.0,,,0.0,111617,0.0,1,0.0,0.0,0,0,0,0,0,0,0,0,0,0,0,0,0,0,0,0,0,0,0,,,,,,,50000
김재웅,24 P,,26,0,23.2,5,0,5,0,100.0,1.9,,,,,,,,,0.0,0.0,,,0.0,128587,0.0,2,0.0,0.0,0,0,0,0,0,0,0,0,0,0,0,0,0,0,0,0,0,0,0,,,,,,,19000
주승우,24 P,,55,0,51.2,13,3,10,0,100.0,2.26,,,,,,,,,0.0,0.0,,,0.0,150677,0.0,5,0.0,0.0,0,0,0,0,0,0,0,0,0,0,0,0,0,0,0,0,0,0,0,,,,,,,3200
이영빈,24 1B,-0.041,29,15,138.0,91,73,17,1,0.989,5.87,0.65,-0.29,0.22,-0.17,0.0,,0.0,0.0,-0.25,-1.241,-0.194,-0.444,-0.023,147836,-0.18,31,-0.13,-0.05,71,69,63,11,14,2,0,2,22,12,0,1,4,0,0,20,0,2,2,0.222,0.261,0.349,0.61,0.059,45.5,5500
이유찬,24 2B,0.394,110,62,567.0,221,97,121,3,0.986,3.46,2.06,-0.63,1.74,0.36,0.0,,0.0,0.0,4.02,5.263,0.293,4.313,0.367,128941,1.01,103,0.67,0.33,262,255,231,39,64,11,0,3,84,23,16,6,22,1,0,51,9,7,1,0.277,0.341,0.364,0.705,0.115,87.9,8500
김태진,24 SS,0.964,78,37,416.0,201,82,115,4,0.98,4.262,6.27,-0.01,1.3,0.81,0.0,,0.0,0.0,8.38,15.471,2.173,10.553,0.766,112447,-0.04,81,-0.77,0.73,202,197,189,26,42,6,3,0,54,10,0,0,7,0,1,27,1,5,1,0.222,0.249,0.286,0.535,0.035,27.5,11000
오태곤,24 1B,-0.16,127,58,634.0,501,458,39,4,0.992,7.055,-1.09,1.1,0.71,0.0,0.0,,0.0,0.0,1.04,1.179,-2.788,-1.748,0.095,102494,1.29,117,1.19,0.09,288,281,247,43,68,16,0,9,111,36,27,4,31,1,2,73,4,6,3,0.275,0.355,0.449,0.804,0.143,102.4,25000
권광민,24 LF,0.067,13,9,80.0,28,28,0,0,1.0,3.15,0.55,0.33,0.12,0.0,0.0,,0.0,0.0,0.99,10.966,-0.259,0.731,0.09,136769,0.4,19,0.31,0.09,51,51,48,10,13,3,0,4,28,9,0,0,3,0,0,17,0,0,0,0.271,0.314,0.583,0.897,0.16,119.1,3300
김민수,24 3B,-0.14,20,4,57.0,35,21,12,2,0.943,5.211,-2.07,0.0,-0.62,1.1,0.0,,0.0,0.0,-1.52,-10.944,-0.012,-1.532,-0.139,129316,-0.33,19,-0.22,-0.11,22,22,20,1,3,0,0,0,3,0,0,0,1,1,0,4,1,0,0,0.15,0.227,0.15,0.377,-0.004,-3.4,6000
전민재,24 SS,0.321,115,65,627.0,290,123,159,8,0.972,4.048,2.28,0.0,0.99,-1.85,0.0,,0.0,0.0,1.49,1.866,2.018,3.508,0.136,130731,-0.32,100,-0.39,0.07,276,272,248,34,61,5,1,2,74,32,7,3,17,4,1,53,8,4,3,0.246,0.301,0.298,0.599,0.071,54.5,3400
박계범,24 2B,-0.513,27,3,59.0,26,6,17,3,0.885,3.508,-4.28,0.0,-1.08,-0.28,0.0,,0.0,0.0,-5.66,-30.187,0.042,-5.618,-0.517,111981,-0.33,24,0.11,-0.44,20,20,15,5,3,1,0,0,4,0,1,0,5,0,0,7,2,0,0,0.2,0.4,0.267,0.667,0.135,102.1,8500
홍종표,24 2B,-0.329,98,16,302.0,148,51,92,5,0.966,4.262,-4.95,0.0,-0.42,1.23,0.0,,0.0,0.0,-4.05,-5.951,0.45,-3.6,-0.37,146120,0.16,100,0.48,-0.32,115,112,105,27,31,4,3,0,41,11,5,2,6,1,0,31,0,3,0,0.295,0.339,0.39,0.729,0.12,89.0,3500
도태훈,24 1B,0.314,104,31,398.0,299,207,89,3,0.99,6.693,4.44,0.0,0.71,-0.95,0.0,,0.0,0.0,4.27,5.912,-0.833,3.437,0.39,125605,0.06,100,-0.24,0.3,181,177,145,20,31,4,0,0,35,15,1,0,24,6,0,29,5,4,2,0.214,0.345,0.241,0.586,0.092,69.3,8000
김선빈,24 2B,-0.121,120,112,892.0,505,209,286,10,0.98,4.994,-4.86,0.0,0.38,-1.27,0.0,,0.0,0.0,-5.75,-6.9,4.428,-1.322,-0.525,100080,2.38,116,2.98,-0.6,466,458,423,48,139,23,0,9,189,57,5,1,30,5,0,39,13,7,0,0.329,0.38,0.447,0.827,0.156,117.4,60000
김규성,24 1B,-0.231,26,2,56.0,36,22,11,3,0.917,5.304,-0.44,0.0,-1.11,-0.99,0.0,,0.0,0.0,-2.54,-14.068,0.014,-2.526,-0.232,125400,-0.19,27,0.05,-0.25,15,14,12,5,3,1,0,0,4,2,1,0,2,0,0,4,0,1,0,0.25,0.357,0.333,0.69,0.119,88.3,5500
이주찬,24 3B,-0.4,15,5,54.0,23,7,12,4,0.826,3.167,-2.29,0.0,-1.63,-0.46,0.0,,0.0,0.0,-4.38,-42.048,0.003,-4.377,-0.4,148192,-0.43,17,-0.11,-0.32,25,25,24,7,4,1,0,1,8,2,0,0,1,0,0,9,1,0,0,0.167,0.2,0.333,0.533,0.025,17.0,3100
김재혁,24 CF,0.039,31,9,104.0,47,42,4,1,0.979,3.981,1.03,-0.37,-0.19,0.0,0.0,,0.0,0.0,0.52,2.415,-0.09,0.43,0.048,150363,-0.49,35,-0.53,0.04,54,54,49,6,9,2,1,0,13,6,2,2,3,0,0,19,2,0,2,0.184,0.222,0.265,0.487,0.017,11.6,3000
김호진,24 3B,0.101,24,7,80.0,18,6,12,0,1.0,2.025,0.04,0.0,0.59,0.32,0.0,,0.0,0.0,1.03,6.18,0.07,1.1,0.094,158683,-0.4,26,-0.47,0.07,32,32,29,4,2,0,0,0,2,3,0,0,1,1,0,11,1,0,1,0.069,0.125,0.069,0.194,-0.088,-60.7,3000
신윤후,24 RF,0.391,33,6,103.0,33,28,5,0,1.0,2.883,1.97,2.21,0.3,0.0,0.0,,0.0,0.0,4.49,19.593,-0.206,4.284,0.41,141692,0.12,39,-0.29,0.41,35,34,31,5,5,0,0,0,5,1,0,0,1,2,0,8,1,1,0,0.161,0.235,0.161,0.396,0.004,2.9,5200
이성규,24 RF,-0.013,127,77,690.0,319,301,12,6,0.981,4.083,2.81,-1.07,-0.77,0.0,0.0,,0.0,0.0,0.97,1.1,-1.111,-0.141,0.089,125623,1.11,122,1.02,0.08,355,351,302,56,73,10,1,22,151,57,9,2,31,15,0,109,5,4,3,0.242,0.339,0.5,0.839,0.149,106.1,6000
천성호,24 2B,-0.174,66,53,449.0,206,81,121,4,0.981,4.049,-4.56,0.23,0.55,0.0,0.0,,0.0,0.0,-3.72,-8.116,1.81,-1.91,-0.34,146068,0.3,75,0.63,-0.33,255,254,234,41,69,8,3,1,86,17,7,0,18,1,0,43,5,1,1,0.295,0.346,0.368,0.714,0.116,84.6,4500
강한울,24 3B,0.027,21,3,70.0,27,6,20,1,0.963,3.343,0.36,0.0,-0.04,-0.04,0.0,,0.0,0.0,0.27,1.851,0.03,0.3,0.025,112553,-0.47,18,-0.47,0.01,25,22,21,1,2,0,0,0,2,1,0,0,0,0,0,6,1,3,1,0.095,0.091,0.095,0.186,-0.114,-81.5,10000
정훈,24 1B,-0.142,54,40,347.0,305,265,37,3,0.99,7.833,0.31,0.0,0.34,-0.45,0.0,,0.0,0.0,0.23,0.613,-1.781,-1.551,0.021,102532,0.76,109,0.76,0.0,325,324,285,31,76,20,0,9,123,47,1,1,35,0,0,63,3,1,4,0.267,0.343,0.432,0.775,0.133,94.9,30000
박정우,24 CF,0.32,74,9,187.0,57,52,2,3,0.947,2.599,5.09,-0.4,-1.14,0.0,0.0,,0.0,0.0,3.56,6.928,-0.054,3.506,0.325,128690,0.42,66,0.05,0.37,69,69,65,17,20,3,1,0,25,11,0,1,4,0,0,14,3,0,0,0.308,0.348,0.385,0.733,0.121,89.2,3800
고승민,24 2B,0.421,129,114,970.0,534,243,278,13,0.976,4.834,2.37,0.3,-1.2,-0.43,0.0,,0.0,0.0,1.05,1.172,3.562,4.612,0.096,141602,3.08,120,2.96,0.12,532,531,481,79,148,27,6,14,229,87,5,4,41,1,0,78,10,1,8,0.308,0.358,0.476,0.834,0.152,107.9,8000
김병휘,24 SS,-0.11,28,21,166.0,68,20,46,2,0.971,3.578,-2.92,0.0,0.42,0.27,0.0,,0.0,0.0,-2.22,-11.417,1.018,-1.202,-0.203,145777,-0.19,28,0.03,-0.21,71,70,59,6,10,3,0,1,16,3,0,0,6,5,0,26,0,1,0,0.169,0.3,0.271,0.571,0.081,61.7,3300
박주홍,24 LF,0.146,24,15,118.0,40,39,1,0,1.0,3.051,1.86,-0.15,0.19,0.0,0.0,,0.0,0.0,1.9,11.4,-0.3,1.6,0.174,145807,-0.27,25,-0.44,0.17,59,59,49,5,5,2,0,0,7,1,2,0,10,0,0,17,1,0,0,0.102,0.254,0.143,0.397,0.016,12.6,3600
페라자,24 LF,-0.375,95,82,668.0,164,149,6,9,0.945,2.088,1.47,-0.67,-3.17,0.0,0.0,,0.0,0.0,-2.36,-3.577,-1.746,-4.106,-0.216,161219,2.13,122,2.27,-0.14,522,518,455,75,125,24,0,24,221,70,7,5,63,2,5,129,6,0,2,0.275,0.364,0.486,0.85,0.158,116.7,60000
고영우,24 3B,-0.574,89,63,554.0,184,55,117,12,0.935,2.794,-3.92,0.0,-2.12,-0.33,0.0,,0.0,0.0,-6.41,-10.371,0.124,-6.286,-0.586,161287,-0.42,94,0.01,-0.43,290,286,254,21,65,12,2,0,81,35,0,0,28,1,0,71,5,4,3,0.256,0.329,0.319,0.648,0.094,73.5,3000
이용규,24 CF,-0.039,60,48,425.0,119,118,0,1,0.992,2.499,-0.25,-0.1,0.32,0.0,0.0,,0.0,0.0,-0.03,-0.072,-0.393,-0.423,-0.003,100357,1.42,60,1.43,-0.01,227,224,183,27,56,5,2,1,68,12,2,2,31,9,0,33,4,3,1,0.306,0.429,0.372,0.801,0.172,136.7,20000
원성준,24 CF,-0.115,24,14,126.0,36,33,2,1,0.972,2.5,-2.11,1.15,-0.23,0.0,0.0,,0.0,0.0,-1.18,-7.08,-0.079,-1.259,-0.108,161367,-0.22,51,-0.16,-0.07,125,124,112,12,28,5,0,2,39,11,2,0,10,0,0,36,2,1,2,0.25,0.306,0.348,0.654,0.087,67.3,3000
이주형,24 RF,0.154,107,91,776.0,217,210,4,3,0.986,2.482,2.41,0.07,0.51,0.0,0.0,,0.0,0.0,2.99,4.024,-1.301,1.689,0.273,145917,1.96,115,1.72,0.25,537,536,473,82,126,19,3,13,190,60,6,0,49,14,1,119,4,0,1,0.266,0.352,0.402,0.754,0.133,103.6,6600
송성문,24 3B,0.389,148,120,1072.0,431,232,189,10,0.977,3.535,2.77,0.0,1.94,-0.27,0.0,,0.0,0.0,4.48,4.359,-0.217,4.263,0.409,113767,6.13,142,5.83,0.29,602,601,527,88,179,29,4,19,273,104,21,0,64,3,2,82,5,0,8,0.34,0.409,0.518,0.927,0.191,148.9,13000
구본혁,24 3B,0.647,154,93,883.0,400,145,245,10,0.975,3.975,3.13,0.0,1.56,0.97,0.0,,0.0,0.0,5.6,5.236,1.487,7.087,0.512,141406,1.29,133,0.73,0.56,389,385,339,48,87,14,2,2,111,43,8,4,38,4,0,51,7,4,4,0.257,0.335,0.327,0.662,0.101,77.6,7000
정은원,24 LF,0.091,20,19,147.0,49,38,10,1,0.98,2.939,1.35,-0.45,-0.14,0.36,0.0,,0.0,0.0,1.12,8.064,-0.127,0.993,0.102,131379,0.06,27,-0.04,0.09,78,77,64,10,11,3,1,1,19,6,2,0,13,0,0,16,0,1,0,0.172,0.312,0.297,0.609,0.088,64.6,17800
문현빈,24 2B,-0.02,70,51,458.0,217,79,135,3,0.986,4.205,-2.99,0.0,1.36,0.14,0.0,,0.0,0.0,-1.48,-3.045,1.265,-0.215,-0.135,154229,0.5,103,0.63,-0.14,289,287,260,29,72,16,2,5,107,47,3,5,24,2,1,53,9,1,2,0.277,0.34,0.412,0.752,0.126,93.2,8000
김주형,24 SS,0.078,22,4,68.0,38,16,20,2,0.947,4.765,0.54,0.0,-0.43,0.45,0.0,,0.0,0.0,0.57,3.731,0.288,0.858,0.052,142147,-0.12,22,-0.19,0.07,25,24,20,0,3,0,0,0,3,2,0,1,1,3,0,9,0,1,0,0.15,0.292,0.15,0.442,0.05,37.3,4500
임병욱,24 CF,-0.084,33,22,190.0,43,42,0,1,0.977,1.989,-0.37,-0.4,-0.05,0.0,0.0,,0.0,0.0,-0.81,-3.535,-0.114,-0.924,-0.074,112267,-0.16,42,-0.13,-0.03,92,92,87,14,21,3,0,3,33,10,1,0,4,0,0,32,1,0,1,0.241,0.272,0.379,0.651,0.075,57.9,7000
장진혁,24 CF,0.021,107,76,696.0,179,177,1,1,0.994,2.302,-1.68,1.1,0.92,0.0,0.0,,0.0,0.0,0.33,0.444,-0.101,0.229,0.03,125839,0.58,99,0.57,0.0,327,322,289,56,76,16,0,9,119,44,14,6,29,3,0,72,6,5,1,0.263,0.335,0.412,0.747,0.125,91.6,5800
하주석,24 SS,-0.285,51,32,275.0,140,51,82,7,0.95,4.353,-3.42,0.0,-1.19,-0.32,0.0,,0.0,0.0,-4.86,-13.722,1.745,-3.115,-0.444,109139,0.25,64,0.7,-0.45,151,149,137,16,40,9,1,1,54,11,1,2,10,2,0,33,1,2,0,0.292,0.349,0.394,0.743,0.127,94.7,7000
최원영,24 LF,-0.006,50,8,132.0,30,28,0,2,0.933,1.909,1.43,-0.68,-0.74,0.0,0.0,,0.0,0.0,0.02,0.058,-0.08,-0.06,0.002,150846,0.17,57,0.17,0.0,41,41,37,18,10,2,0,1,15,5,6,4,1,3,0,7,0,0,0,0.27,0.341,0.405,0.746,0.134,102.6,3000
박수종,24 CF,0.105,85,33,360.0,124,120,0,4,0.968,3.0,2.23,0.37,-1.33,0.0,0.0,,0.0,0.0,1.25,2.118,-0.098,1.152,0.114,151327,0.05,80,-0.05,0.11,148,144,129,23,33,5,1,0,40,6,3,0,13,2,0,17,4,4,0,0.256,0.333,0.31,0.643,0.097,73.8,4000
안익훈,24 LF,0.38,33,9,130.0,35,35,0,0,1.0,2.423,4.13,0.07,0.19,0.0,0.0,,0.0,0.0,4.38,19.113,-0.224,4.156,0.4,113476,-0.02,37,-0.42,0.4,56,54,49,8,9,1,0,0,10,3,2,0,4,0,0,13,2,2,1,0.184,0.241,0.204,0.445,0.01,7.8,5500
김현종,24 CF,0.092,11,0,25.0,5,5,0,0,1.0,1.8,0.87,0.09,0.06,0.0,0.0,,0.0,0.0,1.02,13.353,-0.008,1.012,0.093,160136,0.06,17,-0.03,0.09,16,16,15,8,3,1,0,0,4,2,0,0,0,1,0,4,0,0,0,0.2,0.25,0.267,0.517,0.042,31.9,3000
제러드,24 RF,-0.552,35,31,270.0,64,61,2,1,0.984,2.1,-5.59,-0.37,0.59,0.0,0.0,,0.0,0.0,-5.36,-22.053,-0.684,-6.044,-0.49,161581,1.59,38,2.09,-0.5,169,169,144,29,47,16,1,10,95,39,4,0,21,3,0,35,0,0,1,0.326,0.42,0.66,1.08,0.241,183.7,30000
김태연,24 RF,-1.214,124,102,863.0,392,344,39,9,0.977,3.994,-8.7,-0.66,-1.22,-0.07,0.0,,0.0,0.0,-10.6,-12.31,-2.69,-13.29,-0.968,125859,0.61,126,1.43,-0.82,472,466,413,59,120,24,0,12,180,61,5,2,45,4,0,89,9,6,4,0.291,0.363,0.436,0.799,0.145,106.5,7800
문성주,24 LF,0.402,88,68,584.0,152,146,5,1,0.993,2.327,4.97,0.82,0.42,0.0,0.0,,0.0,0.0,6.22,10.178,-1.822,4.398,0.568,131126,2.41,96,1.85,0.56,361,360,305,47,96,16,2,0,116,48,13,7,49,3,0,38,4,1,3,0.315,0.411,0.38,0.791,0.158,120.8,20000
권희동,24 LF,-0.058,129,113,915.0,251,238,11,2,0.992,2.449,3.48,-0.36,0.16,0.0,0.0,,0.0,0.0,3.28,3.661,-3.917,-0.637,0.3,111725,3.77,123,3.48,0.29,511,509,416,66,125,22,1,13,188,77,4,0,77,10,1,63,10,2,6,0.3,0.417,0.452,0.869,0.182,137.9,15000
전다민,24 LF,-0.049,14,5,62.0,9,8,1,0,1.0,1.306,-0.02,-0.53,0.09,0.0,0.0,,0.0,0.0,-0.45,-4.629,-0.083,-0.533,-0.041,160721,0.3,25,0.34,-0.04,34,34,27,10,9,2,0,0,11,1,1,1,7,0,0,8,0,0,0,0.333,0.471,0.407,0.878,0.202,156.9,3000
김태근,24 LF,-0.207,33,5,94.0,23,23,0,0,1.0,2.202,-1.37,-0.97,0.16,0.0,0.0,,0.0,0.0,-2.17,-9.469,-0.092,-2.262,-0.198,141751,-0.7,43,-0.5,-0.2,27,26,23,7,2,0,0,0,2,1,0,1,0,3,0,10,0,1,0,0.087,0.192,0.087,0.279,-0.028,-21.7,3400
한석현,24 RF,-0.317,39,14,169.0,44,39,5,0,1.0,2.343,-4.66,1.01,0.42,0.0,0.0,,0.0,0.0,-3.22,-11.889,-0.25,-3.47,-0.294,132505,-0.52,40,-0.22,-0.3,76,76,73,10,18,4,1,0,24,3,2,1,2,1,0,22,2,0,0,0.247,0.276,0.329,0.605,0.067,50.3,3900
김한별,24 SS,-0.236,39,9,113.0,48,20,27,1,0.979,3.743,-3.25,0.0,0.42,-0.15,0.0,,0.0,0.0,-2.99,-11.04,0.406,-2.584,-0.273,147165,-0.07,40,0.24,-0.31,50,50,44,8,14,1,0,0,15,3,0,0,2,4,0,9,2,0,0,0.318,0.4,0.341,0.741,0.148,109.8,3800
홍성호,24 RF,0.031,7,0,12.0,5,5,0,0,1.0,3.75,0.31,0.0,0.04,0.0,0.0,,0.0,0.0,0.36,7.406,-0.023,0.337,0.033,126061,0.07,15,0.03,0.03,15,15,14,0,4,2,0,0,6,1,1,0,1,0,0,7,0,0,0,0.286,0.333,0.429,0.762,0.129,100.8,3300
김수윤,24 1B,-0.13,8,1,27.0,24,22,1,1,0.958,7.667,-0.99,0.0,-0.36,0.0,0.0,,0.0,0.0,-1.34,-24.12,-0.088,-1.428,-0.122,129035,-0.16,9,-0.07,-0.08,10,10,9,0,2,0,0,0,2,0,0,0,1,0,0,4,0,0,0,0.222,0.3,0.222,0.522,0.05,37.3,3200
김대한,24 RF,-0.042,59,18,221.0,55,54,0,1,0.982,2.199,-0.23,0.13,-0.01,0.0,0.0,,0.0,0.0,-0.11,-0.268,-0.35,-0.46,-0.01,141701,-0.69,61,-0.7,0.01,89,87,75,10,10,1,0,1,14,7,1,1,8,2,0,26,1,2,2,0.133,0.23,0.187,0.417,0.007,5.6,3700
최정원,24 CF,0.11,60,30,296.0,141,108,30,3,0.979,4.196,0.67,0.04,-0.47,0.77,0.0,,0.0,0.0,1.02,2.448,0.186,1.206,0.093,142215,0.62,65,0.55,0.06,155,154,131,33,37,5,0,1,45,14,7,3,17,4,0,34,1,1,2,0.282,0.377,0.344,0.721,0.131,99.0,6600
최항,24 2B,0.202,68,27,295.0,163,64,97,2,0.988,4.912,0.45,0.0,0.82,0.38,0.0,,0.0,0.0,1.64,3.473,0.576,2.216,0.15,108102,-0.31,72,-0.41,0.1,143,143,132,17,33,3,1,0,38,12,0,1,10,1,0,32,3,0,0,0.25,0.308,0.288,0.596,0.073,51.3,3100
조수행,24 LF,0.445,135,93,885.0,252,247,4,1,0.996,2.553,5.46,-0.29,1.14,0.0,0.0,,0.0,0.0,6.32,6.741,-1.445,4.875,0.577,125241,0.97,130,0.4,0.57,382,368,328,60,87,5,2,0,96,30,64,8,33,3,1,53,2,14,4,0.265,0.334,0.293,0.627,0.085,65.5,9500
이상혁,24 RF,-0.116,18,1,41.0,10,10,0,0,1.0,2.195,-0.64,-0.71,0.1,0.0,0.0,,0.0,0.0,-1.26,-10.08,-0.009,-1.269,-0.115,151399,-0.21,43,-0.09,-0.12,15,15,13,13,2,0,0,0,2,0,5,2,2,0,0,5,0,0,0,0.154,0.267,0.154,0.421,0.019,13.9,3100
이원석,24 CF,0.025,75,28,336.0,82,80,1,1,0.988,2.17,0.9,-0.68,0.17,0.0,0.0,,0.0,0.0,0.39,0.749,-0.117,0.273,0.036,131389,-0.21,87,-0.24,0.03,154,152,133,26,31,4,1,0,37,13,8,2,16,2,0,32,3,2,1,0.233,0.322,0.278,0.6,0.082,61.5,3600
천재환,24 RF,-0.303,96,51,494.0,104,100,2,2,0.981,1.858,-3.51,0.89,0.1,0.0,0.0,,0.0,0.0,-2.52,-3.78,-0.8,-3.32,-0.23,132615,0.37,89,0.56,-0.2,236,233,215,31,61,9,1,5,87,33,8,2,13,4,0,52,7,3,1,0.284,0.335,0.405,0.74,0.121,91.5,5000
김성욱,24 CF,-0.367,144,94,875.0,233,226,6,1,0.996,2.386,-4.93,-0.35,1.34,0.0,0.0,,0.0,0.0,-3.93,-3.93,-0.084,-4.014,-0.359,111535,-0.49,129,-0.1,-0.38,412,409,358,55,73,8,2,17,136,60,10,4,31,15,0,79,7,3,5,0.204,0.291,0.38,0.671,0.095,71.4,9500
유로결,24 RF,0.246,20,6,81.0,16,16,0,0,1.0,1.778,1.95,0.7,0.17,0.0,0.0,,0.0,0.0,2.82,20.304,-0.128,2.692,0.258,141269,0.01,23,-0.23,0.24,39,39,36,6,8,1,0,0,9,4,0,1,3,0,0,11,4,0,0,0.222,0.282,0.25,0.532,0.047,34.4,3300
오선진,24 3B,0.144,27,3,74.0,20,3,17,0,1.0,2.432,0.69,0.0,0.5,0.35,0.0,,0.0,0.0,1.54,8.213,0.034,1.574,0.141,105572,0.16,26,0.04,0.12,29,24,20,0,4,1,0,0,5,0,0,0,2,2,0,8,0,5,0,0.2,0.333,0.25,0.583,0.095,67.4,10000
김휘집,24 3B,0.412,89,75,638.0,286,150,126,10,0.965,3.893,3.57,0.0,-0.49,1.04,0.0,,0.0,0.0,4.22,6.828,0.288,4.508,0.386,147855,1.99,89,1.52,0.47,366,364,314,54,86,15,0,11,134,48,4,3,37,7,0,70,7,2,6,0.274,0.357,0.427,0.784,0.141,106.3,11000
정준재,24 2B,0.423,78,57,476.0,248,89,156,3,0.988,4.632,3.38,0.0,1.46,-0.84,0.0,,0.0,0.0,3.33,6.148,1.303,4.633,0.304,160424,1.8,88,1.52,0.28,240,237,215,40,66,8,5,1,87,23,16,5,19,3,0,49,3,3,0,0.307,0.371,0.405,0.776,0.143,103.2,3000
김찬형,24 2B,-0.02,5,2,24.0,10,6,4,0,1.0,3.75,-0.39,0.0,0.17,0.0,0.0,,0.0,0.0,-0.24,-6.912,0.016,-0.224,-0.022,126224,-0.26,5,-0.23,-0.03,9,9,9,0,0,0,0,0,0,0,0,0,0,0,0,4,0,0,0,0.0,0.0,0.0,0.0,-0.19,-139.6,5000
정현승,24 RF,-0.087,21,8,86.0,15,15,0,0,1.0,1.57,-1.23,0.16,0.2,0.0,0.0,,0.0,0.0,-0.87,-5.966,-0.085,-0.955,-0.079,160434,-0.25,23,-0.17,-0.08,31,31,29,1,7,0,0,1,10,4,1,0,2,0,0,6,0,0,0,0.241,0.29,0.345,0.635,0.076,53.9,3000
박민석,24 2B,-0.258,13,0,30.0,14,4,7,3,0.786,3.3,-1.96,0.0,-1.3,0.38,0.0,,0.0,0.0,-2.88,-31.902,0.06,-2.82,-0.263,141108,-0.31,20,-0.14,-0.18,14,14,14,6,3,0,0,0,3,0,0,1,0,0,0,7,0,0,0,0.214,0.214,0.214,0.428,-0.01,-7.4,3100
최경모,24 2B,-0.08,48,11,152.0,53,14,35,4,0.925,2.901,0.67,0.0,-0.97,-0.67,0.0,,0.0,0.0,-0.98,-2.94,0.102,-0.878,-0.09,141514,-0.21,50,-0.17,-0.04,50,43,35,12,6,0,0,0,6,0,6,3,8,0,0,7,2,7,0,0.171,0.326,0.171,0.497,0.062,45.2,3700
송민섭,24 RF,-0.261,36,0,68.0,12,11,0,1,0.917,1.456,-2.15,-0.31,-0.32,0.0,0.0,,0.0,0.0,-2.79,-11.16,-0.067,-2.857,-0.255,113428,-0.18,36,0.08,-0.26,20,19,14,8,3,0,0,0,3,1,0,1,3,2,0,6,0,1,0,0.214,0.421,0.214,0.635,0.145,105.2,6500
하재훈,24 RF,-1.018,100,73,666.0,140,128,5,7,0.95,1.797,-8.65,0.45,-2.04,0.0,0.0,,0.0,0.0,-10.25,-14.76,-0.896,-11.146,-0.937,141474,-0.74,107,0.11,-0.85,317,315,290,40,72,19,0,10,121,36,15,2,18,2,0,90,5,2,5,0.248,0.292,0.417,0.709,0.102,73.9,10000
최민창,24 RF,-0.005,6,0,8.0,2,2,0,0,1.0,2.25,-0.39,0.33,0.01,0.0,0.0,,0.0,0.0,-0.05,-1.2,-0.005,-0.055,-0.005,113514,-0.07,7,-0.06,0.0,3,3,3,2,0,0,0,0,0,0,0,0,0,0,0,1,0,0,0,0.0,0.0,0.0,0.0,-0.19,-133.8,3000
안상현,24 2B,-0.255,34,23,193.0,96,34,57,5,0.948,4.244,-1.84,0.0,-1.31,-0.28,0.0,,0.0,0.0,-3.35,-14.188,0.557,-2.793,-0.306,126134,-0.8,37,-0.58,-0.22,75,74,70,3,12,1,0,0,13,2,1,1,4,0,0,14,0,1,0,0.171,0.216,0.186,0.402,-0.01,-7.2,4000
황영묵,24 2B,0.212,131,83,786.0,449,191,246,12,0.973,5.004,2.76,0.0,-0.52,-2.37,0.0,,0.0,0.0,-0.12,-0.132,2.441,2.321,-0.011,161109,1.39,123,1.38,0.01,389,386,349,52,105,8,4,3,130,35,4,7,31,5,0,56,6,3,1,0.301,0.365,0.372,0.737,0.129,95.1,3000
황성빈,24 CF,-0.171,123,85,749.0,155,146,5,4,0.974,1.814,-0.35,-0.19,-0.72,0.0,0.0,,0.0,0.0,-1.25,-1.463,-0.619,-1.869,-0.114,146422,2.33,125,2.46,-0.13,406,400,366,94,117,15,8,4,160,26,51,10,31,2,0,56,3,6,1,0.32,0.375,0.437,0.812,0.153,109.0,7600
이진영,24 CF,0.146,46,21,203.0,60,59,0,1,0.983,2.616,1.99,-0.26,-0.05,0.0,0.0,,0.0,0.0,1.68,5.259,-0.085,1.595,0.153,125399,-0.15,42,-0.3,0.15,103,103,93,20,19,6,0,1,28,13,0,1,8,2,0,27,3,0,0,0.204,0.282,0.301,0.583,0.067,50.9,7000
박승욱,24 SS,-0.335,155,112,1010.0,481,166,292,23,0.952,4.081,-9.41,0.0,-2.97,2.75,0.0,,0.0,0.0,-9.19,-8.538,5.524,-3.666,-0.84,108042,1.01,139,1.65,-0.64,468,463,405,57,106,19,1,7,148,53,4,5,47,10,3,120,7,3,3,0.262,0.351,0.365,0.716,0.121,86.4,13500
이도윤,24 SS,0.491,135,97,879.0,405,163,227,15,0.963,3.993,-1.5,0.0,-0.0,1.27,0.0,,0.0,0.0,-0.22,-0.235,5.593,5.373,-0.02,114149,0.59,134,0.74,-0.14,374,368,336,49,93,10,3,1,112,46,6,4,26,3,0,56,5,6,3,0.277,0.332,0.333,0.665,0.098,72.4,7500
장두성,24 CF,0.011,53,3,105.0,30,29,0,1,0.967,2.486,0.65,-0.2,-0.28,0.0,0.0,,0.0,0.0,0.17,0.462,-0.045,0.125,0.016,131552,-0.12,71,-0.14,0.01,37,37,32,23,5,0,0,0,5,1,14,3,3,2,0,9,2,0,0,0.156,0.27,0.156,0.426,0.028,19.8,4000
노진혁,24 SS,-0.112,59,31,284.0,139,67,64,8,0.942,4.151,-0.03,0.0,-1.82,-0.07,0.0,,0.0,0.0,-1.92,-4.686,0.69,-1.23,-0.175,111652,-0.26,73,-0.18,-0.08,157,154,137,13,30,6,0,2,42,13,0,0,15,1,1,39,1,2,2,0.219,0.297,0.307,0.604,0.072,51.0,60000
손호영,24 3B,-0.598,105,93,787.0,262,90,159,13,0.95,2.848,-4.54,0.0,-1.13,-0.86,0.0,,0.0,0.0,-6.67,-9.147,0.121,-6.549,-0.609,145902,2.4,100,2.96,-0.57,428,425,396,70,126,26,4,18,214,78,7,4,17,9,2,65,5,1,5,0.318,0.356,0.54,0.896,0.17,121.7,4500
안주형,24 2B,-0.181,89,42,420.0,228,94,131,3,0.987,4.821,-3.78,0.0,1.19,-0.57,0.0,,0.0,0.0,-3.16,-5.113,1.175,-1.985,-0.289,129883,-0.92,82,-0.57,-0.35,166,154,142,24,31,2,0,0,33,8,4,2,11,1,0,39,3,12,0,0.218,0.279,0.232,0.511,0.041,29.2,5200
김성윤,24 CF,0.035,36,17,176.0,51,49,2,0,1.0,2.608,1.03,-0.96,0.42,0.0,0.0,,0.0,0.0,0.49,1.96,-0.105,0.385,0.045,129363,-0.03,32,-0.07,0.04,89,86,74,15,18,4,0,0,22,6,3,1,9,1,0,16,1,3,2,0.243,0.326,0.297,0.623,0.088,65.0,10000
김헌곤,24 LF,0.076,118,66,621.0,166,165,0,1,0.994,2.391,0.87,0.46,0.79,0.0,0.0,,0.0,0.0,2.12,2.587,-1.292,0.828,0.194,106403,1.05,117,0.87,0.18,311,307,281,43,85,8,1,9,122,34,4,2,22,3,0,50,5,4,1,0.302,0.358,0.434,0.792,0.142,101.0,6000
양도근,24 2B,0.064,18,7,77.0,38,18,20,0,1.0,4.442,-0.67,0.0,0.55,0.66,0.0,,0.0,0.0,0.53,4.24,0.171,0.701,0.048,158753,0.04,16,0.01,0.03,29,28,23,5,4,0,1,0,6,2,0,0,5,0,0,8,0,1,0,0.174,0.321,0.261,0.582,0.085,58.1,3000
김재상,24 2B,0.128,35,24,209.0,104,36,66,2,0.981,4.392,0.63,0.0,0.27,-0.26,0.0,,0.0,0.0,0.62,2.551,0.777,1.397,0.057,154993,-0.03,35,-0.08,0.05,91,90,84,13,20,4,0,2,30,12,4,0,5,0,0,23,0,1,1,0.238,0.278,0.357,0.635,0.073,51.1,3200
윤정빈,24 RF,0.299,63,35,348.0,97,95,2,0,1.0,2.509,2.9,0.38,1.05,0.0,0.0,,0.0,0.0,4.34,9.92,-1.071,3.269,0.397,131613,1.05,69,0.67,0.38,188,188,161,26,46,4,1,7,73,20,1,3,22,3,0,47,1,0,2,0.286,0.378,0.453,0.831,0.159,113.7,3700
최상민,24 RF,0.131,38,1,63.0,25,23,2,0,1.0,3.571,0.13,1.17,0.16,0.0,0.0,,0.0,0.0,1.45,5.495,-0.021,1.429,0.132,131954,0.12,43,-0.01,0.13,13,13,12,9,2,2,0,0,4,1,2,1,0,1,0,5,0,0,0,0.167,0.231,0.333,0.564,0.058,42.6,3200
김성현,24 2B,-0.405,78,39,390.0,178,64,108,6,0.966,3.969,-4.03,0.0,-0.24,-0.83,0.0,,0.0,0.0,-5.04,-9.305,0.609,-4.431,-0.46,106364,-0.49,71,0.03,-0.53,167,162,141,21,32,3,1,1,40,15,2,0,16,4,0,28,7,5,1,0.227,0.321,0.284,0.605,0.085,60.3,20000
김영웅,24 3B,0.82,132,114,979.0,356,141,200,15,0.958,3.135,7.06,0.0,0.27,1.29,0.0,,0.0,0.0,8.13,8.869,0.844,8.974,0.743,150353,2.29,126,1.59,0.71,509,508,456,65,115,16,3,28,221,79,9,2,45,3,0,155,2,1,4,0.252,0.321,0.485,0.806,0.137,97.8,3800
전병우,24 3B,0.404,53,34,292.0,102,47,52,3,0.971,3.051,3.18,0.0,0.46,0.96,0.0,,0.0,0.0,4.43,12.036,-0.005,4.425,0.405,114223,0.3,58,-0.07,0.36,128,128,111,17,25,5,0,5,45,14,0,1,14,1,0,42,3,0,2,0.225,0.313,0.405,0.718,0.11,77.9,6000
김현준,24 RF,0.212,82,42,399.0,125,120,4,1,0.992,2.797,1.27,1.07,0.49,0.0,0.0,,0.0,0.0,2.84,4.987,-0.52,2.32,0.259,148673,-0.58,79,-0.83,0.25,205,201,183,23,41,10,1,0,53,11,2,0,11,4,0,49,4,4,3,0.224,0.279,0.29,0.569,0.059,41.4,14000
김민혁,24 LF,-0.079,104,87,692.0,165,161,1,3,0.982,2.107,3.5,-1.43,-0.55,0.0,0.0,,0.0,0.0,1.51,2.091,-2.378,-0.868,0.138,113398,2.2,115,2.08,0.12,393,389,351,47,124,14,3,1,147,34,4,2,35,1,1,45,9,3,3,0.353,0.41,0.419,0.829,0.164,118.0,24000
오윤석,24 2B,0.409,77,48,454.0,226,81,142,3,0.987,4.421,1.4,0.0,1.25,0.23,0.0,,0.0,0.0,2.95,5.517,1.527,4.477,0.27,113978,1.52,73,1.36,0.16,201,198,174,33,51,12,2,6,85,27,0,1,18,4,0,41,7,3,2,0.293,0.369,0.489,0.858,0.166,120.7,14000
신본기,24 SS,0.057,95,33,369.0,179,62,110,7,0.961,4.195,-1.55,0.0,-0.61,1.71,0.0,,0.0,0.0,-0.46,-0.697,1.08,0.62,-0.042,108408,0.82,84,0.84,-0.02,152,143,122,18,34,3,0,3,46,19,2,0,16,3,0,28,3,9,2,0.279,0.371,0.377,0.748,0.135,97.6,13000
정준영,24 RF,0.305,43,21,196.0,53,51,0,2,0.962,2.342,4.12,0.13,-0.45,0.0,0.0,,0.0,0.0,3.81,12.759,-0.467,3.343,0.348,155198,0.17,43,-0.17,0.34,74,71,62,9,14,2,0,0,16,3,0,0,8,1,0,16,1,3,0,0.226,0.324,0.258,0.582,0.079,57.8,4200
황재균,24 3B,-0.238,140,128,1091.0,273,86,173,14,0.949,2.137,-2.93,0.0,0.46,-0.16,0.0,,0.0,0.0,-2.6,-2.674,0.0,-2.6,-0.238,104078,-0.3,137,0.02,-0.32,536,531,493,60,128,22,0,13,189,58,4,6,34,2,0,95,16,5,2,0.26,0.309,0.383,0.692,0.099,72.2,100000
로하스,24 LF,-0.096,171,135,1142.0,287,279,6,2,0.993,2.246,1.6,-1.07,1.4,0.0,0.0,,0.0,0.0,1.92,1.617,-2.967,-1.047,0.175,129958,6.5,144,6.34,0.16,670,664,572,108,188,39,1,32,325,112,2,1,88,6,9,115,10,0,4,0.329,0.421,0.568,0.989,0.211,153.3,50000
최원준,24 RF,-0.305,190,111,1024.0,242,233,5,4,0.983,2.092,-3.73,0.74,0.5,0.0,0.0,,0.0,0.0,-2.49,-1.887,-0.844,-3.334,-0.228,125340,2.17,136,2.43,-0.26,508,501,438,75,128,23,3,9,184,56,21,9,50,8,0,66,6,7,5,0.292,0.371,0.42,0.791,0.147,110.1,22000
홍현빈,24 RF,-0.22,32,3,70.0,18,17,0,1,0.944,2.186,-2.24,0.23,-0.34,0.0,0.0,,0.0,0.0,-2.36,-10.62,-0.046,-2.406,-0.216,129418,-0.18,28,0.04,-0.22,22,21,18,5,4,0,1,0,6,2,0,0,3,0,0,7,0,1,0,0.222,0.333,0.333,0.666,0.108,78.0,4500
안치영,24 CF,0.048,30,13,125.0,26,26,0,0,1.0,1.872,0.32,-0.06,0.28,0.0,0.0,,0.0,0.0,0.56,2.688,-0.037,0.523,0.051,130068,-0.22,31,-0.26,0.05,48,46,44,12,11,0,0,0,11,3,0,1,2,0,0,12,0,2,0,0.25,0.283,0.25,0.533,0.042,30.8,5000
이호연,24 3B,-0.037,22,8,77.0,27,12,15,0,1.0,3.156,-1.07,0.0,0.5,0.11,0.0,,0.0,0.0,-0.46,-3.011,0.058,-0.402,-0.042,131518,-0.61,27,-0.55,-0.06,43,42,41,3,6,1,0,0,7,0,0,0,1,0,0,12,2,1,0,0.146,0.167,0.171,0.338,-0.044,-32.6,8500
김병준,24 CF,0.007,31,4,68.0,24,22,2,0,1.0,3.176,0.89,-0.95,0.16,0.0,0.0,,0.0,0.0,0.1,0.465,-0.019,0.081,0.009,150978,0.16,35,0.15,0.01,16,16,14,9,5,0,0,0,5,1,0,0,2,0,0,2,0,0,0,0.357,0.438,0.357,0.795,0.162,121.4,3100
문상철,24 1B,0.169,90,78,641.0,620,564,50,6,0.99,8.621,8.24,0.11,0.16,0.0,0.0,,0.0,0.0,8.19,13.104,-6.336,1.854,0.748,113338,1.64,125,0.96,0.68,403,401,347,50,89,11,0,17,151,58,6,1,45,7,2,86,8,1,3,0.256,0.351,0.435,0.786,0.139,101.7,11000
이창진,24 LF,-0.362,95,56,489.0,118,117,0,1,0.992,2.153,-2.17,-1.02,0.39,0.0,0.0,,0.0,0.0,-2.8,-4.244,-1.165,-3.965,-0.256,112330,0.54,103,0.8,-0.26,247,242,191,36,50,10,0,1,63,18,4,3,45,2,0,36,6,5,4,0.262,0.401,0.33,0.731,0.144,107.0,12000
김동혁,24 CF,0.009,29,0,58.0,23,21,0,2,0.913,3.259,1.21,-0.23,-0.87,0.0,0.0,,0.0,0.0,0.1,0.497,-0.005,0.095,0.009,156452,0.16,39,0.15,0.01,17,17,15,8,3,0,1,0,5,1,3,1,2,0,0,5,0,0,0,0.2,0.294,0.333,0.627,0.086,60.6,3100
윤도현,24 2B,0.186,7,6,53.0,19,8,11,0,1.0,3.226,1.3,0.0,0.37,0.28,0.0,,0.0,0.0,1.95,40.114,0.084,2.034,0.178,150580,0.5,6,0.33,0.16,27,27,27,5,11,2,0,1,16,8,1,0,0,0,0,9,0,0,0,0.407,0.407,0.593,1.0,0.212,154.7,3000
소크라테스,24 LF,-0.361,171,134,1133.0,276,265,6,5,0.982,2.153,-0.24,-0.26,-0.85,0.0,0.0,,0.0,0.0,-1.35,-1.137,-2.604,-3.954,-0.123,149960,3.42,140,3.52,-0.1,602,599,552,92,171,30,3,26,285,97,13,5,41,4,4,91,7,0,5,0.31,0.359,0.516,0.875,0.163,121.2,50000
박민,24 SS,-0.058,17,8,72.0,39,10,23,6,0.846,4.125,0.66,0.0,-2.46,0.96,0.0,,0.0,0.0,-0.84,-7.115,0.209,-0.631,-0.077,146110,-0.01,16,0.0,-0.01,30,30,29,5,8,4,0,0,12,2,0,1,1,0,0,7,0,0,0,0.276,0.3,0.414,0.714,0.105,77.5,3500
레이예스,24 RF,-0.823,131,125,1012.0,213,207,2,4,0.981,1.859,-6.28,-0.17,0.39,0.0,0.0,,0.0,0.0,-6.06,-6.661,-2.945,-9.005,-0.554,161062,3.4,144,3.98,-0.58,632,631,574,88,202,40,3,15,293,111,5,0,46,1,2,82,16,0,11,0.352,0.394,0.51,0.904,0.179,127.5,60000
이우성,24 1B,-0.923,120,106,865.0,695,651,36,8,0.988,7.148,-4.32,-0.31,-0.17,0.0,0.0,,0.0,0.0,-5.1,-6.12,-5.006,-10.106,-0.466,110990,0.18,112,0.73,-0.55,449,449,399,56,115,16,1,9,160,54,7,1,44,3,0,89,17,0,3,0.288,0.361,0.401,0.762,0.134,99.8,13000
카디네스,24 RF,-0.188,7,5,34.0,9,9,0,0,1.0,2.382,-1.73,-0.31,0.1,0.0,0.0,,0.0,0.0,-1.93,-39.703,-0.123,-2.053,-0.176,161563,-0.06,7,0.11,-0.18,25,25,24,2,8,2,0,2,16,5,0,1,1,0,0,6,1,0,0,0.333,0.36,0.667,1.027,0.21,145.5,32700
류지혁,24 2B,-0.113,115,85,685.0,306,158,141,7,0.977,3.928,-2.78,0.0,1.23,-1.2,0.0,,0.0,0.0,-2.65,-3.318,1.416,-1.234,-0.242,108943,0.09,100,0.42,-0.34,348,343,302,43,78,9,1,3,98,36,11,4,33,6,0,70,7,5,2,0.258,0.341,0.325,0.666,0.106,76.0,20000
장재영,24 RF,-0.102,37,35,283.0,69,66,3,0,1.0,2.194,-1.37,-0.06,0.74,0.0,0.0,,0.0,0.0,-0.7,-2.724,-0.422,-1.122,-0.064,147847,-0.33,38,-0.25,-0.07,139,139,119,14,20,3,0,4,35,13,0,0,17,3,0,64,2,0,0,0.168,0.288,0.294,0.582,0.072,55.7,4000
도슨,24 LF,-0.114,88,79,680.0,192,190,0,2,0.99,2.515,1.2,-0.5,-0.05,0.0,0.0,,0.0,0.0,0.64,1.047,-1.883,-1.243,0.058,156527,3.17,95,3.07,0.1,429,429,382,69,126,31,2,11,194,57,2,2,39,6,0,54,10,0,2,0.33,0.399,0.508,0.907,0.187,145.9,55000
임지열,24 RF,-0.296,17,14,105.0,19,19,0,0,1.0,1.629,-3.3,0.04,0.24,0.0,0.0,,0.0,0.0,-3.0,-25.412,-0.245,-3.245,-0.274,112257,-0.87,22,-0.59,-0.28,57,57,49,4,5,0,0,1,8,5,0,0,7,0,0,16,2,0,1,0.102,0.211,0.163,0.374,-0.011,-8.3,7200
최승민,24 LF,0.191,29,1,54.0,20,18,2,0,1.0,3.333,1.22,0.85,0.09,0.0,0.0,,0.0,0.0,2.17,10.775,-0.083,2.087,0.198,141876,-0.09,57,-0.29,0.2,16,15,13,20,1,0,0,0,1,1,11,7,2,0,0,3,0,1,0,0.077,0.2,0.077,0.277,-0.037,-28.6,4000
김주성,24 3B,0.061,10,3,28.0,10,2,7,1,0.9,2.893,1.19,0.0,-0.28,-0.28,0.0,,0.0,0.0,0.62,8.928,0.05,0.67,0.057,125456,0.12,12,0.07,0.05,9,9,6,1,1,0,0,0,1,0,0,0,3,0,0,0,0,0,0,0.167,0.444,0.167,0.611,0.145,110.3,3500
주성원,24 RF,0.064,20,13,114.0,39,36,1,2,0.949,2.921,1.22,0.52,-0.7,0.0,0.0,,0.0,0.0,1.04,7.488,-0.342,0.698,0.095,141337,-0.13,27,-0.23,0.09,62,61,55,7,11,1,0,1,15,5,0,0,6,0,0,18,2,1,0,0.2,0.279,0.273,0.552,0.054,42.4,3500
변상권,24 LF,0.285,46,37,329.0,95,94,0,1,0.989,2.571,5.5,-1.26,-0.03,0.0,0.0,,0.0,0.0,4.21,13.179,-1.087,3.123,0.385,132237,-0.2,77,-0.58,0.38,232,232,219,16,55,3,1,5,75,21,0,0,11,1,0,51,4,0,1,0.251,0.289,0.342,0.631,0.075,57.6,4800
맥키넌,24 1B,-0.187,56,53,460.0,380,338,37,5,0.987,7.337,2.15,0.0,-0.16,0.0,0.0,,0.0,0.0,1.77,4.551,-3.821,-2.051,0.162,158623,0.51,72,0.35,0.17,315,313,272,28,80,13,0,4,105,36,1,0,39,1,3,33,6,0,3,0.294,0.381,0.386,0.767,0.135,96.5,90000
김수인,24 2B,-0.101,3,0,6.0,5,1,3,1,0.8,6.0,-0.99,0.0,-0.47,0.33,0.0,,0.0,0.0,-1.12,-53.76,0.013,-1.107,-0.102,146756,-0.13,4,-0.08,-0.06,3,3,3,0,0,0,0,0,0,0,0,0,0,0,0,2,0,0,0,0.0,0.0,0.0,0.0,-0.19,-136.0,3000
김민석,24 LF,-0.033,25,16,152.0,46,45,1,0,1.0,2.724,0.36,-0.4,0.2,0.0,0.0,,0.0,0.0,0.15,0.864,-0.51,-0.36,0.014,152532,-0.41,41,-0.42,0.01,83,82,76,14,16,3,1,0,21,6,3,1,2,4,0,20,4,1,0,0.211,0.268,0.276,0.544,0.054,38.9,8500
김민성,24 3B,0.043,32,21,174.0,49,14,33,2,0.959,2.431,-0.59,0.0,0.18,0.51,0.0,,0.0,0.0,0.46,2.07,0.006,0.466,0.042,102382,0.1,35,0.06,0.03,84,84,70,6,14,5,0,2,25,8,0,1,10,3,0,18,1,0,1,0.2,0.321,0.357,0.678,0.109,79.9,20000
이호준,24 SS,0.017,8,1,20.0,9,1,8,0,1.0,4.05,0.49,0.0,0.15,-0.5,0.0,,0.0,0.0,0.14,2.52,0.045,0.185,0.013,160912,0.11,12,0.1,0.01,7,7,6,5,2,1,1,0,5,3,0,0,1,0,0,1,0,0,0,0.333,0.429,0.833,1.262,0.307,214.0,3000
한유섬,24 RF,-1.017,104,99,813.0,172,165,0,7,0.959,1.827,-6.0,-0.06,-1.08,0.0,0.0,,0.0,0.0,-7.14,-9.886,-3.993,-11.133,-0.652,108154,-0.23,132,0.43,-0.67,523,519,464,64,109,29,0,24,210,87,0,1,46,9,3,142,2,1,3,0.235,0.314,0.453,0.767,0.125,89.3,90000
고명준,24 1B,-0.348,93,87,668.0,631,584,42,5,0.992,8.434,1.77,0.0,0.8,0.0,0.0,,0.0,0.0,2.62,4.057,-6.43,-3.81,0.239,148074,-0.76,106,-0.97,0.21,366,366,340,33,85,13,0,11,131,45,3,4,25,1,0,90,4,0,0,0.25,0.303,0.385,0.688,0.095,68.1,3000
윤동희,24 CF,0.171,149,135,1151.0,318,310,4,4,0.987,2.455,1.4,0.65,0.81,0.0,0.0,,0.0,0.0,2.87,2.774,-1.003,1.867,0.262,150482,3.13,141,2.9,0.23,613,610,532,97,156,35,4,14,241,85,7,8,67,7,1,114,10,2,5,0.293,0.376,0.453,0.829,0.159,113.1,9000
최정,24 3B,0.013,122,116,955.0,239,57,169,13,0.946,2.13,-1.0,0.0,0.03,0.95,0.0,,0.0,0.0,0.14,0.165,0.0,0.14,0.013,101064,4.55,129,4.65,-0.09,550,550,468,93,136,27,2,37,278,107,5,1,55,20,1,114,10,0,7,0.291,0.384,0.594,0.978,0.202,145.9,100000
에레디아,24 LF,-0.113,119,116,989.0,225,214,8,3,0.987,2.02,3.59,-0.08,0.14,0.0,0.0,,0.0,0.0,3.65,4.417,-4.886,-1.236,0.333,155304,4.42,136,4.09,0.33,591,588,541,82,195,31,1,21,291,118,4,3,28,13,3,73,12,0,9,0.36,0.399,0.538,0.937,0.191,137.2,115000
최준우,24 2B,-0.082,14,6,53.0,29,11,16,2,0.931,4.585,-0.39,0.0,-0.68,0.0,0.0,,0.0,0.0,-1.06,-10.903,0.157,-0.903,-0.097,131284,0.17,18,0.28,-0.11,34,34,25,2,6,2,0,0,8,5,0,0,9,0,0,8,0,0,0,0.24,0.441,0.32,0.761,0.171,126.9,4500
박지환,24 2B,-0.28,63,50,444.0,256,115,133,8,0.969,5.027,-4.36,0.0,-1.3,0.92,0.0,,0.0,0.0,-4.74,-10.834,1.68,-3.06,-0.433,160384,0.09,76,0.49,-0.4,249,246,228,33,63,9,2,4,88,21,8,3,12,3,0,61,3,3,3,0.276,0.317,0.386,0.703,0.106,75.2,3000
강진성,24 1B,0.1,3,1,12.0,8,7,1,0,1.0,6.0,1.11,0.0,0.04,0.0,0.0,,0.0,0.0,1.15,55.2,-0.06,1.09,0.105,111484,-0.16,16,-0.26,0.1,31,30,27,4,5,0,0,0,5,2,0,0,3,0,0,5,0,1,0,0.185,0.267,0.185,0.452,0.022,16.4,8500
김세훈,24 SS,-0.037,7,1,16.0,4,4,0,0,1.0,2.25,-0.09,0.0,0.12,-0.48,0.0,,0.0,0.0,-0.45,-9.257,0.049,-0.401,-0.041,160585,-0.1,7,-0.06,-0.05,5,5,4,0,0,0,0,0,0,0,0,0,1,0,0,2,0,0,0,0.0,0.2,0.0,0.2,-0.045,-35.0,3000
한재환,24 1B,-0.032,4,0,5.0,3,3,0,0,1.0,5.4,-0.01,0.0,0.03,0.0,0.0,,0.0,0.0,-0.33,-11.88,-0.015,-0.345,-0.03,146595,-0.08,7,-0.05,-0.03,9,9,9,1,2,1,0,0,3,1,0,0,0,0,0,3,0,0,0,0.222,0.222,0.333,0.555,0.036,26.9,4000
박영빈,24 LF,-0.23,11,0,18.0,1,1,0,0,1.0,0.5,-2.53,0.03,0.02,0.0,0.0,,0.0,0.0,-2.47,-32.335,-0.049,-2.519,-0.226,146615,-0.09,19,0.13,-0.23,7,7,6,3,3,2,0,0,5,1,2,1,1,0,0,3,0,0,0,0.5,0.571,0.833,1.404,0.374,278.2,3200
강승호,24 2B,0.99,156,131,1131.0,677,360,304,13,0.981,5.284,7.05,0.0,0.16,-0.06,0.0,,0.0,0.0,7.21,6.655,3.624,10.834,0.659,110871,3.71,140,2.9,0.81,566,561,521,81,146,34,7,18,248,81,16,5,32,7,4,158,8,2,4,0.28,0.328,0.476,0.804,0.136,104.3,25500
문보경,24 3B,-0.125,181,132,1155.0,450,235,202,13,0.971,3.405,-1.31,0.0,1.06,-0.63,0.0,,0.0,0.0,-0.94,-0.748,-0.431,-1.371,-0.086,141376,4.32,144,4.47,-0.15,602,597,519,80,156,35,3,22,263,101,7,6,65,2,3,112,14,3,13,0.301,0.372,0.507,0.879,0.169,130.4,30000
박건우,24 RF,-0.538,71,69,537.0,112,108,3,1,0.991,1.86,-4.14,-0.25,1.11,0.0,0.0,,0.0,0.0,-3.28,-6.652,-2.605,-5.885,-0.3,101895,2.64,89,2.96,-0.32,362,360,323,58,111,23,1,13,175,53,4,0,33,4,3,54,7,0,2,0.344,0.409,0.542,0.951,0.198,150.1,80000
서호철,24 3B,0.16,141,124,1053.0,357,134,209,14,0.961,2.932,1.95,0.0,0.53,-0.8,0.0,,0.0,0.0,1.47,1.501,0.278,1.748,0.134,142205,1.39,141,1.28,0.11,567,561,512,68,146,19,3,10,201,61,1,3,30,16,0,101,15,6,3,0.285,0.342,0.393,0.735,0.123,93.3,12000
박시원,24 CF,-0.222,51,31,311.0,80,73,5,2,0.975,2.257,-2.41,0.51,-0.22,0.0,0.0,,0.0,0.0,-2.12,-5.986,-0.311,-2.431,-0.194,145975,-0.46,55,-0.26,-0.2,158,156,141,17,33,5,1,2,46,17,3,0,14,0,0,46,2,2,1,0.234,0.301,0.326,0.627,0.08,60.9,3000
손아섭,24 RF,0.259,29,26,195.0,50,50,0,0,1.0,2.308,3.06,-0.1,0.46,0.0,0.0,,0.0,0.0,3.44,17.081,-0.608,2.832,0.314,102615,0.08,84,-0.23,0.31,355,353,333,45,95,16,0,7,132,50,6,2,16,0,0,65,1,2,4,0.285,0.314,0.396,0.71,0.103,78.3,50000
양찬열,24 RF,0.066,10,2,34.0,4,4,0,0,1.0,1.059,0.74,-0.03,0.09,0.0,0.0,,0.0,0.0,0.8,11.52,-0.073,0.727,0.073,147381,0.09,11,0.02,0.07,12,12,8,2,1,0,0,0,1,1,0,0,4,0,0,1,0,0,0,0.125,0.417,0.125,0.542,0.122,96.2,4000
박준영,24 SS,0.889,66,52,461.0,229,87,138,4,0.983,4.393,3.22,0.0,2.04,1.03,0.0,,0.0,0.0,6.35,13.855,3.385,9.735,0.58,125221,1.47,65,0.91,0.56,212,211,186,25,42,9,2,7,76,28,2,0,21,3,0,58,3,1,1,0.226,0.313,0.409,0.722,0.114,86.6,7000
서예일,24 3B,0.088,19,2,52.0,15,3,11,1,0.933,2.423,1.39,0.0,-0.14,-0.29,0.0,,0.0,0.0,0.96,7.276,0.004,0.964,0.088,125231,0.03,24,-0.09,0.12,20,20,18,2,4,0,0,0,4,1,0,0,2,0,0,5,0,0,0,0.222,0.3,0.222,0.522,0.05,38.9,3400
김범석,24 1B,-0.163,39,21,178.0,179,162,14,3,0.983,8.899,0.45,0.0,-0.69,0.0,-0.26,,-1.26,0.0,-1.14,-4.209,-0.647,-1.787,-0.104,154846,-0.33,70,-0.25,-0.08,180,179,162,14,39,4,0,6,61,24,0,0,14,2,2,49,4,0,2,0.241,0.306,0.377,0.683,0.095,71.7,3300
김현수,24 LF,-0.703,91,80,617.0,127,123,4,0,1.0,1.853,-4.09,-1.32,0.74,0.0,0.0,,0.0,0.0,-4.66,-7.374,-3.037,-7.697,-0.426,101876,1.06,137,1.49,-0.43,583,582,517,61,152,36,2,8,216,69,6,1,47,9,1,76,10,1,9,0.294,0.357,0.418,0.775,0.136,104.7,100000
김인태,24 LF,-0.167,8,6,44.0,7,7,0,0,1.0,1.432,-2.2,0.48,0.06,0.0,0.0,,0.0,0.0,-1.66,-29.88,-0.162,-1.822,-0.152,110981,-0.39,10,-0.24,-0.15,26,26,23,3,4,0,0,1,7,2,0,0,2,0,0,7,1,0,1,0.174,0.231,0.304,0.535,0.031,22.0,9000
김성진,24 1B,-0.078,9,2,15.0,9,9,0,0,1.0,5.4,-0.84,0.0,0.08,0.0,0.0,,0.0,0.0,-0.76,-12.16,-0.089,-0.849,-0.069,141416,-0.07,14,0.01,-0.07,16,16,15,1,4,0,0,1,7,2,0,0,1,0,0,4,1,0,0,0.267,0.313,0.467,0.78,0.123,94.7,3100
홍창기,24 RF,0.019,139,129,1098.0,288,271,7,10,0.965,2.279,6.39,0.73,-1.76,0.0,0.0,,0.0,0.0,5.37,5.563,-5.162,0.208,0.491,125466,5.06,139,4.48,0.59,637,635,524,96,176,18,3,5,215,73,10,11,96,12,3,93,8,1,4,0.336,0.447,0.41,0.857,0.185,142.3,51000
신민재,24 2B,0.024,125,113,987.0,567,257,299,11,0.981,5.07,-3.68,0.0,0.43,-1.05,0.0,,0.0,0.0,-4.3,-4.954,4.563,0.263,-0.393,130566,2.64,128,3.11,-0.47,474,459,387,78,115,11,6,0,138,40,32,11,64,5,1,47,7,15,3,0.297,0.401,0.357,0.758,0.148,114.2,11500
함창건,24 LF,0.004,6,3,23.0,5,5,0,0,1.0,1.957,0.11,-0.05,0.03,0.0,0.0,,0.0,0.0,0.09,2.16,-0.047,0.043,0.008,146806,-0.19,15,-0.2,0.01,17,16,14,3,2,0,0,0,2,0,0,0,2,0,0,3,1,1,0,0.143,0.25,0.143,0.393,0.006,4.4,3000
김도영,24 3B,-0.397,135,132,1113.0,323,77,216,30,0.907,2.369,2.45,0.0,-6.91,-0.06,0.0,,0.0,0.0,-4.34,-4.629,0.0,-4.34,-0.397,150560,8.32,141,8.51,-0.18,625,619,544,143,189,29,10,38,352,109,40,4,66,7,7,110,10,1,7,0.347,0.42,0.647,1.067,0.232,172.5,10000
김두현,24 SS,-0.248,3,2,15.0,8,2,4,2,0.75,3.6,-1.93,0.0,-0.89,0.05,0.0,,0.0,0.0,-2.76,-132.48,0.047,-2.713,-0.252,160860,-0.15,3,0.1,-0.26,6,6,5,2,2,0,0,0,2,0,0,0,0,1,0,0,0,0,0,0.4,0.5,0.4,0.9,0.229,164.9,3000
최정용,24 2B,-0.09,6,2,24.0,8,3,4,1,0.875,2.625,-0.69,0.0,-0.35,0.0,0.0,,0.0,0.0,-1.05,-25.2,0.06,-0.99,-0.096,114070,-0.2,6,-0.1,-0.1,12,12,11,0,2,0,0,0,2,1,0,0,1,0,0,4,1,0,0,0.182,0.25,0.182,0.432,0.01,7.5,4300
변우혁,24 1B,-0.256,68,43,388.0,312,283,26,3,0.99,7.168,-1.24,0.0,0.56,0.32,0.0,,0.0,0.0,-0.64,-1.355,-2.167,-2.807,-0.058,141240,0.72,69,0.77,-0.04,187,187,168,22,51,9,2,5,79,21,1,0,16,2,0,48,8,0,1,0.304,0.369,0.47,0.839,0.159,119.0,6000
이선우,24 CF,-0.196,3,0,3.0,2,1,0,1,0.5,3.0,-1.67,0.01,-0.5,0.0,0.0,,0.0,0.0,-2.14,-102.72,0.0,-2.14,-0.196,160952,-0.2,7,-0.02,-0.18,0,0,0,1,0,0,0,0,0,0,0,0,0,0,0,0,0,0,0,,,,,,,3000
이정훈,24 LF,-0.055,2,0,3.0,1,1,0,0,1.0,3.0,-0.37,0.1,0.0,0.0,0.0,,-0.49,0.0,-0.6,-43.2,-0.005,-0.605,-0.055,129162,0.14,65,0.19,-0.06,116,114,100,10,30,8,0,0,38,18,0,0,13,0,1,21,4,1,2,0.3,0.374,0.38,0.754,0.133,94.9,6000
서건창,24 1B,-0.213,85,43,434.0,361,275,81,5,0.986,7.382,-0.91,0.0,-0.19,0.22,0.0,,0.0,0.0,-1.03,-1.745,-1.304,-2.334,-0.094,108550,1.51,94,1.54,-0.02,248,245,203,40,63,14,1,1,82,26,3,1,36,3,0,31,2,3,3,0.31,0.416,0.404,0.82,0.169,124.5,5000
이인한,24 LF,0.0,3,0,4.0,0,0,0,0,,0.0,0.0,0.0,0.0,0.0,0.0,,0.0,0.0,0.0,0.0,0.0,0.0,0.0,146902,0.1,5,0.1,0.0,5,5,4,0,2,0,0,0,2,2,0,0,0,1,0,1,0,0,0,0.5,0.6,0.5,1.1,0.313,217.3,3000
이학주,24 SS,-0.179,43,27,244.0,107,38,67,2,0.981,3.873,-3.86,0.0,1.15,-1.16,0.0,,0.0,0.0,-3.88,-12.993,1.916,-1.964,-0.354,141142,-0.15,43,0.25,-0.4,105,103,95,13,25,2,2,2,37,4,0,1,6,2,0,44,0,2,0,0.263,0.32,0.389,0.709,0.111,79.9,9200
이창용,24 1B,-0.031,7,5,41.0,33,29,3,1,0.97,7.024,0.24,0.0,-0.29,0.0,0.0,,0.0,0.0,-0.05,-1.029,-0.291,-0.341,-0.005,148663,-0.24,9,-0.23,-0.01,21,21,21,1,4,1,0,0,5,2,0,0,0,0,0,4,0,0,0,0.19,0.19,0.238,0.428,-0.013,-9.2,3000
김재성,24 C,-0.179,8,3,34.0,27,23,3,1,0.963,6.882,-0.56,0.0,-0.38,0.0,-0.82,,-0.75,0.0,-2.22,-39.96,0.261,-1.959,-0.203,113443,-0.24,10,-0.08,-0.16,23,23,20,3,4,1,0,0,5,1,0,0,3,0,0,5,1,0,0,0.2,0.304,0.25,0.554,0.066,47.7,7000
양우현,24 2B,0.167,6,4,34.0,19,8,11,0,1.0,5.029,1.08,0.0,0.2,0.43,0.0,,0.0,0.0,1.72,41.28,0.108,1.828,0.157,141163,-0.17,7,-0.32,0.15,15,14,13,0,0,0,0,0,0,1,0,0,1,0,0,6,1,1,0,0.0,0.071,0.0,0.071,-0.138,-92.5,3700
김태훈,24 RF,0.087,7,2,31.0,6,6,0,0,1.0,1.742,0.64,0.32,0.07,0.0,0.0,,0.0,0.0,1.03,21.189,-0.073,0.957,0.094,113363,-0.05,12,-0.14,0.09,21,21,20,2,4,1,0,0,5,1,0,0,0,1,0,3,1,0,0,0.2,0.238,0.25,0.488,0.027,18.5,4100
구자욱,24 LF,-0.292,104,102,839.0,206,201,4,1,0.995,2.199,1.18,-0.74,0.52,0.0,0.0,,0.0,0.0,0.97,1.343,-4.171,-3.201,0.089,108923,5.69,129,5.61,0.08,568,563,493,92,169,39,1,33,309,115,13,4,55,12,4,73,6,2,6,0.343,0.417,0.627,1.044,0.228,162.3,200000
공민규,24 3B,-0.115,11,4,38.0,16,6,9,1,0.938,3.553,-1.01,0.0,-0.26,0.0,0.0,,0.0,0.0,-1.25,-16.364,-0.004,-1.254,-0.114,131643,-0.16,12,-0.08,-0.08,17,17,14,1,1,0,0,1,4,2,0,0,1,2,0,9,1,0,0,0.071,0.235,0.286,0.521,0.056,39.5,4100
오선우,24 RF,-0.038,3,1,13.0,6,4,1,1,0.833,3.462,0.09,-0.01,-0.46,0.0,0.0,,0.0,0.0,-0.38,-18.24,-0.033,-0.413,-0.035,141810,-0.07,3,-0.03,-0.04,7,7,7,0,2,0,0,0,2,1,0,0,0,0,0,3,0,0,0,0.286,0.286,0.286,0.572,0.049,36.1,3300
심우준,24 SS,0.344,54,49,434.0,231,94,129,8,0.965,4.624,2.03,0.0,-0.17,-1.82,0.0,,0.0,0.0,0.03,0.08,3.73,3.76,0.003,113348,0.64,53,0.65,-0.01,192,187,169,22,45,4,0,3,58,28,7,1,17,1,0,29,3,5,0,0.266,0.337,0.343,0.68,0.105,75.5,29000
강백호,24 C,-0.217,35,22,193.0,160,139,17,4,0.975,7.275,-1.17,-0.03,-1.32,0.0,0.95,,-3.71,0.0,-4.16,-17.115,1.786,-2.374,-0.38,131688,2.12,144,2.46,-0.34,614,612,550,92,159,27,0,26,264,96,6,2,59,3,4,127,6,0,2,0.289,0.36,0.48,0.84,0.154,112.3,29000
윤준혁,24 3B,-0.117,10,4,39.0,6,2,3,1,0.833,1.154,-1.13,0.0,-0.23,0.0,0.0,,0.0,0.0,-1.29,-18.576,0.004,-1.286,-0.118,146058,-0.23,13,-0.15,-0.08,18,18,17,3,3,2,0,0,5,0,0,0,1,0,0,6,0,0,0,0.176,0.222,0.294,0.516,0.03,21.9,3000
김상수,24 SS,0.356,116,106,863.0,445,192,239,14,0.969,4.495,-0.05,0.0,-0.17,-0.05,0.0,,0.0,0.0,-0.26,-0.323,4.16,3.9,-0.024,103208,1.89,113,1.77,0.13,420,413,369,60,102,18,4,4,140,45,3,2,37,6,0,59,12,7,1,0.276,0.351,0.379,0.73,0.126,91.5,30000
김지찬,24 CF,0.426,127,103,873.0,266,262,1,3,0.989,2.711,4.08,0.22,0.36,0.0,0.0,,0.0,0.0,4.66,5.284,0.004,4.664,0.426,146183,3.98,135,3.58,0.41,535,521,453,102,143,16,3,3,174,36,42,4,60,9,2,40,5,12,1,0.316,0.405,0.384,0.789,0.157,112.7,16000
김동진,24 2B,0.216,29,10,116.0,56,20,36,0,1.0,4.345,1.25,0.0,0.72,-0.3,0.0,,0.0,0.0,2.12,10.527,0.246,2.366,0.194,148633,-0.31,30,-0.47,0.17,42,40,37,5,4,0,0,1,7,2,0,0,3,0,0,10,1,2,0,0.108,0.175,0.189,0.364,-0.028,-20.5,4500
권동진,24 2B,-0.052,8,2,28.0,15,6,8,1,0.933,4.5,-0.09,0.0,-0.32,-0.23,0.0,,0.0,0.0,-0.64,-11.52,0.07,-0.57,-0.058,147778,-0.09,9,-0.03,-0.07,10,10,9,3,2,0,0,0,2,0,0,0,1,0,0,2,0,0,0,0.222,0.3,0.222,0.522,0.05,37.9,4600
장준원,24 SS,0.122,15,5,57.0,18,11,7,0,1.0,2.842,0.94,0.0,0.46,-0.17,0.0,,0.0,0.0,1.23,11.808,0.103,1.333,0.112,112148,-0.04,17,-0.13,0.09,18,18,14,1,1,0,0,0,1,0,0,0,4,0,0,5,0,0,0,0.071,0.278,0.071,0.349,0.018,13.5,5300
조용호,24 RF,-0.084,62,37,352.0,69,67,1,1,0.986,1.739,-0.68,0.39,0.46,0.0,0.0,,0.0,0.0,0.16,0.372,-1.084,-0.924,0.015,129438,-0.52,60,-0.53,0.01,165,162,149,17,37,5,0,0,42,13,5,1,13,0,0,25,5,3,0,0.248,0.309,0.282,0.591,0.071,51.9,15000
안치홍,24 1B,-0.366,73,70,558.0,436,307,123,6,0.986,6.935,-3.42,0.0,0.04,0.16,0.0,,0.0,0.0,-3.16,-6.233,-0.845,-4.005,-0.289,100149,1.33,128,1.65,-0.31,533,531,473,64,142,21,0,13,202,66,3,2,49,6,1,70,10,1,4,0.3,0.37,0.427,0.797,0.146,107.9,50000
임종찬,24 CF,-0.038,29,16,138.0,31,29,2,0,1.0,2.022,-0.64,-0.04,0.32,0.0,0.0,,0.0,0.0,-0.37,-1.837,-0.049,-0.419,-0.034,147069,-0.24,24,-0.2,-0.03,64,64,57,10,9,3,2,0,16,7,0,1,6,1,0,19,2,0,0,0.158,0.25,0.281,0.531,0.048,35.5,3400
최인호,24 LF,0.131,66,50,436.0,108,102,4,2,0.981,2.188,4.58,-0.76,-0.44,0.0,0.0,,0.0,0.0,3.38,7.375,-1.947,1.433,0.309,147079,1.18,82,0.86,0.32,244,240,210,37,60,13,2,2,83,22,3,0,25,3,0,31,3,4,2,0.286,0.367,0.395,0.762,0.139,102.2,4800
채은성,24 1B,-0.699,98,95,782.0,618,588,23,7,0.989,7.032,-1.8,-1.06,0.01,0.0,0.0,,0.0,0.0,-2.86,-4.202,-4.788,-7.648,-0.261,112159,1.14,124,1.32,-0.18,498,498,436,61,118,24,0,20,202,83,1,1,49,8,1,83,12,0,5,0.271,0.351,0.463,0.814,0.147,108.9,100000
김인환,24 LF,-0.517,41,30,236.0,95,89,4,2,0.979,3.547,-4.91,0.5,-0.49,0.0,0.0,,0.0,0.0,-4.84,-16.999,-0.818,-5.658,-0.442,125899,-0.99,51,-0.58,-0.41,143,143,131,11,31,2,0,1,36,7,0,0,10,2,0,32,5,0,0,0.237,0.301,0.275,0.576,0.066,48.1,6900
이명기,24 LF,0.0,2,0,2.0,0,0,0,0,,0.0,0.0,0.0,0.0,0.0,0.0,,0.0,0.0,0.0,0.0,0.0,0.0,0.0,101199,-0.21,4,-0.21,0.0,8,7,7,0,0,0,0,0,0,1,0,0,0,0,0,3,0,1,0,0.0,0.0,0.0,0.0,-0.19,-132.5,5000
이승원,24 SS,-0.242,19,13,97.0,48,20,25,3,0.938,4.175,-1.84,0.0,-0.64,-0.87,0.0,,0.0,0.0,-3.35,-25.389,0.701,-2.649,-0.306,154767,-0.74,20,-0.53,-0.2,41,39,37,3,4,1,0,0,5,1,0,0,2,0,0,13,2,2,0,0.108,0.154,0.135,0.289,-0.058,-43.9,3100
