Rank,Name,Team,Sort▼,G,GS,GR,GF,CG,SHO,W,L,S,HD,IP,ER,R,rRA,TBF,H,2B,3B,HR,BB,HP,IB,SO,ROE,BK,WP,ERA,RA9,rRA9,rRA9pf,FIP,WHIP,WAR▼,팀,pid
Rank,Name,Team,WAR,G,GS,GR,GF,CG,SHO,W,L,S,HD,IP,ER,R,rRA,TBF,H,2B,3B,HR,BB,HP,IB,SO,ROE,BK,WP,ERA,RA9,rRA9,rRA9pf,FIP,WHIP,WAR▼,,
1,김민우,22 P,3.36,29,29,0,1,1,0,6,11,0,0,163.0,79,82,78.0,711,143,40,1,16,84,8,8,129,9,0,13,4.36,4.53,4.31,4.33,4.61,1.39,3.36,한화 이글스,11410
2,장민재,22 P,3.33,32,25,7,1,0,0,7,8,0,0,126.2,50,54,54.0,531,124,18,2,15,39,4,1,75,6,0,3,3.55,3.84,3.84,3.82,4.74,1.29,3.33,한화 이글스,10610
3,페냐,22 P,1.52,13,13,0,0,0,0,5,4,0,0,67.2,28,33,30.95,293,63,10,2,4,30,4,0,72,4,0,4,3.72,4.39,4.12,4.16,3.39,1.37,1.52,한화 이글스,15146
4,라미레즈,22 P,1.33,13,13,0,0,0,0,2,6,0,0,65.1,30,33,30.95,285,52,6,0,4,37,7,0,47,4,1,0,4.13,4.55,4.26,4.36,4.8,1.36,1.33,한화 이글스,15145
5,윤산흠,22 P,1.06,37,0,37,7,0,0,1,1,0,3,33.2,10,12,11.45,155,23,7,0,1,30,2,4,46,5,0,6,2.67,3.21,3.06,3.04,3.48,1.57,1.06,한화 이글스,14196
6,김범수,22 P,0.7,78,0,78,5,0,0,3,7,0,27,66.0,32,36,34.8,289,64,13,0,5,35,3,5,58,4,0,2,4.36,4.91,4.75,4.78,4.13,1.5,0.7,한화 이글스,11411
7,카펜터,22 P,0.67,4,4,0,0,0,0,0,1,0,0,18.0,5,6,6.0,79,19,5,0,1,6,1,0,15,1,0,1,2.5,3.0,3.0,2.96,3.57,1.39,0.67,한화 이글스,14760
8,킹험,22 P,0.51,3,3,0,0,0,0,1,2,0,0,16.1,5,6,6.0,70,15,2,1,1,5,1,0,18,2,0,0,2.76,3.31,3.31,3.4,2.9,1.22,0.51,한화 이글스,14582
9,장시환,22 P,0.49,64,0,64,30,0,0,0,5,14,9,63.2,31,37,35.45,280,57,14,2,4,33,1,4,67,5,0,2,4.38,5.23,5.01,5.01,3.41,1.41,0.49,한화 이글스,10453
10,강재민,22 P,0.42,56,0,56,24,0,0,4,8,7,7,51.1,24,26,28.7,232,44,5,1,7,29,4,8,39,2,0,1,4.21,4.56,5.03,4.95,5.08,1.42,0.42,한화 이글스,14708
11,정우람,22 P,0.29,23,0,23,5,0,0,0,1,1,7,18.1,6,8,8.35,84,23,5,0,1,6,0,1,20,2,0,0,2.95,3.93,4.1,4.36,2.55,1.58,0.29,한화 이글스,10156
12,박상원,22 P,0.24,14,0,14,1,0,0,0,0,0,4,12.0,3,4,5.4,53,11,1,0,0,6,0,0,16,3,0,1,2.25,3.0,4.05,4.16,2.0,1.42,0.24,한화 이글스,12871
13,문동주,22 P,0.21,13,4,9,1,0,0,1,3,0,2,28.2,18,19,16.95,127,28,5,1,5,14,1,0,36,4,1,2,5.65,5.97,5.32,5.59,4.34,1.47,0.21,한화 이글스,15013
14,박윤철,22 P,0.15,11,7,4,2,0,0,0,3,0,0,33.1,17,22,21.7,164,41,7,0,5,23,2,0,16,2,1,2,4.59,5.94,5.86,5.9,6.69,1.92,0.15,한화 이글스,14129
15,이민우,22 P,0.07,24,4,20,1,0,0,1,0,0,0,40.2,24,26,27.05,182,50,8,2,3,14,1,0,22,5,0,1,5.31,5.75,5.99,6.08,4.45,1.57,0.07,한화 이글스,13003
16,한승주,22 P,0.06,7,2,5,0,0,0,0,0,0,0,15.2,11,11,10.5,76,25,3,0,0,4,3,0,12,0,0,0,6.32,6.32,6.03,6.07,3.25,1.85,0.06,한화 이글스,14621
17,임준섭,22 P,0.03,5,0,5,1,0,0,0,0,0,0,3.2,1,1,2.05,18,5,1,0,0,1,1,0,0,0,0,2,2.45,2.45,5.03,5.49,5.48,1.64,0.03,한화 이글스,10795
18,윤호솔,22 P,0.01,52,0,52,7,0,0,3,5,0,7,42.1,19,26,26.0,199,43,6,1,2,28,0,2,33,6,0,3,4.04,5.53,5.53,5.72,4.37,1.68,0.01,한화 이글스,11170
19,류희운,22 P,0.01,7,0,7,3,0,0,0,0,0,0,6.0,2,2,4.25,30,5,1,0,0,6,2,0,5,0,0,2,3.0,3.0,6.38,6.49,5.83,1.83,0.01,한화 이글스,12655
20,송윤준,22 P,-0.01,3,0,3,1,0,0,0,0,0,0,4.1,3,3,3.0,21,3,0,1,0,2,2,0,3,1,0,0,6.23,6.23,6.23,6.3,4.91,1.15,-0.01,한화 이글스,10748
21,남지민,22 P,-0.02,22,20,2,1,0,0,2,11,0,0,89.0,63,68,64.75,418,109,19,1,9,45,3,0,41,3,0,5,6.37,6.88,6.55,6.53,5.51,1.73,-0.02,한화 이글스,14619
22,김도현,22 P,-0.03,1,0,1,0,0,0,0,0,0,0,0.0,2,2,3.05,4,3,1,0,0,0,1,0,0,0,0,1,99.99,99.99,86.92,89.13,3103.78,99.99,-0.03,한화 이글스,14128
23,김규연,22 P,-0.04,12,0,12,4,0,0,0,0,0,1,13.2,8,11,11.0,70,16,5,0,2,12,0,0,11,3,0,2,5.27,7.24,7.24,7.03,6.24,2.05,-0.04,한화 이글스,14871
24,이승관,22 P,-0.06,7,0,7,2,0,0,0,0,0,0,5.1,6,6,4.6,28,8,1,0,0,4,1,0,3,0,0,0,10.13,10.13,7.76,7.85,5.28,2.25,-0.06,한화 이글스,13135
25,신정락,22 P,-0.08,44,0,44,14,0,0,2,1,1,4,47.0,21,25,31.5,215,52,10,1,4,16,7,2,23,5,0,2,4.02,4.79,6.03,6.1,4.96,1.45,-0.08,한화 이글스,10516
26,이충호,22 P,-0.08,5,0,5,1,0,0,1,0,0,0,4.2,5,5,4.65,27,7,1,0,1,5,1,0,4,1,0,1,9.64,9.64,8.97,8.55,8.18,2.57,-0.08,한화 이글스,11116
27,이도윤,22 SS,-0.1,2,0,2,2,0,0,0,0,0,0,1.1,3,3,3.0,8,4,3,0,0,0,0,0,0,0,0,0,20.25,20.25,20.25,20.48,3.78,3.0,-0.1,한화 이글스,11414
28,김기중,22 P,-0.12,5,3,2,0,0,0,0,2,0,0,12.0,8,10,10.5,63,14,2,0,4,11,1,0,8,1,0,0,6.0,7.5,7.88,7.83,9.18,2.08,-0.12,한화 이글스,14808
29,박준영,22 P,-0.22,5,2,3,2,0,0,0,1,0,0,11.0,13,13,11.8,53,13,0,0,1,8,0,0,10,0,0,0,10.64,10.64,9.65,9.61,4.85,1.91,-0.22,한화 이글스,15014
30,이재민,22 P,-0.32,2,0,2,0,0,0,0,0,0,0,2.0,8,8,5.95,15,3,1,0,0,5,1,0,0,0,0,0,36.0,36.0,26.78,29.3,13.08,4.0,-0.32,한화 이글스,15020
31,윤대경,22 P,-0.47,25,14,11,4,0,0,4,9,0,0,75.1,63,63,59.55,349,106,22,2,6,17,7,0,51,3,0,5,7.53,7.53,7.11,7.24,4.03,1.63,-0.47,한화 이글스,11110
32,김재영,22 P,-0.47,30,1,29,6,0,0,0,2,0,1,30.0,18,25,26.9,137,33,13,0,1,12,7,2,16,1,0,2,5.4,7.5,8.07,7.9,4.6,1.5,-0.47,한화 이글스,12547
33,김종수,22 P,-0.77,52,0,52,9,0,0,3,4,1,6,45.0,22,30,34.8,197,39,15,1,5,21,2,1,45,4,1,1,4.4,6.0,6.96,6.92,4.12,1.33,-0.77,한화 이글스,11117
34,주현상,22 P,-0.89,49,0,49,9,0,0,0,1,1,3,55.1,42,43,45.4,247,69,18,3,5,14,5,1,33,0,0,1,6.83,6.99,7.38,7.5,4.38,1.5,-0.89,한화 이글스,11415
1,켈리,22 P,6.14,27,27,0,0,0,0,16,4,0,0,166.1,47,50,50.0,664,144,10,4,10,35,2,0,153,5,0,3,2.54,2.71,2.71,2.93,2.89,1.08,6.14,LG 트윈스,13934
2,플럿코,22 P,5.94,28,28,0,0,0,0,15,5,0,0,162.0,43,53,50.6,644,125,18,2,13,38,2,2,149,10,0,5,2.39,2.94,2.81,2.95,3.19,1.01,5.94,LG 트윈스,15003
3,김윤식,22 P,3.23,23,23,0,0,0,0,8,5,0,0,114.1,42,46,43.6,483,125,22,1,5,27,1,2,81,8,0,4,3.31,3.62,3.43,3.64,3.29,1.33,3.23,LG 트윈스,14588
4,고우석,22 P,3.08,61,0,61,57,0,0,4,2,42,0,60.2,10,12,13.85,240,37,7,1,6,21,1,4,80,4,0,5,1.48,1.78,2.05,2.14,2.69,0.96,3.08,LG 트윈스,12907
5,이우찬,22 P,1.49,36,0,36,4,0,0,5,0,0,2,44.2,9,10,12.6,182,29,4,0,2,21,1,1,42,1,0,4,1.81,2.01,2.54,2.65,3.42,1.12,1.49,LG 트윈스,10749
6,김진성,22 P,1.49,67,0,67,12,0,0,6,3,0,12,58.0,20,21,21.7,236,44,6,1,6,22,1,3,54,0,0,2,3.1,3.26,3.37,3.54,3.76,1.14,1.49,LG 트윈스,11166
7,김대유,22 P,1.49,59,0,59,4,0,0,2,1,0,13,39.2,9,11,10.05,172,35,6,2,2,15,8,3,36,1,0,0,2.04,2.5,2.28,2.43,3.76,1.26,1.49,LG 트윈스,10706
8,진해수,22 P,1.4,64,0,64,7,0,0,4,0,0,12,45.0,12,13,14.05,180,39,6,3,1,11,1,0,35,0,0,2,2.4,2.6,2.81,3.01,2.93,1.11,1.4,LG 트윈스,10075
9,정우영,22 P,1.37,67,0,67,3,0,0,2,3,0,35,58.0,17,18,24.8,248,48,3,2,3,32,6,5,40,3,0,0,2.64,2.79,3.85,3.91,4.49,1.38,1.37,LG 트윈스,14136
10,임찬규,22 P,1.16,23,23,0,0,0,0,6,11,0,0,103.2,58,60,55.7,459,113,13,3,10,39,7,0,75,5,0,3,5.04,5.21,4.84,5.22,4.5,1.47,1.16,LG 트윈스,10652
11,배재준,22 P,1.0,17,5,12,7,0,0,0,1,0,0,31.1,8,11,9.45,129,22,4,2,0,15,4,0,23,2,0,0,2.3,3.16,2.71,2.92,3.83,1.18,1.0,LG 트윈스,12697
12,최성훈,22 P,0.79,45,0,45,5,0,0,0,0,0,6,33.1,8,10,12.05,139,23,4,2,1,13,3,2,22,3,0,2,2.16,2.7,3.25,3.44,3.79,1.08,0.79,LG 트윈스,10851
13,이정용,22 P,0.77,65,0,65,7,0,0,4,4,1,22,59.1,22,26,29.45,250,53,12,1,3,18,2,3,40,3,0,3,3.34,3.94,4.47,4.59,3.75,1.2,0.77,LG 트윈스,14134
14,이민호,22 P,0.69,26,26,0,0,0,0,12,8,0,0,119.1,73,77,72.9,540,146,23,5,14,43,7,0,73,3,0,9,5.51,5.81,5.5,5.79,4.95,1.58,0.69,LG 트윈스,14589
15,최동환,22 P,0.63,47,0,47,16,0,0,0,1,0,0,50.0,23,23,24.55,210,45,7,1,5,17,1,0,30,2,0,3,4.14,4.14,4.42,4.66,4.59,1.24,0.63,LG 트윈스,10535
16,송은범,22 P,0.54,25,0,25,4,0,0,1,1,0,2,26.2,12,13,10.55,116,29,3,0,3,10,0,0,13,3,0,0,4.05,4.39,3.56,3.77,5.07,1.46,0.54,LG 트윈스,10137
17,김영준,22 P,0.51,2,2,0,0,0,0,0,0,0,0,9.2,2,2,2.0,43,8,2,0,1,4,3,0,7,1,0,1,1.86,1.86,1.86,1.73,5.45,1.24,0.51,LG 트윈스,13102
18,함덕주,22 P,0.44,13,0,13,2,0,0,0,0,0,0,12.2,3,3,2.65,58,9,2,0,0,11,1,0,13,1,0,0,2.13,2.13,1.88,2.06,4.16,1.58,0.44,LG 트윈스,11094
19,채지선,22 P,0.19,3,0,3,1,0,0,0,0,0,1,3.0,0,0,0.0,10,1,0,0,0,0,1,0,2,1,0,0,0.0,0.0,0.0,0.0,3.15,0.33,0.19,LG 트윈스,11387
20,이지강,22 P,0.17,4,1,3,2,0,0,0,0,0,0,11.0,6,6,6.0,56,12,2,0,0,13,0,0,6,0,0,1,4.91,4.91,4.91,5.43,6.08,2.27,0.17,LG 트윈스,14143
21,조원태,22 P,0.17,2,0,2,1,0,0,0,0,0,0,4.0,0,0,0.0,14,1,0,0,0,2,1,0,0,0,0,0,0.0,0.0,0.0,0.0,6.11,0.75,0.17,LG 트윈스,15078
22,강효종,22 P,0.15,1,1,0,0,0,0,1,0,0,0,5.0,2,2,2.0,22,5,0,0,0,4,0,0,4,0,0,0,3.6,3.6,3.6,3.51,4.26,1.8,0.15,LG 트윈스,14780
23,손주영,22 P,0.1,3,3,0,0,0,0,0,1,0,0,12.2,7,7,7.0,58,10,3,1,0,8,3,0,8,1,0,0,4.97,4.97,4.97,5.53,4.9,1.42,0.1,LG 트윈스,12908
24,오석주,22 P,0.06,4,0,4,2,0,0,0,0,0,0,3.2,1,1,1.7,15,4,0,1,1,0,0,0,2,0,0,0,2.45,2.45,4.17,4.35,5.67,1.09,0.06,LG 트윈스,12860
25,김주완,22 P,0.05,1,0,1,1,0,0,0,0,0,0,1.0,0,0,0.0,5,1,0,0,0,1,0,0,0,0,0,0,0.0,0.0,0.0,0.0,6.88,2.0,0.05,LG 트윈스,15079
26,송승기,22 P,0.01,7,0,7,2,0,0,0,1,0,0,8.1,5,5,5.0,40,9,2,0,1,6,0,0,10,0,0,1,5.4,5.4,5.4,5.79,4.44,1.8,0.01,LG 트윈스,14846
27,임준형,22 P,-0.02,10,5,5,1,0,0,1,3,0,1,30.0,20,22,20.8,140,36,4,0,2,14,3,0,26,2,0,1,6.0,6.6,6.24,6.58,4.17,1.67,-0.02,LG 트윈스,14142
28,허준혁,22 P,-0.16,6,0,6,3,0,0,0,0,0,0,4.2,5,6,6.0,27,11,1,1,3,2,0,0,4,1,0,0,9.64,11.57,11.57,12.69,10.62,2.79,-0.16,LG 트윈스,15083
29,백승현,22 P,-0.59,12,0,12,3,0,0,0,1,0,1,10.0,12,13,11.95,52,15,2,1,2,9,0,2,3,0,0,0,10.8,11.7,10.76,11.54,7.89,2.4,-0.59,LG 트윈스,13009
1,반즈,22 P,5.1,31,31,0,0,0,0,12,12,0,0,186.1,75,87,80.15,788,176,27,5,8,47,18,1,160,10,0,7,3.62,4.2,3.87,3.75,3.21,1.2,5.1,롯데 자이언츠,15011
2,박세웅,22 P,3.31,28,28,0,0,0,0,10,11,0,0,157.1,68,80,77.45,679,179,32,4,8,32,8,1,146,12,0,8,3.89,4.58,4.43,4.31,2.84,1.34,3.31,롯데 자이언츠,11310
3,이인복,22 P,3.02,26,23,3,0,0,0,9,9,0,1,126.2,59,63,60.25,547,153,22,1,6,30,4,0,71,6,0,4,4.19,4.48,4.28,4.06,3.78,1.44,3.02,롯데 자이언츠,11232
4,나균안,22 P,2.49,39,13,26,1,0,0,3,8,0,2,117.2,52,55,56.55,506,125,36,3,5,37,3,1,123,2,0,6,3.98,4.21,4.33,4.16,2.73,1.38,2.49,롯데 자이언츠,12930
5,스트레일리,22 P,2.15,11,11,0,0,0,0,4,2,0,0,62.1,16,24,22.45,260,54,8,0,5,22,6,0,55,4,0,2,2.31,3.47,3.24,3.18,3.93,1.22,2.15,롯데 자이언츠,14627
6,구승민,22 P,1.8,73,0,73,9,0,0,2,4,0,26,62.0,20,20,23.95,263,46,8,1,3,35,1,4,77,0,0,7,2.9,2.9,3.48,3.43,2.91,1.31,1.8,롯데 자이언츠,11291
7,최준용,22 P,1.12,68,0,68,30,0,0,3,4,14,6,71.0,32,35,36.85,303,63,13,0,10,20,6,3,80,5,0,4,4.06,4.44,4.67,4.44,3.69,1.17,1.12,롯데 자이언츠,14624
8,서준원,22 P,1.11,33,4,29,6,0,0,3,3,0,2,60.0,32,32,30.05,265,65,10,1,3,23,5,0,45,4,0,2,4.8,4.8,4.51,4.26,3.95,1.47,1.11,롯데 자이언츠,14159
9,스파크맨,22 P,0.92,19,19,0,0,0,0,2,4,0,0,84.2,50,55,51.5,386,97,14,1,6,43,4,1,89,8,0,5,5.31,5.85,5.47,5.28,3.68,1.65,0.92,롯데 자이언츠,15010
10,김도규,22 P,0.85,55,0,55,11,0,0,4,4,3,8,51.0,21,26,24.8,218,48,8,1,2,19,4,2,45,2,0,3,3.71,4.59,4.38,4.34,3.38,1.31,0.85,롯데 자이언츠,13148
11,김원중,22 P,0.62,43,0,43,27,0,0,2,3,17,2,43.0,19,21,22.35,187,40,10,1,4,16,0,3,60,4,0,3,3.98,4.4,4.68,4.53,2.41,1.3,0.62,롯데 자이언츠,10825
12,김진욱,22 P,0.11,14,12,2,1,0,0,2,5,0,0,46.2,33,36,33.25,227,43,8,1,3,35,8,1,52,1,0,4,6.36,6.94,6.41,6.26,4.55,1.67,0.11,롯데 자이언츠,14792
13,김창훈,22 P,0.02,1,0,1,0,0,0,0,0,0,0,1.2,1,1,1.0,8,3,1,0,0,0,0,0,2,0,0,0,5.4,5.4,5.4,5.02,0.78,1.8,0.02,롯데 자이언츠,14793
14,이대호,22 DH,0.01,1,0,1,0,0,0,0,0,0,1,0.1,0,0,0.0,1,0,0,0,0,0,0,0,0,0,0,0,0.0,0.0,0.0,0.0,3.78,0.0,0.01,롯데 자이언츠,10251
15,조무근,22 P,0.01,2,0,2,2,0,0,0,0,0,0,2.0,1,1,1.5,9,2,1,0,0,1,0,0,1,0,0,0,4.5,4.5,6.75,6.28,4.08,1.5,0.01,롯데 자이언츠,11322
16,강윤구,22 P,-0.01,29,0,29,6,0,0,0,0,0,0,21.1,13,17,15.3,97,25,6,1,0,6,1,0,27,2,0,0,5.48,7.17,6.45,6.24,1.64,1.45,-0.01,롯데 자이언츠,10423
17,정성종,22 P,-0.03,5,0,5,4,0,0,0,0,0,0,4.1,2,4,4.0,21,4,1,0,0,4,0,0,5,1,0,0,4.15,8.31,8.31,7.73,3.76,1.85,-0.03,롯데 자이언츠,13147
18,김대우,22 P,-0.12,10,0,10,3,0,0,0,0,0,1,10.0,5,5,8.3,43,6,2,1,0,8,0,0,8,0,0,4,4.5,4.5,7.47,7.2,4.26,1.4,-0.12,롯데 자이언츠,10271
19,나원탁,22 P,-0.13,7,0,7,6,0,0,0,0,0,0,6.0,6,7,7.0,34,9,1,0,1,5,2,0,8,0,0,0,9.0,10.5,10.5,10.58,6.05,2.33,-0.13,롯데 자이언츠,12935
20,진명호,22 P,-0.14,16,0,16,4,0,0,0,0,0,0,16.1,11,12,12.9,80,23,4,0,1,9,2,0,11,1,0,1,6.06,6.61,7.11,7.1,4.92,1.96,-0.14,롯데 자이언츠,10301
21,이강준,22 P,-0.15,13,0,13,4,0,0,0,0,0,1,9.2,11,11,9.25,57,9,0,0,1,20,0,0,6,0,0,1,10.24,10.24,8.61,8.01,9.88,3.0,-0.15,롯데 자이언츠,14601
22,문경찬,22 P,-0.17,38,0,38,18,0,0,1,2,0,1,40.1,26,27,33.05,184,51,11,0,7,13,1,1,31,1,1,2,5.8,6.02,7.37,6.9,4.63,1.59,-0.17,롯데 자이언츠,11299
23,진승현,22 P,-0.2,10,0,10,3,0,0,0,0,0,0,9.0,9,9,9.2,48,12,2,0,2,7,1,0,11,1,0,1,9.0,9.0,9.2,8.6,6.13,2.11,-0.2,롯데 자이언츠,15047
24,최영환,22 P,-0.2,1,1,0,0,0,0,0,1,0,0,2.2,6,6,5.5,18,8,2,0,0,1,1,0,1,0,0,0,20.25,20.25,18.56,17.27,5.17,3.38,-0.2,롯데 자이언츠,11276
25,이승헌,22 P,-0.21,1,1,0,0,0,0,0,1,0,0,0.2,4,4,4.0,8,3,2,0,0,3,0,0,1,0,0,1,54.0,54.0,54.0,50.24,13.98,9.0,-0.21,롯데 자이언츠,13146
26,김민기,22 P,-0.24,1,0,1,0,0,0,0,0,0,0,0.2,5,5,5.35,8,6,2,0,1,1,0,0,0,0,0,0,67.5,67.5,72.23,67.2,26.28,10.5,-0.24,롯데 자이언츠,14635
27,최건,22 P,-0.3,5,0,5,1,0,0,0,0,0,0,2.1,6,8,6.45,20,7,3,0,0,6,0,0,3,0,0,0,23.14,30.86,24.88,23.65,8.54,5.57,-0.3,롯데 자이언츠,13169
28,이민석,22 P,-0.34,27,1,26,1,0,0,1,1,0,5,33.2,22,27,27.3,167,43,8,0,4,19,2,1,37,4,0,3,5.88,7.22,7.3,7.0,4.29,1.84,-0.34,롯데 자이언츠,15045
29,김유영,22 P,-0.95,68,0,68,7,0,0,6,2,0,13,51.0,32,34,42.3,254,73,15,1,4,30,3,2,44,1,0,4,5.65,6.0,7.46,7.11,4.44,2.02,-0.95,롯데 자이언츠,11229
1,놀린,22 P,4.61,21,21,0,0,0,0,8,8,0,0,124.0,34,41,40.0,512,115,19,2,7,24,8,1,108,9,1,4,2.47,2.98,2.9,2.96,3.05,1.12,4.61,KIA 타이거즈,14998
2,양현종,22 P,3.46,30,30,0,0,0,0,12,7,0,0,175.1,75,86,85.15,743,170,33,3,14,50,3,1,141,11,0,3,3.85,4.41,4.37,4.44,3.66,1.25,3.46,KIA 타이거즈,10058
3,임기영,22 P,2.85,26,23,3,1,0,0,4,13,1,0,129.1,61,63,60.55,555,137,25,1,18,36,5,1,82,0,0,2,4.24,4.38,4.21,4.26,4.81,1.34,2.85,KIA 타이거즈,10909
4,파노니,22 P,2.75,14,14,0,0,0,0,3,4,0,0,82.2,25,33,29.4,348,78,6,1,5,24,2,0,73,7,0,5,2.72,3.59,3.2,3.28,3.27,1.23,2.75,KIA 타이거즈,15147
5,이의리,22 P,2.66,29,28,1,0,0,0,10,10,0,0,154.0,66,79,78.8,671,128,26,4,18,74,9,0,161,10,0,7,3.86,4.62,4.61,4.68,4.23,1.31,2.66,KIA 타이거즈,14788
6,정해영,22 P,1.71,55,0,55,47,0,0,3,7,32,0,56.0,21,21,22.05,238,54,12,1,3,18,0,1,43,4,0,0,3.38,3.38,3.54,3.62,3.44,1.29,1.71,KIA 타이거즈,14608
7,이준영,22 P,1.41,75,0,75,8,0,0,1,1,1,17,46.1,15,17,16.2,202,41,8,0,3,26,0,3,42,5,0,0,2.91,3.3,3.15,3.19,3.89,1.45,1.41,KIA 타이거즈,11303
8,전상현,22 P,1.23,50,0,50,6,0,0,5,5,2,16,46.1,17,20,18.65,195,42,10,0,2,16,0,2,53,3,0,2,3.3,3.88,3.62,3.65,2.37,1.25,1.23,KIA 타이거즈,12537
9,장현식,22 P,1.09,54,0,54,5,0,0,2,3,1,19,52.0,18,20,23.3,233,54,11,2,4,26,1,3,40,3,0,4,3.12,3.46,4.03,4.07,4.21,1.54,1.09,KIA 타이거즈,11164
10,김기훈,22 P,0.53,5,0,5,0,0,0,0,0,0,0,8.2,1,1,1.0,36,4,0,0,0,7,0,0,9,0,0,0,1.04,1.04,1.04,1.01,3.69,1.27,0.53,KIA 타이거즈,14176
11,고영창,22 P,0.36,27,0,27,10,0,0,0,1,0,0,24.0,5,5,11.65,104,24,3,0,2,10,3,0,9,0,0,0,1.88,1.88,4.37,4.47,5.52,1.42,0.36,KIA 타이거즈,11068
12,윤중현,22 P,0.31,47,0,47,4,0,0,3,1,0,5,53.2,30,32,30.65,240,63,8,0,4,14,5,0,27,5,0,1,5.03,5.37,5.14,5.28,4.51,1.43,0.31,KIA 타이거즈,13122
13,한승혁,22 P,0.25,24,16,8,2,0,0,4,3,0,0,80.1,47,52,52.55,376,100,13,3,4,40,6,0,69,5,0,6,5.27,5.83,5.89,5.97,4.0,1.74,0.25,KIA 타이거즈,10812
14,장지수,22 P,0.13,1,0,1,0,0,0,0,0,0,0,2.0,0,0,0.0,9,2,0,0,0,1,0,0,1,0,0,1,0.0,0.0,0.0,0.0,4.08,1.5,0.13,KIA 타이거즈,14178
15,이승재,22 P,0.07,1,0,1,0,0,0,0,0,0,0,1.0,0,0,0.0,4,0,0,0,0,0,1,0,1,0,0,0,0.0,0.0,0.0,0.0,4.38,0.0,0.07,KIA 타이거즈,14787
16,김현수,22 P,0.03,1,0,1,1,0,0,0,0,0,0,2.0,1,1,1.0,9,3,1,0,0,1,0,0,1,0,0,0,4.5,4.5,4.5,4.19,4.08,2.0,0.03,KIA 타이거즈,14162
17,김도현,22 P,0.02,4,2,2,1,0,0,0,1,0,0,10.2,7,7,6.5,48,14,1,0,2,5,0,0,11,0,0,0,5.91,5.91,5.48,5.08,4.89,1.78,0.02,KIA 타이거즈,14128
18,홍상삼,22 P,0.01,24,0,24,6,0,0,2,1,0,1,21.2,14,16,14.65,100,19,7,0,3,15,1,0,19,2,0,1,5.82,6.65,6.09,6.17,5.53,1.57,0.01,KIA 타이거즈,10230
19,장재혁,22 P,0.01,3,0,3,2,0,0,0,0,0,0,3.0,2,2,2.0,15,3,0,0,0,3,0,0,4,0,0,2,6.0,6.0,6.0,6.16,3.55,2.0,0.01,KIA 타이거즈,14657
20,로니,22 P,-0.04,10,9,1,0,0,0,3,3,0,0,44.1,29,36,32.4,208,47,7,1,7,28,3,0,32,4,1,2,5.89,7.31,6.58,6.7,6.03,1.69,-0.04,KIA 타이거즈,14997
21,김유신,22 P,-0.07,10,0,10,1,0,0,1,0,0,0,14.2,10,11,10.55,70,9,4,0,3,16,0,0,9,1,0,0,6.14,6.75,6.47,6.47,8.07,1.7,-0.07,KIA 타이거즈,13114
22,이민우,22 P,-0.23,1,1,0,0,0,0,0,1,0,0,4.0,7,7,7.0,24,10,1,0,0,3,2,0,1,0,0,0,15.75,15.75,15.75,14.68,7.03,3.25,-0.23,KIA 타이거즈,13003
23,송후섭,22 P,-0.24,1,0,1,0,0,0,0,0,0,0,0.1,6,6,5.3,7,4,1,0,0,1,1,0,0,0,0,0,99.99,99.99,143.1,133.35,22.38,15.0,-0.24,KIA 타이거즈,12867
24,박준표,22 P,-0.26,34,0,34,6,0,0,1,0,0,8,23.1,14,15,16.55,112,27,4,0,4,10,8,3,11,1,0,0,5.4,5.79,6.38,6.62,6.64,1.59,-0.26,KIA 타이거즈,11070
25,최지민,22 P,-0.28,6,0,6,3,0,0,0,0,0,0,6.0,9,9,8.65,36,12,2,0,1,5,1,0,7,0,0,1,13.5,13.5,12.98,13.32,5.95,2.83,-0.28,KIA 타이거즈,15057
26,김현준,22 P,-0.3,12,0,12,7,0,0,0,1,0,0,14.2,9,14,15.0,72,19,7,0,0,5,2,2,9,3,0,0,5.52,8.59,9.2,9.5,3.31,1.64,-0.3,KIA 타이거즈,12533
27,김재열,22 P,-0.32,47,0,47,15,0,0,1,2,1,5,43.0,29,33,32.15,193,45,10,2,5,22,1,2,36,3,0,3,6.07,6.91,6.73,6.82,4.66,1.56,-0.32,KIA 타이거즈,14747
28,남하준,22 P,-0.41,11,0,11,6,0,0,1,1,0,1,10.1,10,11,12.0,55,18,4,0,4,6,1,0,6,0,0,1,8.71,9.58,10.45,10.56,9.04,2.32,-0.41,KIA 타이거즈,12535
29,김정빈,22 P,-0.43,31,0,31,7,0,0,3,0,0,2,27.0,21,21,22.4,128,23,5,2,2,24,4,0,23,0,0,3,7.0,7.0,7.47,7.61,5.75,1.74,-0.43,KIA 타이거즈,11364
30,유승철,22 P,-0.94,21,0,21,6,0,0,3,0,0,0,19.0,16,20,22.9,93,21,5,0,5,16,0,1,14,1,0,8,7.58,9.47,10.85,10.44,7.52,1.95,-0.94,KIA 타이거즈,12914
1,고영표,22 P,6.13,28,28,0,1,1,1,13,8,0,0,182.1,66,69,67.45,758,191,31,3,7,23,16,1,156,7,0,1,3.26,3.41,3.33,3.21,2.75,1.17,6.13,KT 위즈,11308
2,소형준,22 P,5.39,27,27,0,0,0,0,13,6,0,0,171.1,58,68,66.6,703,158,16,6,8,39,5,1,117,11,0,6,3.05,3.57,3.5,3.39,3.41,1.15,5.39,KT 위즈,14600
3,엄상백,22 P,4.73,33,22,11,0,0,0,11,2,0,0,140.1,46,52,51.15,581,125,24,2,14,46,4,0,139,4,0,1,2.95,3.33,3.28,3.12,3.6,1.22,4.73,KT 위즈,11318
4,벤자민,22 P,3.48,17,17,0,0,0,0,5,4,0,0,96.2,29,34,34.0,385,75,9,1,11,24,4,2,77,6,1,3,2.7,3.17,3.17,3.02,4.04,1.02,3.48,KT 위즈,15143
5,김민수,22 P,3.24,76,0,76,13,0,0,5,4,3,30,80.2,17,19,25.35,327,66,13,1,3,15,6,3,91,4,0,6,1.9,2.12,2.83,2.72,2.1,1.0,3.24,KT 위즈,11317
6,데스파이네,22 P,2.69,30,29,1,0,0,0,8,12,0,0,163.0,82,94,88.2,725,198,27,0,14,48,9,2,123,13,1,7,4.53,5.19,4.87,4.7,3.98,1.51,2.69,KT 위즈,14602
7,김재윤,22 P,2.26,61,0,61,55,0,0,9,7,33,0,66.1,24,26,24.95,267,46,6,0,5,21,0,6,78,1,1,2,3.26,3.53,3.39,3.3,2.54,1.01,2.26,KT 위즈,11489
8,배제성,22 P,2.11,24,18,6,4,0,0,3,9,0,0,107.0,50,56,54.3,458,103,15,2,8,46,1,0,89,3,0,8,4.21,4.71,4.57,4.26,3.96,1.39,2.11,KT 위즈,11394
9,주권,22 P,1.37,58,0,58,9,0,0,3,3,1,15,50.2,22,22,19.3,203,58,7,1,3,8,0,0,31,0,0,0,3.91,3.91,3.43,3.42,3.45,1.3,1.37,KT 위즈,11323
10,박영현,22 P,0.93,52,0,52,17,0,0,0,1,0,2,51.2,21,23,24.85,219,46,8,0,5,20,0,1,55,1,0,3,3.66,4.01,4.33,4.09,3.41,1.28,0.93,KT 위즈,15089
11,이채호,22 P,0.76,38,0,38,6,0,0,5,0,0,3,36.2,12,13,15.95,156,28,11,0,0,13,6,2,32,2,0,2,2.95,3.19,3.92,3.81,3.12,1.12,0.76,KT 위즈,13130
12,심재민,22 P,0.63,44,1,43,7,0,0,4,1,0,6,43.1,18,19,21.9,184,41,6,2,4,16,2,3,21,2,0,0,3.74,3.95,4.55,4.45,4.82,1.32,0.63,KT 위즈,11311
13,쿠에바스,22 P,0.48,2,2,0,0,0,0,1,0,0,0,11.0,3,3,3.0,40,2,0,0,1,5,1,0,8,0,0,2,2.45,2.45,2.45,2.41,4.74,0.64,0.48,KT 위즈,13942
14,박시영,22 P,0.36,17,0,17,6,0,0,0,2,0,5,15.2,8,8,7.1,68,19,1,0,2,4,0,1,11,0,0,0,4.6,4.6,4.08,4.0,4.14,1.47,0.36,KT 위즈,10737
15,조현우,22 P,0.25,19,0,19,3,0,0,0,0,0,2,12.0,6,8,5.2,57,14,3,1,0,4,4,0,5,1,0,0,4.5,6.0,3.9,3.72,4.81,1.5,0.25,KT 위즈,11316
16,김민,22 P,0.21,6,0,6,0,0,0,0,0,0,2,7.2,2,2,2.5,28,4,0,0,1,2,1,0,8,0,0,0,2.35,2.35,2.93,3.01,3.94,0.78,0.21,KT 위즈,13167
17,이정현,22 P,0.11,3,0,3,2,0,0,0,0,0,0,3.2,1,1,1.0,18,3,0,0,1,4,1,0,1,0,0,0,2.45,2.45,2.45,2.26,10.58,1.91,0.11,KT 위즈,12937
18,안영명,22 P,0.07,4,0,4,2,0,0,0,0,0,0,3.1,1,1,1.35,13,3,1,0,0,0,0,0,1,1,0,0,2.7,2.7,3.65,3.49,3.03,0.9,0.07,KT 위즈,10600
19,지명성,22 P,0.03,2,0,2,2,0,0,0,0,0,0,2.0,1,1,1.0,10,3,0,0,0,0,1,0,1,0,0,1,4.5,4.5,4.5,4.15,4.08,1.5,0.03,KT 위즈,14775
20,이상우,22 P,0.01,2,0,2,0,0,0,0,0,0,0,3.1,1,1,2.55,14,3,1,0,0,2,0,0,1,0,0,0,2.7,2.7,6.89,6.35,4.89,1.5,0.01,KT 위즈,15090
21,김태오,22 P,-0.02,5,0,5,1,0,0,0,0,0,0,4.1,2,2,3.9,22,9,0,0,0,0,0,0,5,0,0,0,4.15,4.15,8.1,7.47,0.9,2.08,-0.02,KT 위즈,12577
22,이창재,22 P,-0.11,4,0,4,1,0,0,0,1,0,0,1.1,5,5,3.45,12,5,1,0,0,2,1,0,2,0,0,0,33.75,33.75,23.29,21.47,7.01,5.25,-0.11,KT 위즈,11320
23,전유수,22 P,-0.22,8,0,8,8,0,0,0,0,0,0,11.0,10,10,12.75,54,17,6,0,1,5,0,0,2,0,0,0,8.18,8.18,10.43,10.04,5.82,2.0,-0.22,KT 위즈,10841
24,하준호,22 P,-0.29,20,0,20,6,0,0,0,1,0,0,16.1,15,16,15.35,77,16,2,0,2,16,1,0,15,0,0,1,8.27,8.82,8.46,8.54,6.17,1.96,-0.29,KT 위즈,10304
25,류희운,22 P,-0.36,8,0,8,1,0,0,0,1,0,0,5.2,9,9,8.85,26,10,0,0,2,1,0,0,5,0,0,0,14.29,14.29,14.06,12.96,6.33,1.94,-0.36,KT 위즈,12655
1,수아레즈,22 P,6.23,30,29,1,0,0,0,6,8,0,0,173.2,48,61,59.8,714,151,19,0,7,50,4,0,159,16,0,6,2.49,3.16,3.1,3.09,2.94,1.16,6.23,삼성 라이온즈,15001
2,뷰캐넌,22 P,5.47,26,26,0,1,1,1,11,8,0,0,160.0,54,61,60.3,691,176,29,2,10,39,8,0,117,6,0,2,3.04,3.43,3.39,3.22,3.61,1.34,5.47,삼성 라이온즈,14617
3,원태인,22 P,4.37,27,27,0,0,0,0,10,8,0,0,165.1,72,75,73.3,700,175,25,1,16,38,4,3,130,8,0,3,3.92,4.08,3.99,3.86,3.72,1.29,4.37,삼성 라이온즈,14113
4,오승환,22 P,1.54,57,0,57,47,0,0,6,2,31,2,57.0,21,23,25.2,239,59,9,1,8,13,1,0,51,4,0,1,3.32,3.63,3.98,3.75,3.98,1.26,1.54,삼성 라이온즈,10367
5,백정현,22 P,1.51,24,24,0,0,0,0,4,13,0,0,124.2,73,76,73.75,562,154,27,2,22,37,9,1,70,9,0,9,5.27,5.49,5.32,5.2,5.62,1.53,1.51,삼성 라이온즈,10363
6,홍정우,22 P,0.67,26,0,26,4,0,0,5,2,0,1,26.2,9,10,10.7,111,19,6,0,3,13,0,4,20,1,0,0,3.04,3.38,3.61,3.42,4.53,1.2,0.67,삼성 라이온즈,13242
7,이승현,22 P,0.66,54,0,54,8,0,0,0,2,0,13,50.0,26,26,26.4,217,48,14,1,5,22,3,1,39,0,0,0,4.68,4.68,4.75,4.64,4.51,1.4,0.66,삼성 라이온즈,10527
8,우규민,22 P,0.57,60,0,60,7,0,0,4,3,1,16,47.0,17,21,25.8,201,55,11,0,3,6,4,2,31,6,1,0,3.26,4.02,4.94,4.72,3.42,1.3,0.57,삼성 라이온즈,10523
9,문용익,22 P,0.42,39,0,39,11,0,0,1,2,1,2,37.2,14,20,20.85,163,31,5,0,2,22,2,0,23,2,0,2,3.35,4.78,4.98,4.84,4.86,1.41,0.42,삼성 라이온즈,12885
10,이승현,22 P,0.25,58,0,58,12,0,0,2,4,1,14,47.2,24,28,28.9,212,43,10,1,5,21,3,2,57,5,0,6,4.53,5.29,5.46,5.26,3.47,1.34,0.25,삼성 라이온즈,14798
11,최하늘,22 P,0.22,14,5,9,4,0,0,1,4,0,1,33.2,23,23,22.25,156,42,4,1,5,15,2,0,18,0,1,0,6.15,6.15,5.95,5.6,5.78,1.69,0.22,삼성 라이온즈,13152
12,이승민,22 P,0.21,2,0,2,0,0,0,0,0,0,0,5.1,1,1,1.0,23,2,1,0,0,5,0,0,2,0,0,0,1.69,1.69,1.69,1.57,5.75,1.31,0.21,삼성 라이온즈,14616
13,박주혁,22 P,0.17,8,0,8,6,0,0,0,0,0,0,6.2,1,3,2.15,29,5,0,0,1,4,0,0,3,0,0,1,1.35,4.05,2.9,2.76,6.3,1.35,0.17,삼성 라이온즈,14668
14,김대우,22 P,0.16,4,0,4,1,0,0,1,0,0,0,4.1,1,1,1.0,16,4,0,0,0,0,0,0,5,0,0,0,2.08,2.08,2.08,2.33,0.9,0.92,0.16,삼성 라이온즈,10685
15,허윤동,22 P,0.15,12,12,0,0,0,0,4,3,0,0,55.0,40,43,40.05,264,64,13,0,8,34,6,0,36,1,0,2,6.55,7.04,6.55,6.26,6.13,1.78,0.15,삼성 라이온즈,14613
16,최충연,22 P,0.11,38,0,38,13,0,0,0,1,0,0,38.1,20,24,25.25,177,39,10,1,3,20,5,3,29,5,0,3,4.7,5.63,5.93,5.82,4.6,1.54,0.11,삼성 라이온즈,12530
17,김윤수,22 P,0.1,37,1,36,5,0,0,3,3,0,3,35.0,23,29,22.95,168,39,9,0,2,22,2,1,32,5,0,6,5.91,7.46,5.9,5.59,4.22,1.74,0.1,삼성 라이온즈,13162
18,장필준,22 P,0.02,19,1,18,1,0,0,0,3,0,0,30.0,19,20,20.35,139,38,11,1,1,15,3,2,17,1,0,1,5.7,6.0,6.11,5.87,4.42,1.77,0.02,삼성 라이온즈,11404
19,이수민,22 P,0.01,4,0,4,0,0,0,0,0,0,0,4.2,3,3,3.0,23,3,0,0,1,5,1,0,2,1,0,0,5.79,5.79,5.79,6.19,9.25,1.71,0.01,삼성 라이온즈,11196
20,노성호,22 P,-0.01,3,0,3,0,0,0,0,0,0,0,2.0,1,1,1.5,11,2,0,0,0,3,0,0,2,0,0,0,4.5,4.5,6.75,6.28,5.93,2.5,-0.01,삼성 라이온즈,11144
21,박세웅,22 P,-0.02,5,0,5,2,0,0,0,0,0,0,2.2,2,2,2.0,14,1,0,0,0,5,1,0,2,0,0,0,6.75,6.75,6.75,7.05,8.88,2.25,-0.02,삼성 라이온즈,12651
22,박정준,22 P,-0.05,8,0,8,2,0,0,0,0,0,0,10.0,7,7,8.7,45,10,2,0,2,5,1,0,4,0,0,0,6.3,6.3,7.83,7.66,7.02,1.5,-0.05,삼성 라이온즈,11220
23,임대한,22 P,-0.1,12,0,12,0,0,0,2,1,0,1,13.2,8,11,10.15,65,12,5,0,1,9,1,2,8,3,0,1,5.27,7.24,6.68,6.39,5.01,1.54,-0.1,삼성 라이온즈,12558
24,김서준,22 P,-0.13,3,0,3,2,0,0,0,0,0,0,2.2,3,4,4.5,19,6,2,0,1,4,1,0,2,0,0,0,10.13,13.5,15.19,14.78,12.18,3.75,-0.13,삼성 라이온즈,15039
25,이상민,22 P,-0.14,46,0,46,6,0,0,0,0,0,9,29.1,12,13,19.75,138,30,6,1,5,15,3,1,23,2,0,2,3.68,3.99,6.06,5.99,5.75,1.53,-0.14,삼성 라이온즈,11169
26,이재익,22 P,-0.15,42,0,42,9,0,0,3,2,0,7,33.1,22,25,23.95,149,41,7,0,4,9,1,0,21,3,0,0,5.94,6.75,6.47,6.22,4.57,1.5,-0.15,삼성 라이온즈,13244
27,양창섭,22 P,-0.17,6,6,0,0,0,0,2,3,0,0,20.1,19,19,17.45,96,24,5,1,3,12,1,0,10,0,0,0,8.41,8.41,7.72,7.73,6.29,1.77,-0.17,삼성 라이온즈,13157
28,김승현,22 P,-0.35,6,0,6,1,0,0,0,1,0,2,4.0,5,7,6.5,24,6,1,0,2,4,0,0,5,1,0,1,11.25,15.75,14.63,13.89,9.71,2.5,-0.35,삼성 라이온즈,12637
29,황동재,22 P,-0.46,16,13,3,2,0,0,1,3,0,0,66.1,52,58,57.5,312,91,20,2,9,31,0,0,53,3,1,1,7.06,7.87,7.8,7.41,4.85,1.84,-0.46,삼성 라이온즈,14615
1,김광현,22 P,7.39,28,28,0,0,0,0,13,3,0,0,173.1,41,48,48.0,694,141,16,2,10,45,5,2,153,9,0,1,2.13,2.49,2.49,2.44,3.14,1.07,7.39,SSG 랜더스,10126
2,폰트,22 P,6.5,28,28,0,1,1,0,13,6,0,0,184.0,55,63,63.0,729,141,22,3,18,34,6,1,170,7,0,5,2.69,3.08,3.08,3.01,3.31,0.95,6.5,SSG 랜더스,14759
3,모리만도,22 P,3.43,12,12,0,0,0,0,7,1,0,0,75.1,14,19,19.0,304,57,8,0,2,23,4,0,67,5,0,2,1.67,2.27,2.27,2.23,2.99,1.06,3.43,SSG 랜더스,15149
4,노경은,22 P,2.8,41,8,33,7,0,0,12,5,1,7,79.2,27,28,29.05,323,69,10,0,5,23,4,0,55,5,0,5,3.05,3.16,3.28,3.13,3.86,1.15,2.8,SSG 랜더스,10203
5,이태양,22 P,2.77,30,17,13,3,0,0,8,3,0,1,112.0,45,50,49.3,472,116,18,0,15,24,5,2,61,7,0,0,3.62,4.02,3.96,3.78,4.76,1.25,2.77,SSG 랜더스,10609
6,오원석,22 P,2.53,31,24,7,0,0,0,6,8,0,0,144.0,72,79,72.75,633,158,21,2,16,58,3,1,112,9,0,7,4.5,4.94,4.55,4.46,4.48,1.5,2.53,SSG 랜더스,14581
7,서진용,22 P,1.36,68,0,68,40,0,0,7,3,21,12,67.1,30,32,31.85,297,64,10,1,5,36,3,3,55,2,0,6,4.01,4.28,4.26,4.04,4.33,1.49,1.36,SSG 랜더스,10784
8,최민준,22 P,0.82,51,1,50,10,0,0,5,4,0,5,68.1,30,37,36.8,288,51,8,1,10,34,2,2,48,8,0,7,3.95,4.87,4.85,4.64,5.4,1.24,0.82,SSG 랜더스,13126
9,김택형,22 P,0.79,64,0,64,24,0,0,3,5,17,10,60.1,33,33,32.15,261,57,9,0,8,22,3,1,62,2,0,6,4.92,4.92,4.8,4.52,4.03,1.31,0.79,SSG 랜더스,11373
10,장지훈,22 P,0.58,40,0,40,12,0,0,2,0,0,6,55.0,26,26,30.65,231,56,8,2,6,11,3,2,33,3,0,4,4.25,4.25,5.02,4.77,4.37,1.22,0.58,SSG 랜더스,14804
11,고효준,22 P,0.36,45,0,45,6,0,0,1,0,0,7,38.2,16,18,21.1,174,35,6,2,1,20,2,2,35,5,0,7,3.72,4.19,4.91,4.84,3.51,1.42,0.36,SSG 랜더스,10124
12,서동민,22 P,0.32,20,0,20,2,0,0,1,1,0,5,21.0,6,11,10.65,86,13,3,0,3,11,1,0,19,2,0,3,2.57,4.71,4.56,4.37,4.99,1.14,0.32,SSG 랜더스,13191
13,박민호,22 P,0.17,22,0,22,11,0,0,1,1,1,4,22.0,10,10,12.75,101,26,2,0,3,11,2,1,12,0,0,0,4.09,4.09,5.22,5.0,5.88,1.68,0.17,SSG 랜더스,11236
14,박종훈,22 P,0.15,11,11,0,0,0,0,3,5,0,0,48.0,32,34,32.95,220,52,4,1,6,21,8,0,40,3,0,3,6.0,6.38,6.18,6.03,5.06,1.52,0.15,SSG 랜더스,10131
15,문승원,22 P,-0.01,23,0,23,7,0,0,1,1,3,3,24.2,14,15,16.2,112,32,6,0,3,7,2,0,25,1,0,0,5.11,5.47,5.91,5.57,3.83,1.58,-0.01,SSG 랜더스,10783
16,전영준,22 P,-0.01,4,1,3,1,0,0,0,0,0,0,5.0,4,4,4.2,25,7,2,0,2,3,1,0,7,0,0,1,7.2,7.2,7.56,7.21,7.52,2.0,-0.01,SSG 랜더스,15032
17,김주온,22 P,-0.02,5,0,5,4,0,0,0,0,0,0,4.0,5,5,3.45,20,3,1,0,1,5,0,0,4,0,0,0,11.25,11.25,7.76,7.23,8.13,2.0,-0.02,SSG 랜더스,13057
18,이건욱,22 P,-0.04,1,1,0,0,0,0,0,1,0,0,3.0,3,3,3.0,14,2,0,0,1,4,0,0,2,0,0,0,9.0,9.0,9.0,8.39,10.22,2.0,-0.04,SSG 랜더스,11242
19,박시후,22 P,-0.04,2,0,2,1,0,0,0,0,0,0,1.0,2,2,1.5,6,3,1,0,0,0,0,0,0,0,0,0,18.0,18.0,13.5,13.65,3.78,3.0,-0.04,SSG 랜더스,14687
20,김건우,22 P,-0.06,2,1,1,1,0,0,0,0,0,0,3.0,3,3,3.0,17,5,1,0,1,4,0,0,1,0,0,0,9.0,9.0,9.0,8.77,11.05,3.0,-0.06,SSG 랜더스,14803
21,신헌민,22 P,-0.07,1,0,1,1,0,0,0,0,0,0,1.0,1,2,2.0,5,3,0,0,0,0,0,0,1,0,0,0,9.0,18.0,18.0,17.54,1.28,3.0,-0.07,SSG 랜더스,15024
22,정성곤,22 P,-0.08,2,0,2,0,0,0,0,0,0,0,2.2,3,3,3.35,13,1,0,0,1,3,1,0,3,0,0,0,10.13,10.13,11.31,10.54,10.08,1.5,-0.08,SSG 랜더스,11321
23,조요한,22 P,-0.09,23,0,23,4,0,0,2,1,0,5,19.1,14,15,13.15,89,17,1,0,2,13,4,1,15,3,0,7,6.52,6.98,6.12,5.79,5.8,1.55,-0.09,SSG 랜더스,14858
24,윤태현,22 P,-0.1,3,0,3,1,0,0,0,0,0,0,2.0,2,2,2.15,10,2,0,0,0,2,0,0,2,0,1,0,9.0,9.0,9.68,10.84,4.38,2.0,-0.1,SSG 랜더스,15023
25,신재영,22 P,-0.15,4,0,4,2,0,0,0,0,0,0,4.1,6,6,5.8,21,9,2,0,2,0,0,0,4,0,0,1,12.46,12.46,12.05,11.47,6.97,2.08,-0.15,SSG 랜더스,11149
26,김상수,22 P,-0.17,8,0,8,2,0,0,0,0,1,0,8.0,8,8,8.0,37,9,2,1,2,4,1,0,3,0,0,0,9.0,9.0,9.0,8.58,7.76,1.63,-0.17,SSG 랜더스,10427
27,노바,22 P,-0.27,12,12,0,0,0,0,3,4,0,0,63.2,46,50,49.15,291,78,10,2,5,25,5,0,32,8,1,9,6.5,7.07,6.95,6.98,4.92,1.62,-0.27,SSG 랜더스,15007
28,김태훈,22 P,-0.28,9,0,9,1,0,0,0,0,1,3,5.1,6,6,6.2,30,6,1,0,2,10,0,0,1,0,0,0,10.13,10.13,10.46,10.1,13.59,3.0,-0.28,SSG 랜더스,10133
29,한두솔,22 P,-0.57,8,0,8,3,0,0,0,0,0,0,5.1,10,10,10.85,30,10,2,0,0,4,0,0,1,0,0,1,16.88,16.88,18.31,17.32,5.64,2.63,-0.57,SSG 랜더스,13228
1,루친스키,22 P,5.69,31,31,0,0,0,0,10,12,0,0,193.2,64,77,75.1,797,184,34,2,14,34,8,1,194,10,0,9,2.97,3.58,3.49,3.49,2.8,1.13,5.69,NC 다이노스,13932
2,구창모,22 P,4.79,19,19,0,0,0,0,11,5,0,0,111.2,26,32,30.1,451,92,16,0,7,29,4,0,108,5,0,7,2.1,2.58,2.43,2.43,3.03,1.08,4.79,NC 다이노스,11353
3,이용찬,22 P,2.41,59,0,59,49,0,0,3,3,22,0,60.2,14,16,18.4,253,56,6,1,3,13,3,0,61,4,0,1,2.08,2.37,2.73,2.73,2.68,1.14,2.41,NC 다이노스,10217
4,김시훈,22 P,2.25,59,7,52,8,0,0,4,5,0,11,83.1,30,35,33.65,365,75,10,0,7,43,4,0,79,3,1,2,3.24,3.78,3.63,3.53,4.16,1.42,2.25,NC 다이노스,13080
5,신민혁,22 P,1.93,26,23,3,0,0,0,4,9,0,0,118.1,60,64,61.8,521,128,30,1,15,31,10,1,105,4,1,5,4.56,4.87,4.7,4.63,4.12,1.34,1.93,NC 다이노스,13085
6,김태경,22 P,1.48,16,7,9,3,0,0,3,2,0,1,44.1,16,16,16.0,194,36,6,0,4,21,5,0,31,2,0,2,3.25,3.25,3.25,3.11,4.93,1.29,1.48,NC 다이노스,14593
7,김영규,22 P,1.43,72,0,72,11,0,0,2,7,1,13,66.0,25,26,29.55,269,56,8,2,5,22,7,4,46,3,0,3,3.41,3.55,4.03,3.9,4.16,1.18,1.43,NC 다이노스,13088
8,송명기,22 P,1.21,25,22,3,2,0,0,5,7,0,0,107.2,54,67,62.05,496,116,21,4,14,54,15,0,106,6,0,9,4.51,5.6,5.19,5.15,4.75,1.58,1.21,NC 다이노스,14155
9,원종현,22 P,1.11,68,0,68,11,0,0,5,0,1,13,63.1,21,22,30.2,260,55,8,0,5,17,1,0,50,7,0,2,2.98,3.13,4.29,4.18,3.63,1.14,1.11,NC 다이노스,11161
10,이재학,22 P,1.05,26,17,9,2,0,0,3,8,0,0,91.0,48,56,52.4,406,75,14,2,5,54,8,0,72,9,1,6,4.75,5.54,5.18,5.12,4.57,1.42,1.05,NC 다이노스,10220
11,파슨스,22 P,1.04,8,8,0,0,0,0,1,2,0,0,43.0,17,19,18.3,182,34,4,2,4,21,1,0,43,2,0,8,3.56,3.98,3.83,3.95,3.98,1.28,1.04,NC 다이노스,14749
12,임정호,22 P,0.34,33,0,33,1,0,0,1,2,0,6,25.0,9,11,12.2,104,21,3,1,1,7,2,0,30,1,1,0,3.24,3.96,4.39,4.5,2.38,1.12,0.34,NC 다이노스,11168
13,더모디,22 P,0.22,8,8,0,0,0,0,3,5,0,0,39.2,20,27,25.3,179,42,8,0,3,13,7,0,37,3,0,1,4.54,6.13,5.74,5.75,3.92,1.39,0.22,NC 다이노스,15154
14,하준영,22 P,0.22,47,0,47,7,0,0,3,0,0,4,39.0,20,22,22.5,164,28,5,0,3,14,3,1,44,2,0,2,4.62,5.08,5.19,5.32,3.23,1.08,0.22,NC 다이노스,13115
15,전사민,22 P,0.12,7,0,7,2,0,0,0,0,0,0,8.1,3,4,4.0,34,5,0,0,1,6,0,0,2,1,0,0,3.24,4.32,4.32,4.33,6.84,1.32,0.12,NC 다이노스,14156
16,박동수,22 P,0.06,10,0,10,4,0,0,0,0,0,0,14.2,9,10,9.5,74,11,3,0,0,21,1,0,15,0,0,1,5.52,6.14,5.83,5.84,5.88,2.18,0.06,NC 다이노스,15112
17,한재승,22 P,0.04,12,0,12,2,0,0,0,0,0,2,10.2,3,4,6.75,54,13,2,0,0,10,1,1,11,1,0,0,2.53,3.38,5.7,5.75,4.4,2.16,0.04,NC 다이노스,14764
18,하준수,22 P,0.02,2,0,2,1,0,0,0,0,0,0,3.0,2,2,2.0,15,3,1,0,0,3,0,0,1,0,0,0,6.0,6.0,6.0,5.85,6.05,2.0,0.02,NC 다이노스,14654
19,이우석,22 P,-0.05,3,0,3,1,0,0,0,1,0,0,1.2,4,4,1.6,11,1,0,0,0,3,2,0,1,0,0,0,21.6,21.6,8.64,8.42,11.58,2.4,-0.05,NC 다이노스,11360
20,류진욱,22 P,-0.06,51,0,51,16,0,0,4,2,0,4,46.1,25,29,30.5,214,48,7,1,2,31,4,0,37,4,1,3,4.86,5.63,5.92,5.85,4.64,1.71,-0.06,NC 다이노스,11355
21,정구범,22 P,-0.06,2,0,2,1,0,0,0,0,0,0,1.1,2,2,2.0,6,1,0,0,1,1,0,0,2,0,0,0,13.5,13.5,13.5,13.16,11.28,1.5,-0.06,NC 다이노스,14595
22,조민석,22 P,-0.06,18,0,18,7,0,0,0,1,0,0,16.0,8,9,10.9,76,17,1,0,2,12,2,0,14,2,0,2,4.5,5.06,6.13,6.27,5.8,1.81,-0.06,NC 다이노스,15119
23,심창민,22 P,-0.18,11,0,11,2,0,0,1,2,0,0,6.1,10,10,6.25,37,9,2,0,0,7,3,0,6,0,0,2,14.21,14.21,8.88,8.45,6.31,2.53,-0.18,NC 다이노스,10720
24,강동연,22 P,-0.21,6,0,6,2,0,0,0,0,0,0,8.2,10,10,10.0,44,16,5,1,2,3,1,0,3,0,0,1,10.38,10.38,10.38,10.12,7.1,2.19,-0.21,NC 다이노스,10883
25,김진호,22 P,-0.4,36,0,36,8,0,0,4,0,1,0,42.2,29,30,30.9,196,53,6,0,7,20,1,0,35,2,0,10,6.12,6.33,6.52,6.48,5.21,1.71,-0.4,NC 다이노스,12897
26,김건태,22 P,-0.47,16,0,16,2,0,0,0,0,0,0,18.1,9,15,16.0,86,22,7,0,2,12,2,2,16,1,0,1,4.42,7.36,7.85,7.68,4.93,1.85,-0.47,NC 다이노스,10432
27,이용준,22 P,-0.6,10,2,8,2,0,0,0,1,0,0,22.0,21,23,24.05,116,33,11,1,4,13,3,0,19,3,0,3,8.59,9.41,9.84,9.65,6.04,2.09,-0.6,NC 다이노스,14763
1,곽빈,22 P,3.27,27,27,0,0,0,0,8,9,0,0,147.2,62,69,64.85,645,143,30,0,13,60,11,1,138,7,1,9,3.78,4.21,3.95,4.13,3.99,1.37,3.27,두산 베어스,13061
2,최원준,22 P,3.23,30,30,0,0,0,0,8,13,0,0,165.0,66,80,76.7,713,183,31,2,21,37,7,0,113,10,1,1,3.6,4.36,4.18,4.35,4.41,1.33,3.23,두산 베어스,12852
3,스탁,22 P,2.53,29,29,0,0,0,0,9,10,0,0,165.0,66,87,83.95,722,162,24,2,9,83,10,0,138,9,0,12,3.6,4.75,4.58,4.74,4.09,1.48,2.53,두산 베어스,14999
4,정철원,22 P,1.78,58,0,58,9,0,0,4,3,3,23,72.2,25,26,29.9,294,60,12,2,4,26,2,2,47,2,0,7,3.1,3.22,3.7,3.75,3.93,1.18,1.78,두산 베어스,13071
5,브랜든,22 P,1.51,11,11,0,0,0,0,5,3,0,0,65.0,26,29,28.15,276,56,10,0,5,24,1,0,40,7,1,2,3.6,4.02,3.9,4.03,4.35,1.23,1.51,두산 베어스,15153
6,김명신,22 P,1.18,68,0,68,11,0,0,3,3,0,10,79.2,32,33,36.0,333,75,9,2,5,25,3,0,61,0,0,4,3.62,3.73,4.07,4.38,3.71,1.26,1.18,두산 베어스,12847
7,최승용,22 P,0.85,48,15,33,2,0,0,3,7,0,5,93.1,55,59,52.15,423,104,15,4,8,43,2,0,64,9,1,1,5.3,5.69,5.03,5.23,4.58,1.58,0.85,두산 베어스,14770
8,홍건희,22 P,0.49,58,0,58,38,0,0,2,9,18,9,62.0,24,30,31.85,265,58,9,0,5,21,2,3,60,2,0,4,3.48,4.35,4.62,4.89,3.42,1.27,0.49,두산 베어스,10696
9,박정수,22 P,0.32,13,0,13,2,0,0,1,1,0,0,19.2,7,7,8.6,83,17,2,0,1,9,1,0,18,1,0,1,3.2,3.2,3.94,4.23,3.68,1.32,0.32,두산 베어스,11300
10,이영하,22 P,0.29,21,20,1,0,0,0,6,8,0,0,98.2,54,65,61.1,462,109,14,1,5,57,6,1,83,9,0,8,4.93,5.93,5.57,5.96,4.23,1.68,0.29,두산 베어스,12568
11,박치국,22 P,0.15,15,0,15,2,0,0,1,2,0,3,11.2,7,8,5.65,51,6,0,0,0,9,3,1,12,0,0,1,5.4,6.17,4.36,4.54,4.14,1.29,0.15,두산 베어스,12850
12,이병헌,22 P,0.1,9,0,9,0,0,0,0,0,0,0,5.0,2,2,1.95,28,5,1,0,0,7,1,0,5,0,0,2,3.6,3.6,3.51,3.61,6.24,2.4,0.1,두산 베어스,15099
13,박웅,22 P,0.09,8,0,8,4,0,0,0,0,0,0,6.0,2,3,2.8,33,7,0,0,0,7,0,0,3,0,0,0,3.0,4.5,4.2,4.28,6.15,2.33,0.09,두산 베어스,14731
14,이형범,22 P,0.02,31,0,31,14,0,0,0,1,0,0,31.0,15,17,19.0,142,34,7,0,1,11,4,0,17,4,0,2,4.35,4.94,5.52,5.93,4.3,1.45,0.02,두산 베어스,11159
15,권휘,22 P,-0.02,10,0,10,1,0,0,0,0,0,1,9.1,6,6,5.85,40,8,0,0,1,5,1,0,5,0,0,2,5.79,5.79,5.64,6.17,5.71,1.39,-0.02,두산 베어스,13665
16,김지용,22 P,-0.06,18,0,18,9,0,0,1,0,0,0,19.1,13,14,13.3,82,19,3,0,5,5,1,0,13,2,0,1,6.05,6.52,6.19,6.47,6.14,1.24,-0.06,두산 베어스,10747
17,미란다,22 P,-0.14,3,3,0,0,0,0,0,0,0,0,7.2,7,7,7.0,43,2,2,0,0,18,1,0,8,0,0,1,8.22,8.22,8.22,9.21,8.86,2.61,-0.14,두산 베어스,14751
18,최지강,22 P,-0.17,2,0,2,1,0,0,0,0,0,0,1.2,4,4,3.5,11,6,1,0,0,2,0,0,2,0,0,1,21.6,21.6,18.9,20.18,4.5,4.8,-0.17,두산 베어스,15127
19,장원준,22 P,-0.17,27,0,27,3,0,0,0,1,0,6,17.0,7,8,11.65,78,23,3,0,0,7,1,0,7,0,0,0,3.71,4.24,6.17,6.64,4.21,1.76,-0.17,두산 베어스,10299
20,김동주,22 P,-0.29,10,0,10,4,0,0,0,0,0,0,16.2,14,14,14.85,85,23,1,0,5,9,0,0,13,3,0,2,7.56,7.56,8.02,8.81,7.08,1.92,-0.29,두산 베어스,14769
21,이승진,22 P,-0.36,35,0,35,8,0,0,3,1,0,2,31.1,23,25,22.65,140,35,2,0,5,12,1,0,29,0,1,0,6.61,7.18,6.51,6.93,4.66,1.5,-0.36,두산 베어스,12678
22,임창민,22 P,-0.39,32,0,32,10,0,0,0,0,2,6,27.1,12,15,19.1,124,26,1,0,3,10,3,0,21,4,0,1,3.95,4.94,6.29,6.61,4.64,1.32,-0.39,두산 베어스,10452
23,김강률,22 P,-0.42,26,0,26,17,0,0,3,4,9,1,24.2,12,13,16.8,110,28,6,0,2,8,2,2,15,1,0,1,4.38,4.74,6.13,6.53,4.36,1.46,-0.42,두산 베어스,10690
24,박신지,22 P,-0.68,29,9,20,2,0,0,1,6,0,0,61.2,46,50,49.3,313,84,12,1,7,40,5,0,38,7,0,4,6.71,7.3,7.2,7.5,5.86,2.01,-0.68,두산 베어스,13070
25,이현승,22 P,-0.74,23,0,23,0,0,0,1,0,0,2,8.2,6,6,10.35,43,13,1,2,2,4,1,0,9,0,0,0,6.23,6.23,10.75,11.64,5.72,1.96,-0.74,두산 베어스,10221
26,전창민,22 P,-0.77,9,0,9,2,0,0,0,0,0,0,9.1,20,20,18.8,52,17,4,1,2,8,0,0,3,0,0,0,19.29,19.29,18.13,17.43,8.19,2.68,-0.77,두산 베어스,14171
27,윤명준,22 P,-0.98,20,0,20,5,0,0,1,1,0,0,22.1,21,24,25.2,109,33,6,2,8,8,1,1,15,2,0,2,8.46,9.67,10.16,10.65,7.48,1.84,-0.98,두산 베어스,10885
1,안우진,22 P,8.64,30,30,0,1,1,0,15,8,0,0,196.0,46,51,50.65,766,131,36,4,4,55,4,1,224,6,1,7,2.11,2.34,2.33,2.36,2.09,0.95,8.64,키움 히어로즈,13091
2,요키시,22 P,6.47,30,30,0,0,0,0,10,8,0,0,185.1,53,61,59.8,746,169,31,3,8,33,5,0,154,13,0,2,2.57,2.96,2.9,3.06,2.86,1.09,6.47,키움 히어로즈,13940
3,김재웅,22 P,2.88,65,0,65,18,0,0,3,2,13,27,62.2,14,14,15.4,254,39,8,1,4,29,4,2,56,1,0,4,2.01,2.01,2.21,2.3,3.84,1.09,2.88,키움 히어로즈,12858
4,애플러,22 P,2.55,33,25,8,2,1,1,6,8,0,0,140.1,67,69,68.3,622,172,34,1,13,40,6,1,86,8,0,4,4.3,4.43,4.38,4.46,4.37,1.51,2.55,키움 히어로즈,15005
5,최원태,22 P,2.23,26,20,6,0,0,0,7,5,0,0,105.2,44,50,46.75,446,93,25,0,5,40,5,0,63,7,0,5,3.75,4.26,3.98,4.15,4.18,1.26,2.23,키움 히어로즈,11379
6,한현희,22 P,1.12,21,14,7,0,0,0,6,4,0,0,77.2,41,44,41.25,346,83,20,1,9,24,8,0,59,5,0,2,4.75,5.1,4.78,4.81,4.54,1.38,1.12,키움 히어로즈,10863
7,문성현,22 P,1.08,45,0,45,15,0,0,0,1,13,9,41.1,15,16,16.5,168,34,5,0,3,14,1,0,32,2,0,2,3.27,3.48,3.59,3.62,3.84,1.16,1.08,키움 히어로즈,10437
8,이승호,22 P,0.9,53,0,53,15,0,0,3,2,10,10,50.1,20,20,22.6,215,44,9,0,7,27,3,1,44,1,0,6,3.58,3.58,4.04,4.21,5.1,1.41,0.9,키움 히어로즈,12865
9,정찬헌,22 P,0.58,20,20,0,0,0,0,5,6,0,0,87.1,52,55,53.8,390,106,21,0,13,28,6,2,42,6,0,3,5.36,5.67,5.54,5.64,5.56,1.53,0.58,키움 히어로즈,10533
10,김태훈,22 P,0.53,43,0,43,12,0,0,3,2,9,10,43.0,15,18,21.05,188,40,7,0,3,20,2,2,34,5,0,2,3.14,3.77,4.41,4.6,4.15,1.4,0.53,키움 히어로즈,10871
11,박승주,22 P,0.4,27,0,27,11,0,0,1,0,0,0,25.0,12,12,10.6,116,20,4,1,3,21,3,0,22,0,0,2,4.32,4.32,3.82,4.12,5.99,1.64,0.4,키움 히어로즈,12989
12,김준형,22 P,0.4,12,0,12,2,0,0,0,1,0,0,13.1,3,3,4.05,61,9,1,0,0,13,2,0,6,0,0,3,2.03,2.03,2.73,2.88,6.15,1.65,0.4,키움 히어로즈,14848
13,김동혁,22 P,0.23,24,0,24,6,0,0,2,1,0,3,26.2,14,14,14.55,115,28,12,2,0,11,1,2,18,0,0,1,4.73,4.73,4.91,5.03,3.26,1.46,0.23,키움 히어로즈,14674
14,이명종,22 P,0.07,27,0,27,6,0,0,4,1,0,4,27.1,16,17,17.0,126,28,4,0,3,16,2,1,20,0,0,1,5.27,5.6,5.6,5.64,5.3,1.61,0.07,키움 히어로즈,15073
15,김선기,22 P,0.06,26,2,24,4,0,0,3,1,1,4,36.2,21,24,22.65,167,39,9,0,1,19,2,1,30,3,0,1,5.15,5.89,5.56,5.57,3.84,1.58,0.06,키움 히어로즈,13092
16,윤정현,22 P,0.06,17,2,15,2,0,0,1,1,0,4,22.2,16,17,13.75,106,27,3,0,2,12,5,1,17,0,0,0,6.35,6.75,5.46,5.42,5.15,1.72,0.06,키움 히어로즈,14131
17,이영준,22 P,-0.03,26,0,26,6,0,0,2,2,0,4,21.0,10,12,12.85,102,27,2,0,0,13,2,1,16,3,0,1,4.29,5.14,5.51,5.8,3.95,1.9,-0.03,키움 히어로즈,12997
18,장재영,22 P,-0.12,14,0,14,3,0,0,0,0,0,0,14.0,12,12,11.3,70,23,4,0,2,7,1,0,19,0,0,1,7.71,7.71,7.26,7.38,3.86,2.14,-0.12,키움 히어로즈,14784
19,주승우,22 P,-0.15,4,1,3,1,0,0,0,0,0,0,3.1,4,5,5.0,23,5,0,0,1,7,0,0,4,1,0,0,10.8,13.5,13.5,14.31,10.86,3.6,-0.15,키움 히어로즈,15067
20,양현,22 P,-0.19,25,0,25,7,0,0,3,2,2,5,36.2,21,23,24.2,167,39,5,0,4,17,1,2,14,4,0,1,5.15,5.65,5.94,6.01,5.48,1.53,-0.19,키움 히어로즈,10730
21,송정인,22 P,-0.21,1,0,1,0,0,0,0,0,0,0,2.0,5,5,5.0,13,4,2,0,0,3,0,0,0,0,0,0,22.5,22.5,22.5,23.85,8.43,3.5,-0.21,키움 히어로즈,15069
22,박주성,22 P,-0.25,11,0,11,7,0,0,1,1,0,0,13.0,8,9,11.6,61,11,5,0,4,7,3,1,8,1,0,0,5.54,6.23,8.03,8.23,8.05,1.38,-0.25,키움 히어로즈,14130
23,노운현,22 P,-0.3,5,0,5,1,0,0,0,1,0,0,4.0,5,7,6.65,28,10,1,0,0,3,1,0,3,2,0,1,11.25,15.75,14.96,16.22,5.01,3.25,-0.3,키움 히어로즈,15027
24,하영민,22 P,-0.73,41,0,41,17,0,0,5,3,0,2,39.1,15,27,30.55,178,35,8,2,4,21,0,0,23,8,0,2,3.43,6.18,6.99,7.4,5.19,1.42,-0.73,키움 히어로즈,11222
25,김성진,22 P,-0.94,23,0,23,8,0,0,0,2,0,2,21.2,19,25,24.15,105,31,3,0,3,10,3,0,16,1,0,0,7.89,10.38,10.03,10.11,5.45,1.89,-0.94,키움 히어로즈,14849
