pid,2021,2022,2023,2024,2025
10003,4000.0,4000.0,,,
10004,8000.0,,,,
10008,45000.0,45000.0,45000.0,60000.0,60000.0
10014,29000.0,100000.0,50000.0,50000.0,50000.0
10030,40000.0,15000.0,,,
10035,10000.0,40000.0,30000.0,20000.0,20000.0
10056,8000.0,,,,
10058,,175000.0,125000.0,125000.0,125000.0
10075,25000.0,30000.0,25000.0,15000.0,7000.0
10082,130000.0,100000.0,10000.0,5000.0,10000.0
10092,10000.0,,,,
10093,30000.0,,,,
10106,120000.0,120000.0,100000.0,100000.0,170000.0
10108,20000.0,16000.0,16000.0,11000.0,
10119,27000.0,17500.0,5000.0,5000.0,
10124,5000.0,4000.0,8500.0,15300.0,8000.0
10126,,810000.0,100000.0,100000.0,300000.0
10131,32000.0,180000.0,50000.0,110000.0,110000.0
10133,16000.0,15000.0,7800.0,,
10137,27000.0,15000.0,14000.0,5000.0,6000.0
10156,80000.0,80000.0,50000.0,10000.0,
10165,150000.0,100000.0,140000.0,160000.0,270000.0
10168,40000.0,,,,
10170,26000.0,132000.0,112000.0,92000.0,82000.0
10172,5000.0,,3000.0,,
10174,90000.0,80000.0,80000.0,30000.0,
10178,30000.0,30000.0,,,
10180,45000.0,45000.0,20000.0,40000.0,30000.0
10182,95000.0,95000.0,95000.0,65000.0,30000.0
10184,162500.0,182500.0,182500.0,122500.0,30000.0
10187,100000.0,275000.0,225000.0,225000.0,175000.0
10188,50000.0,,,,
10189,48000.0,256666.0,156666.0,146666.0,136666.0
10195,86666.0,86666.0,86666.0,86666.0,86666.0
10203,20000.0,10000.0,17000.0,35000.0,40000.0
10210,7500.0,,,,
10213,30000.0,,,,
10217,26666.0,56666.0,56666.0,40000.0,20000.0
10220,20000.0,18000.0,20000.0,20000.0,18000.0
10221,7000.0,10000.0,,,
10230,9000.0,10000.0,,,
10232,50000.0,90000.0,90000.0,70000.0,70000.0
10235,21000.0,95000.0,95000.0,95000.0,95000.0
10238,40000.0,18000.0,18000.0,20000.0,20000.0
10249,9500.0,10500.0,25000.0,40000.0,30000.0
10251,120000.0,120000.0,,,
10253,10000.0,71666.0,46666.0,46666.0,20000.0
10261,50000.0,215000.0,115000.0,115000.0,115000.0
10266,50000.0,50000.0,50000.0,130000.0,40000.0
10271,5000.0,6500.0,,,
10285,5000.0,,,,
10299,8000.0,5000.0,5000.0,,
10301,7500.0,6500.0,,,
10304,6000.0,5000.0,4500.0,4500.0,
10312,30000.0,30000.0,50000.0,20000.0,15000.0
10320,25000.0,25000.0,70000.0,50000.0,50000.0
10322,70000.0,70000.0,5000.0,,
10344,133333.0,133333.0,133333.0,100000.0,100000.0
10363,25500.0,115000.0,75000.0,75000.0,75000.0
10367,110000.0,160000.0,140000.0,40000.0,80000.0
10376,3000.0,,,,
10381,30000.0,30000.0,,,
10387,23000.0,31000.0,80000.0,300000.0,170000.0
10391,6000.0,6000.0,,,
10400,120000.0,120000.0,110000.0,50000.0,15000.0
10404,6000.0,,,,
10407,80000.0,102500.0,162500.0,162500.0,112500.0
10417,5000.0,5000.0,,,
10423,10000.0,7300.0,,,
10427,50000.0,30000.0,11000.0,16000.0,24000.0
10431,8000.0,,,,
10432,8000.0,5300.0,,,
10437,4500.0,3500.0,7000.0,7500.0,
10445,20000.0,,,,
10448,20000.0,,,,
10452,14000.0,12000.0,10000.0,20000.0,20000.0
10453,15400.0,21000.0,33000.0,25000.0,20000.0
10459,20000.0,20000.0,20000.0,70000.0,70000.0
10466,20000.0,,,,
10468,4000.0,,,,
10469,40000.0,29000.0,20000.0,20000.0,
10470,150000.0,83333.0,93333.0,70000.0,38000.0
10475,60000.0,60000.0,60000.0,30000.0,30000.0
10477,5500.0,,,,
10480,14000.0,8000.0,6500.0,,
10495,3000.0,,,,
10516,8000.0,5400.0,7000.0,8000.0,
10523,20000.0,20000.0,25000.0,22000.0,20000.0
10527,50000.0,45000.0,47000.0,17000.0,24000.0
10533,20000.0,28000.0,20000.0,30000.0,
10535,12000.0,6000.0,10500.0,13000.0,11000.0
10557,10000.0,7000.0,25000.0,10000.0,4000.0
10590,,,,250000.0,200000.0
10600,7000.0,8500.0,,,
10604,8000.0,,,,
10609,10000.0,12000.0,86000.0,70000.0,47000.0
10610,10000.0,7600.0,11500.0,15000.0,15000.0
10627,50000.0,,,,
10636,35000.0,30000.0,15000.0,20000.0,15000.0
10637,10000.0,,,,
10640,16000.0,18000.0,12000.0,6000.0,10000.0
10643,76000.0,287500.0,287500.0,287500.0,237500.0
10645,12000.0,,,,
10652,22000.0,20000.0,17000.0,20000.0,20000.0
10655,30000.0,,,,
10659,11000.0,7000.0,7000.0,15000.0,15000.0
10672,3000.0,3200.0,,,
10676,8700.0,7000.0,,,
10683,10000.0,,,,
10684,7500.0,20000.0,20000.0,10000.0,
10685,15500.0,12000.0,7000.0,10000.0,10000.0
10690,11000.0,22500.0,20000.0,15000.0,10000.0
10696,11000.0,25000.0,30000.0,30000.0,30000.0
10706,4000.0,12500.0,16000.0,11000.0,12000.0
10707,8500.0,9500.0,15000.0,15000.0,25000.0
10713,10500.0,5000.0,4000.0,,
10717,3500.0,5500.0,4700.0,,
10720,28000.0,28000.0,15000.0,8500.0,8000.0
10730,12000.0,10000.0,8500.0,9000.0,7000.0
10737,6800.0,12000.0,9800.0,9000.0,5000.0
10747,11000.0,6000.0,6000.0,,
10748,4000.0,4100.0,3500.0,,
10749,5000.0,5000.0,12000.0,12500.0,10000.0
10753,30000.0,27000.0,160000.0,200000.0,210000.0
10764,3000.0,,,,
10772,5000.0,4700.0,,,
10777,4500.0,,,,
10783,25700.0,160000.0,70000.0,18000.0,80000.0
10784,17000.0,18500.0,26500.0,45000.0,38000.0
10795,5800.0,4000.0,4000.0,4000.0,
10804,8000.0,3000.0,7000.0,13500.0,17000.0
10808,3500.0,3600.0,,,
10810,7500.0,4000.0,3100.0,3100.0,5000.0
10812,5000.0,5300.0,6200.0,4900.0,9400.0
10814,11000.0,12500.0,15000.0,,
10815,18000.0,240000.0,50000.0,90000.0,90000.0
10821,10000.0,,,,
10825,17000.0,28000.0,25200.0,50000.0,110000.0
10833,3200.0,,,,
10835,6500.0,6500.0,10000.0,10000.0,7500.0
10836,3100.0,,,,
10840,9200.0,11500.0,13000.0,13000.0,
10841,10500.0,8000.0,,,
10851,7200.0,10500.0,13000.0,10000.0,7800.0
10855,22500.0,26000.0,20000.0,5000.0,12000.0
10863,29000.0,25000.0,30000.0,40000.0,110000.0
10866,4300.0,,,,
10870,7000.0,6500.0,6500.0,5500.0,10000.0
10871,10000.0,19000.0,18000.0,17000.0,24000.0
10879,3000.0,,,,
10882,4000.0,,4000.0,,
10883,4400.0,4200.0,,,
10885,15600.0,14000.0,6000.0,,
10887,3100.0,3000.0,,,
10890,4900.0,4900.0,,,
10891,26000.0,30000.0,115000.0,115000.0,105000.0
10892,36000.0,250000.0,200000.0,200000.0,200000.0
10894,10000.0,10500.0,15500.0,20000.0,60000.0
10895,10500.0,,,,
10903,3500.0,3500.0,,,
10909,10000.0,14000.0,15000.0,25000.0,30000.0
10913,13500.0,20090.0,10000.0,7000.0,9000.0
10921,5500.0,,,,
10934,7500.0,6500.0,,,
10935,19000.0,10000.0,8000.0,,
11068,5200.0,4200.0,5000.0,,
11070,16000.0,12500.0,10500.0,8000.0,7500.0
11071,7000.0,,,,
11084,3600.0,,,,
11087,5000.0,11500.0,20000.0,25500.0,37000.0
11094,16500.0,12000.0,10000.0,20000.0,20000.0
11097,3800.0,7800.0,6000.0,6000.0,4800.0
11098,6500.0,14000.0,10000.0,9000.0,7200.0
11099,4100.0,4100.0,5500.0,13000.0,17000.0
11108,7000.0,9000.0,7000.0,,
11109,3300.0,3800.0,,,
11110,7700.0,9730.0,9000.0,11000.0,7000.0
11111,3000.0,4300.0,,,
11116,3000.0,3200.0,3200.0,3400.0,3400.0
11117,6100.0,7900.0,8900.0,6800.0,5500.0
11119,8500.0,8500.0,8000.0,6500.0,6500.0
11122,3500.0,5350.0,5000.0,,
11126,33000.0,,,34000.0,40000.0
11130,4500.0,,,,
11135,3000.0,4000.0,4000.0,6500.0,
11137,63000.0,41000.0,180000.0,170000.0,160000.0
11142,4400.0,4000.0,,,
11144,7000.0,5800.0,4800.0,,
11147,9000.0,8500.0,7000.0,,
11148,12000.0,13000.0,8000.0,8500.0,5500.0
11149,14000.0,4000.0,,,
11151,,10000.0,5000.0,4500.0,
11153,,,10000.0,9500.0,10000.0
11159,9000.0,8100.0,7000.0,7000.0,6500.0
11161,30000.0,27000.0,62500.0,62500.0,62500.0
11162,78000.0,300000.0,180000.0,180000.0,180000.0
11164,10500.0,20000.0,19000.0,16000.0,20000.0
11165,23000.0,23000.0,110000.0,120000.0,130000.0
11166,20000.0,10000.0,35000.0,35000.0,33000.0
11168,13000.0,10500.0,9000.0,13500.0,20000.0
11169,4000.0,5500.0,7500.0,6500.0,8500.0
11170,3100.0,6350.0,8700.0,7000.0,
11172,17000.0,11000.0,9000.0,15000.0,22500.0
11174,10000.0,,,,
11182,6000.0,5000.0,9000.0,,
11190,38000.0,140000.0,140000.0,140000.0,140000.0
11196,3100.0,3300.0,,,
11198,7000.0,14500.0,9700.0,8500.0,6800.0
11200,5000.0,4700.0,4500.0,,
11206,5400.0,6400.0,4800.0,,
11207,3000.0,,,,
11211,3000.0,3000.0,,,
11212,14000.0,26000.0,34000.0,32000.0,34000.0
11213,21000.0,39000.0,40000.0,30000.0,30000.0
11214,4500.0,3800.0,5000.0,5300.0,5100.0
11215,30000.0,28000.0,240000.0,160000.0,120000.0
11220,,3000.0,,,
11222,,4000.0,6500.0,8000.0,16500.0
11225,3000.0,3200.0,5000.0,7200.0,5800.0
11226,,,5800.0,7000.0,6000.0
11229,4500.0,4800.0,9500.0,6700.0,10500.0
11230,3600.0,,,,
11232,4800.0,8500.0,14500.0,10000.0,
11233,7000.0,7000.0,14000.0,12000.0,14000.0
11235,2700.0,,,,
11236,10000.0,12000.0,9500.0,6000.0,
11240,3100.0,3000.0,,,
11242,3000.0,3200.0,3100.0,6100.0,3200.0
11243,5500.0,5000.0,,,
11244,8500.0,10000.0,12000.0,11000.0,9000.0
11246,3000.0,4000.0,4000.0,4000.0,3200.0
11248,,,9000.0,6300.0,5500.0
11255,12000.0,10000.0,15000.0,10000.0,7000.0
11260,11000.0,5000.0,5000.0,,
11261,10000.0,12000.0,20000.0,30000.0,45000.0
11263,3300.0,,,,
11266,4700.0,6200.0,5200.0,4600.0,4600.0
11268,17300.0,12840.0,10900.0,,
11269,3400.0,,,,
11271,3700.0,,,,
11276,3500.0,4700.0,4000.0,4000.0,
11278,3300.0,3400.0,,,
11284,3300.0,6500.0,6500.0,6000.0,5700.0
11289,5000.0,4000.0,,,
11291,15000.0,18100.0,24860.0,45000.0,30000.0
11297,3500.0,,,,
11298,8500.0,6000.0,7000.0,9000.0,8000.0
11299,11500.0,9000.0,7200.0,,
11300,4500.0,5000.0,4500.0,5500.0,5200.0
11303,6000.0,6700.0,14000.0,14000.0,17000.0
11306,4300.0,6500.0,13000.0,8000.0,7000.0
11308,12000.0,30000.0,43000.0,200000.0,200000.0
11310,16500.0,26000.0,150000.0,135000.0,135000.0
11311,6300.0,8200.0,8300.0,9400.0,5400.0
11312,3200.0,3200.0,,,
11316,7500.0,9500.0,7600.0,,
11317,7000.0,11500.0,25000.0,16000.0,21000.0
11318,5000.0,8000.0,20000.0,25000.0,90000.0
11319,,4000.0,,,
11320,4700.0,6700.0,,,
11321,,7500.0,5500.0,3100.0,
11322,,3300.0,,,
11323,25000.0,29500.0,29500.0,20000.0,20000.0
11328,3700.0,3700.0,4500.0,5500.0,
11329,4700.0,6400.0,6000.0,7100.0,6600.0
11330,3500.0,4700.0,4700.0,,
11332,3300.0,,,,
11333,6000.0,6600.0,5600.0,11000.0,17000.0
11334,15500.0,26000.0,,29000.0,50000.0
11336,3700.0,4100.0,4300.0,4100.0,4500.0
11337,3300.0,3200.0,,,
11339,6500.0,9000.0,15000.0,24000.0,30000.0
11342,5700.0,8100.0,6500.0,6500.0,6000.0
11344,3100.0,4500.0,7500.0,7000.0,5500.0
11347,5500.0,5500.0,5100.0,5500.0,5200.0
11351,3100.0,3200.0,3300.0,3000.0,3000.0
11353,25000.0,19000.0,60000.0,,10000.0
11355,3000.0,7500.0,7500.0,16500.0,13500.0
11358,11500.0,,,,
11360,3000.0,3300.0,3300.0,3200.0,1500.0
11361,3000.0,,,,
11363,4500.0,,,,
11364,4000.0,3200.0,3600.0,3400.0,4000.0
11366,3000.0,,,,
11367,3000.0,,,,
11369,3000.0,5000.0,3500.0,,
11373,3000.0,12500.0,,20500.0,20500.0
11375,3500.0,3200.0,3000.0,,
11376,6000.0,7500.0,12000.0,13000.0,30000.0
11377,3000.0,,,,
11379,29000.0,31000.0,35000.0,40000.0,20000.0
11387,3500.0,4000.0,3800.0,3500.0,
11388,3200.0,3300.0,3900.0,3600.0,
11389,3700.0,3600.0,,,
11394,17000.0,27000.0,20000.0,,25000.0
11397,6000.0,9000.0,12000.0,14000.0,16000.0
11399,3000.0,,,,
11400,3000.0,4500.0,,,
11404,16500.0,12000.0,8000.0,7000.0,4000.0
11406,3800.0,,,,
11407,3800.0,3800.0,4000.0,4300.0,4500.0
11410,9000.0,19100.0,22800.0,16700.0,13000.0
11411,6500.0,9680.0,14100.0,19300.0,14300.0
11413,3500.0,6000.0,7600.0,5800.0,
11414,3200.0,3400.0,3400.0,7500.0,11000.0
11415,3300.0,5080.0,5800.0,11000.0,25000.0
11420,3100.0,,,,
11422,6000.0,7000.0,8000.0,6000.0,7500.0
11425,12000.0,,,8600.0,5600.0
11483,4200.0,6000.0,4000.0,,
11489,17000.0,28000.0,36000.0,40000.0,80000.0
11491,3500.0,4500.0,4000.0,3300.0,
11492,4300.0,4000.0,4000.0,,
11498,7000.0,,,,
11531,3200.0,4000.0,3500.0,,
11907,5000.0,,,,
12295,,,32500.0,60000.0,
12503,5600.0,7000.0,6000.0,5000.0,4000.0
12512,3100.0,3500.0,,,
12516,18000.0,12000.0,12000.0,68000.0,60000.0
12521,3000.0,,,,
12522,3200.0,7000.0,6000.0,7000.0,8500.0
12523,3500.0,3300.0,3400.0,3400.0,
12524,7500.0,8500.0,7800.0,9500.0,20000.0
12525,3100.0,,,,
12526,3300.0,3300.0,3300.0,,
12527,6500.0,,,,
12529,4000.0,4000.0,4000.0,,
12530,4500.0,4500.0,5500.0,4700.0,4500.0
12531,,,3000.0,,
12532,11000.0,,9200.0,5700.0,7500.0
12533,3100.0,3400.0,,,
12534,13000.0,,22000.0,22000.0,40000.0
12535,3200.0,3300.0,3500.0,,
12537,14000.0,11000.0,13500.0,17000.0,30000.0
12538,3100.0,3600.0,,,
12539,3600.0,3600.0,3900.0,7000.0,6200.0
12540,4500.0,4300.0,4500.0,5500.0,6500.0
12541,,3600.0,3600.0,5000.0,3200.0
12543,,4000.0,,,
12544,3200.0,3200.0,,,
12545,3100.0,3300.0,3400.0,3500.0,3500.0
12546,10000.0,32000.0,30000.0,51000.0,65000.0
12547,,5500.0,5300.0,,
12548,21000.0,15000.0,9000.0,8000.0,5000.0
12549,3000.0,3000.0,3500.0,4000.0,11000.0
12553,3000.0,3000.0,,,
12554,5000.0,4000.0,,,
12558,4000.0,4000.0,,,
12560,3200.0,4000.0,5000.0,8000.0,8000.0
12561,3600.0,,,,
12562,7000.0,5000.0,4500.0,6000.0,13000.0
12564,3000.0,3250.0,,,
12565,7200.0,,7200.0,8300.0,8000.0
12567,4300.0,,4800.0,4400.0,4400.0
12568,19000.0,16000.0,12000.0,10000.0,18000.0
12569,3300.0,3300.0,3300.0,,
12570,3100.0,3300.0,3400.0,,
12571,0.0,3000.0,3000.0,3000.0,3000.0
12572,,,3300.0,3500.0,3700.0
12573,3000.0,,,,
12574,,3000.0,3000.0,3000.0,3000.0
12576,,2700.0,,,
12577,,3400.0,3500.0,3500.0,3500.0
12582,3000.0,,,,
12583,,5800.0,6000.0,5800.0,11500.0
12585,3200.0,5600.0,6000.0,7800.0,14600.0
12587,3200.0,3200.0,3600.0,4200.0,4200.0
12589,,3200.0,6400.0,6900.0,5500.0
12590,3400.0,,,,
12604,3100.0,3000.0,,,
12605,3300.0,,3300.0,,
12606,,3000.0,3100.0,3300.0,3300.0
12608,3000.0,3000.0,3000.0,,
12612,3000.0,3000.0,3100.0,3200.0,
12613,2700.0,3200.0,4000.0,4000.0,3200.0
12614,3000.0,,,,
12615,,0.0,,,
12616,3000.0,3100.0,,,
12618,3000.0,,3000.0,3100.0,
12620,,3000.0,,,
12621,3000.0,3000.0,3000.0,3000.0,
12622,5800.0,,5000.0,5000.0,3200.0
12637,,5500.0,4500.0,4100.0,4600.0
12642,3000.0,,,,
12645,3100.0,3200.0,,,
12646,3100.0,3100.0,,,
12649,3800.0,6500.0,,,
12651,3000.0,3300.0,3600.0,,
12655,3800.0,3300.0,3300.0,,
12662,3100.0,,,,
12678,10000.0,11000.0,8800.0,5500.0,4400.0
12683,3000.0,,,,
12697,3000.0,5000.0,7500.0,6000.0,4500.0
12699,3000.0,3000.0,3000.0,3200.0,4000.0
12847,4500.0,10000.0,14500.0,22500.0,16500.0
12848,3100.0,3200.0,3000.0,3000.0,
12850,16000.0,14500.0,10500.0,13000.0,11000.0
12852,16000.0,34000.0,33000.0,25000.0,22500.0
12853,3000.0,,,,
12854,4000.0,3200.0,3000.0,3000.0,3500.0
12855,3000.0,,,,
12856,,3000.0,3000.0,,
12858,5200.0,10400.0,22000.0,19000.0,
12859,3000.0,3000.0,3500.0,,
12860,3100.0,3500.0,3700.0,4000.0,3900.0
12863,3100.0,3200.0,3200.0,,
12864,,3200.0,3200.0,3300.0,
12865,10000.0,8500.0,12800.0,,
12866,,3000.0,3000.0,3000.0,3000.0
12867,3000.0,3000.0,3000.0,,
12869,3000.0,3500.0,3600.0,3800.0,6500.0
12870,3000.0,,,,
12871,,13300.0,13300.0,19500.0,22000.0
12872,,3000.0,3100.0,,
12875,3300.0,3500.0,,,
12879,3000.0,,,,
12885,3000.0,4500.0,6300.0,6300.0,5800.0
12886,3000.0,,,,
12891,3000.0,,,,
12892,,3000.0,3300.0,,
12893,3000.0,,,,
12894,,6000.0,6000.0,8500.0,10500.0
12897,3000.0,3000.0,6000.0,6000.0,5000.0
12898,3000.0,3000.0,3000.0,4000.0,3500.0
12900,3100.0,,,3200.0,3100.0
12902,3000.0,3000.0,3100.0,3100.0,
12903,3000.0,3000.0,3100.0,3200.0,3200.0
12904,3000.0,,,,
12905,17000.0,32000.0,42000.0,65000.0,
12906,55000.0,75000.0,110000.0,,
12907,18000.0,27000.0,43000.0,,
12908,,3800.0,4100.0,4300.0,17200.0
12909,3100.0,3100.0,3100.0,3000.0,
12911,,3000.0,3000.0,,
12913,5000.0,6000.0,,,
12914,,4000.0,3800.0,3600.0,3800.0
12916,3000.0,4000.0,4000.0,6000.0,6500.0
12917,3000.0,3100.0,3500.0,4000.0,4000.0
12918,6000.0,9000.0,,9000.0,11000.0
12920,,,3000.0,,
12922,3000.0,14000.0,27000.0,30000.0,37000.0
12923,3000.0,,3000.0,,
12926,7900.0,,,,
12927,3500.0,,,,
12928,3100.0,3100.0,3100.0,3100.0,3100.0
12930,4300.0,5800.0,10900.0,17000.0,12000.0
12931,3200.0,5300.0,6300.0,6000.0,6000.0
12932,,,3700.0,3700.0,
12933,4200.0,,,,
12934,12000.0,,14000.0,14000.0,17000.0
12935,3000.0,3100.0,3400.0,,
12936,3300.0,3800.0,4300.0,10000.0,7000.0
12937,3300.0,3500.0,3500.0,3500.0,3500.0
12938,3400.0,3100.0,3100.0,3000.0,3000.0
12939,4000.0,3400.0,3300.0,,
12941,3400.0,4000.0,4800.0,4500.0,4500.0
12943,13000.0,24000.0,32000.0,15000.0,
12944,6000.0,,3000.0,4000.0,4500.0
12970,3400.0,3200.0,4500.0,3800.0,3420.0
12985,3200.0,,,,
12988,3300.0,3300.0,3800.0,5200.0,7000.0
12989,3000.0,3200.0,4500.0,4500.0,
12991,117000.0,,,,
12992,62400.0,,,,
12995,,,,50000.0,210000.0
12997,7500.0,6000.0,7000.0,,
12999,6600.0,,,,
13002,2700.0,,,,
13003,6000.0,4800.0,5100.0,5600.0,9400.0
13004,3100.0,3200.0,3300.0,,
13006,,3000.0,3000.0,5000.0,4500.0
13009,4000.0,5000.0,4600.0,9200.0,7000.0
13010,4500.0,,,,
13056,5500.0,5000.0,4800.0,11500.0,20000.0
13057,2700.0,3000.0,3000.0,3000.0,3000.0
13061,3000.0,6500.0,14000.0,21000.0,38000.0
13069,52000.0,,,,
13070,,3100.0,3600.0,3500.0,3200.0
13071,,3000.0,10000.0,16500.0,12000.0
13072,5500.0,,5500.0,5000.0,4200.0
13073,3000.0,3200.0,3600.0,3400.0,7500.0
13074,,,3000.0,3000.0,
13076,3000.0,,,,
13078,3000.0,,,,
13079,3500.0,3300.0,3100.0,3100.0,
13080,,3000.0,9000.0,11000.0,13500.0
13081,,,5000.0,5800.0,11000.0
13082,,3000.0,6000.0,7200.0,5100.0
13083,3000.0,,3000.0,3000.0,3000.0
13084,,3000.0,3000.0,,
13085,4000.0,12000.0,13500.0,18000.0,18000.0
13087,3000.0,3200.0,3000.0,3200.0,3100.0
13088,8300.0,9500.0,14000.0,22500.0,20000.0
13089,3000.0,,,,
13090,,3000.0,3000.0,,
13091,9000.0,15000.0,35000.0,,
13092,5300.0,6300.0,7300.0,7000.0,8400.0
13093,3000.0,4000.0,3900.0,4000.0,4000.0
13094,3400.0,6400.0,,,6000.0
13095,,3000.0,3000.0,,
13096,3000.0,3400.0,4500.0,4700.0,
13102,,3500.0,3800.0,3600.0,4200.0
13103,,3000.0,3100.0,3200.0,3400.0
13104,3200.0,5200.0,8500.0,7000.0,
13105,,3000.0,3100.0,,
13106,,3000.0,3000.0,,
13107,,3000.0,,,
13108,,3000.0,3000.0,3000.0,3100.0
13109,,3000.0,4000.0,3600.0,3500.0
13111,3000.0,,,,
13112,3100.0,4200.0,9500.0,20000.0,18000.0
13113,3100.0,,3100.0,5000.0,14000.0
13114,3000.0,3700.0,3900.0,4200.0,
13115,5000.0,4000.0,7500.0,,
13117,3000.0,3100.0,3000.0,3000.0,3000.0
13120,3000.0,,,,
13122,3000.0,6500.0,7900.0,6500.0,6000.0
13124,,3000.0,3000.0,3100.0,3000.0
13125,3000.0,3000.0,3000.0,3100.0,
13126,3000.0,6500.0,13000.0,14400.0,10000.0
13127,3000.0,3000.0,3000.0,,3000.0
13128,,4500.0,4500.0,4500.0,3200.0
13129,,3200.0,3200.0,3200.0,3000.0
13130,3000.0,3000.0,6000.0,5300.0,5000.0
13131,3000.0,,,,
13133,,3000.0,,,
13135,3000.0,3100.0,3100.0,,
13136,3300.0,,,,3300.0
13137,12000.0,19080.0,21800.0,17800.0,
13138,3000.0,3300.0,3300.0,3600.0,5000.0
13140,,3000.0,3000.0,,
13141,,3000.0,3000.0,,
13144,3900.0,,,3000.0,
13145,11000.0,17200.0,19260.0,16200.0,
13146,4200.0,5300.0,,,
13147,4800.0,4100.0,3600.0,3900.0,
13148,3000.0,5700.0,9500.0,8000.0,4000.0
13149,3000.0,3100.0,3100.0,,
13151,3000.0,3000.0,5700.0,8500.0,7000.0
13152,,3000.0,3600.0,4100.0,6000.0
13154,3700.0,3400.0,5900.0,7500.0,7700.0
13155,3000.0,3500.0,3800.0,4000.0,4600.0
13156,16000.0,,15000.0,15000.0,13000.0
13157,5000.0,4700.0,4800.0,,4800.0
13158,,0.0,3200.0,3300.0,
13159,,,3100.0,,
13160,3000.0,3500.0,3500.0,,
13161,,3000.0,3200.0,3700.0,7400.0
13162,8000.0,6500.0,,7000.0,7000.0
13163,,,3100.0,,
13164,,4000.0,4000.0,4100.0,4300.0
13165,,0.0,3000.0,,
13166,,,3000.0,,
13167,,5500.0,6000.0,5000.0,11000.0
13168,31000.0,55000.0,29000.0,29000.0,70000.0
13169,,3000.0,3000.0,3800.0,
13170,,2700.0,3000.0,3000.0,
13171,3000.0,3100.0,3100.0,3100.0,
13172,,2700.0,3000.0,3000.0,
13173,,3100.0,3100.0,3100.0,3100.0
13174,2700.0,2700.0,3000.0,3000.0,3000.0
13175,,2700.0,3000.0,3000.0,3000.0
13177,3000.0,3000.0,3100.0,3100.0,4300.0
13180,3400.0,,,,
13184,3200.0,,,,
13189,3000.0,,,,
13190,3000.0,,,,
13191,3000.0,4000.0,6000.0,,
13193,3000.0,,,,
13194,3000.0,3200.0,3000.0,3200.0,3200.0
13195,,3000.0,3000.0,3200.0,3200.0
13223,3500.0,4800.0,,4800.0,5500.0
13227,3200.0,3200.0,3300.0,3100.0,
13228,,3000.0,3100.0,3200.0,8000.0
13230,,2700.0,,,
13232,,,3000.0,,
13233,,3000.0,3200.0,3200.0,
13240,6000.0,7000.0,5600.0,,
13241,4700.0,,,,
13242,4500.0,5300.0,6300.0,6000.0,
13244,3200.0,3700.0,5700.0,8200.0,6200.0
13245,4000.0,3700.0,3600.0,4400.0,4800.0
13250,3200.0,3900.0,3900.0,3900.0,3700.0
13251,3300.0,4000.0,3500.0,,
13252,3000.0,,,,
13260,,0.0,,,
13261,3000.0,3000.0,3100.0,5000.0,7600.0
13268,,,3000.0,3100.0,3300.0
13271,3000.0,3200.0,1500.0,3200.0,3300.0
13272,3000.0,3000.0,,,
13279,3200.0,4200.0,,,
13665,3200.0,3700.0,,3000.0,3700.0
13676,,3000.0,3100.0,3300.0,3800.0
13927,104000.0,104000.0,,,
13932,208000.0,247000.0,,,
13934,130000.0,156000.0,195000.0,80000.0,
13940,97500.0,117000.0,156000.0,10000.0,
13941,,,104000.0,80000.0,35000.0
13942,97500.0,130000.0,58500.0,100000.0,140000.0
14106,,2800.0,3000.0,3200.0,3600.0
14107,,,3000.0,,
14108,,,5000.0,12000.0,10000.0
14109,3200.0,,3200.0,6000.0,5900.0
14110,3000.0,,3000.0,3100.0,3400.0
14111,3000.0,,3000.0,4000.0,3800.0
14112,,3000.0,,,
14113,13000.0,30000.0,35000.0,43000.0,63000.0
14114,7000.0,7000.0,7200.0,9200.0,
14115,5200.0,,5000.0,5000.0,4700.0
14116,3300.0,,3300.0,3700.0,4000.0
14117,,3000.0,3400.0,4000.0,6500.0
14118,,0.0,,,
14119,3100.0,,3100.0,,
14121,3000.0,3000.0,4200.0,,4200.0
14122,5700.0,5700.0,,,5200.0
14124,,3000.0,3500.0,6000.0,8500.0
14125,6000.0,12000.0,13100.0,35000.0,33000.0
14126,3200.0,3300.0,3300.0,3300.0,3500.0
14127,,3000.0,3000.0,3000.0,3000.0
14128,4100.0,3500.0,,3500.0,9000.0
14129,,3200.0,3400.0,,
14130,3000.0,4000.0,3700.0,,3700.0
14131,3500.0,4100.0,4500.0,4000.0,
14132,3800.0,3400.0,3400.0,4000.0,3800.0
14133,,3000.0,3100.0,3500.0,3800.0
14134,5000.0,14000.0,24000.0,,27000.0
14135,3100.0,,5000.0,5000.0,
14136,18000.0,28000.0,40000.0,32000.0,18000.0
14137,3000.0,6800.0,17000.0,30000.0,41000.0
14138,,3300.0,,,
14139,3300.0,3500.0,,,3500.0
14140,6300.0,7000.0,,7000.0,13500.0
14141,,,3000.0,3100.0,3300.0
14142,3000.0,4000.0,,4800.0,5500.0
14143,,3000.0,3600.0,6800.0,8300.0
14144,3200.0,3200.0,,,
14145,,,3000.0,4600.0,3200.0
14146,3000.0,,,3100.0,3100.0
14147,7000.0,5300.0,5500.0,10000.0,9000.0
14148,,,3000.0,3000.0,3000.0
14149,3000.0,,3000.0,3000.0,
14151,,3000.0,5000.0,3700.0,
14152,,,3000.0,3200.0,
14153,3000.0,,3000.0,3000.0,3000.0
14154,,3000.0,3000.0,,
14155,11000.0,13000.0,13000.0,13500.0,
14156,,3000.0,3100.0,3400.0,3800.0
14157,,,3000.0,,
14158,3100.0,,5100.0,5100.0,4100.0
14159,8500.0,8400.0,9500.0,,
14160,,3800.0,7300.0,8000.0,18500.0
14161,,3000.0,,,
14162,3500.0,4000.0,,4500.0,4500.0
14163,,3100.0,3200.0,3300.0,6000.0
14164,3200.0,,3200.0,,
14165,3000.0,,,,3000.0
14166,,,3000.0,,
14168,,3000.0,,,
14169,3400.0,4900.0,5300.0,5200.0,4800.0
14170,,3000.0,4500.0,3700.0,4200.0
14171,,3000.0,3300.0,3200.0,3100.0
14172,,3000.0,3500.0,3500.0,3200.0
14173,3100.0,3300.0,,3300.0,3800.0
14174,3000.0,,3000.0,3000.0,
14175,,3000.0,3000.0,3400.0,4500.0
14176,4000.0,4000.0,5000.0,4000.0,5500.0
14177,3000.0,,3000.0,3000.0,3000.0
14178,3000.0,3200.0,3200.0,3200.0,3400.0
14179,,,3000.0,3000.0,3000.0
14180,3200.0,,,,
14181,3400.0,3500.0,3000.0,3300.0,3400.0
14182,,3000.0,,,
14183,,3000.0,3000.0,3000.0,
14184,,3000.0,,,
14186,,3000.0,3000.0,,
14187,3000.0,3300.0,3300.0,4000.0,4300.0
14189,3200.0,,3200.0,,
14190,3000.0,,,,
14191,3300.0,,3300.0,3600.0,3700.0
14192,,,3000.0,,3000.0
14196,3000.0,3100.0,4800.0,,3800.0
14200,3000.0,3000.0,3000.0,,
14204,3100.0,3370.0,3300.0,3300.0,3300.0
14205,3000.0,3000.0,,,
14209,3100.0,3100.0,3100.0,3200.0,3200.0
14210,3400.0,,,3800.0,3600.0
14211,3000.0,,3000.0,3000.0,
14212,3000.0,3000.0,,3000.0,
14214,3700.0,4500.0,5500.0,4500.0,
14216,,,3000.0,,
14218,3000.0,,3000.0,,
14219,,,3000.0,3100.0,3000.0
14220,,3000.0,4500.0,12000.0,17500.0
14221,3300.0,,6600.0,6600.0,7000.0
14222,3000.0,,3000.0,3000.0,3000.0
14224,136500.0,,,,
14232,65000.0,,,,
14480,3000.0,3300.0,,3300.0,4500.0
14570,3000.0,,3000.0,3000.0,3100.0
14571,3500.0,4800.0,8000.0,,
14572,3100.0,,3100.0,3000.0,3000.0
14573,,,3000.0,3000.0,3000.0
14574,3100.0,3100.0,,3100.0,3000.0
14576,3000.0,3000.0,3100.0,3200.0,3600.0
14577,3000.0,,3200.0,3300.0,3500.0
14578,3000.0,,,,
14580,3000.0,3200.0,4000.0,3600.0,3700.0
14581,2700.0,6500.0,14000.0,14000.0,14000.0
14582,45500.0,91000.0,,,
14584,3000.0,,,3000.0,3000.0
14585,3000.0,,,3000.0,3000.0
14586,3000.0,,3000.0,3100.0,3100.0
14587,8000.0,15000.0,30000.0,25000.0,30000.0
14588,5000.0,7000.0,15000.0,12000.0,
14589,7000.0,9800.0,14000.0,,
14590,3700.0,3500.0,4700.0,4500.0,12500.0
14591,3000.0,,9300.0,6600.0,11000.0
14592,104000.0,,,,
14593,3000.0,3300.0,,,5000.0
14594,3000.0,,3000.0,3000.0,
14595,3000.0,3000.0,3000.0,,
14597,3000.0,,0.0,3000.0,12000.0
14598,3000.0,3000.0,,3000.0,3000.0
14599,169000.0,,,,
14600,14000.0,20000.0,32000.0,22000.0,22000.0
14601,3000.0,3000.0,3200.0,,3200.0
14602,104000.0,143000.0,,,
14603,3000.0,,3000.0,5000.0,5000.0
14604,,,3000.0,3000.0,
14605,3000.0,3000.0,,3000.0,3500.0
14606,4000.0,4400.0,,4500.0,7100.0
14607,,,3000.0,3100.0,3200.0
14608,7000.0,17000.0,23000.0,20000.0,36000.0
14610,156000.0,,,,
14611,3000.0,3500.0,,3500.0,3800.0
14612,3300.0,,3300.0,3500.0,6500.0
14613,4500.0,4700.0,5400.0,,
14614,3100.0,,3100.0,3300.0,3550.0
14615,3100.0,3100.0,4100.0,4100.0,6200.0
14616,3700.0,4100.0,,4100.0,5000.0
14617,130000.0,156000.0,156000.0,,
14618,7000.0,11000.0,16000.0,16000.0,28000.0
14619,3000.0,3300.0,4300.0,4000.0,
14620,3000.0,3100.0,3100.0,,
14621,3000.0,3000.0,3100.0,4500.0,
14622,3200.0,3200.0,,3200.0,
14623,3000.0,,,,
14624,4200.0,10700.0,15800.0,16300.0,11000.0
14625,3100.0,,3100.0,3100.0,3100.0
14627,156000.0,52000.0,130000.0,,
14629,84500.0,,,,
14631,,3000.0,,,
14635,,3000.0,,,
14637,,3000.0,,,
14640,3100.0,,3100.0,,
14642,,3000.0,7200.0,7600.0,15500.0
14645,3000.0,3000.0,3000.0,,
14647,3000.0,3200.0,,,
14648,,3000.0,,,
14649,3000.0,3000.0,3000.0,,
14650,3000.0,,,3000.0,3000.0
14651,3000.0,,,3000.0,4200.0
14652,,,3000.0,3000.0,
14654,,3000.0,3100.0,,
14655,3000.0,,,3000.0,
14656,,3000.0,3000.0,,
14657,3000.0,3000.0,,3000.0,3100.0
14658,3000.0,3100.0,,3000.0,3000.0
14659,3000.0,,3000.0,4000.0,3000.0
14660,3000.0,,,3000.0,
14661,,,3000.0,3200.0,3100.0
14664,3200.0,,3200.0,3300.0,
14666,3000.0,,,,
14667,,,3200.0,3000.0,3600.0
14668,3100.0,3300.0,3800.0,,3800.0
14669,,,3100.0,8500.0,21000.0
14670,3000.0,,,3000.0,
14671,3000.0,,,3000.0,
14673,3000.0,,,,
14674,3000.0,6000.0,6500.0,6000.0,
14675,,,3000.0,3000.0,3100.0
14677,3000.0,,,,
14678,3000.0,,3000.0,,
14680,3000.0,,3000.0,3000.0,3200.0
14681,3000.0,3100.0,3000.0,3000.0,
14682,3000.0,,3000.0,,0.0
14683,3000.0,3000.0,,,
14684,3000.0,,,,
14685,3000.0,,,,
14687,3000.0,3000.0,3000.0,3000.0,3100.0
14688,,3000.0,,,
14689,,3000.0,,,
14690,3000.0,3000.0,,3000.0,3100.0
14692,,,3000.0,,
14693,3000.0,3000.0,,,
14694,3100.0,,,,
14695,3000.0,4000.0,4800.0,4200.0,
14698,,,3100.0,3200.0,
14699,3000.0,3000.0,9000.0,8000.0,
14700,3000.0,,,,
14701,3000.0,3000.0,,,
14702,3000.0,,,,
14704,3400.0,3500.0,4200.0,,3700.0
14706,3600.0,3600.0,,3400.0,3700.0
14707,3400.0,,3800.0,4800.0,6800.0
14708,7900.0,15000.0,15000.0,,
14710,,,3000.0,,3000.0
14711,3000.0,,,3000.0,3200.0
14713,3300.0,,,,
14714,3300.0,,,,
14715,3000.0,3000.0,,,
14716,,3000.0,3100.0,3800.0,3800.0
14717,,,3000.0,,
14719,2700.0,,,,
14720,3000.0,3000.0,3100.0,,3100.0
14723,3000.0,3000.0,,3000.0,
14726,2700.0,,,,
14727,2700.0,,,,
14730,,3000.0,,,
14731,3000.0,3300.0,,,3300.0
14732,3100.0,,,3100.0,3000.0
14733,3000.0,,3000.0,3000.0,3500.0
14736,3100.0,,3600.0,3600.0,3240.0
14737,3100.0,3100.0,,3100.0,3100.0
14738,,3000.0,4300.0,4000.0,
14742,,,71500.0,,
14747,3200.0,3900.0,6000.0,6000.0,12000.0
14749,52000.0,71500.0,,,
14750,96590.0,,,,
14751,91000.0,247000.0,,,
14752,68250.0,,,,
14753,78000.0,,,,
14754,65000.0,,,,
14755,94250.0,,,,
14756,39000.0,,,,
14757,78000.0,104000.0,169000.0,,
14758,84500.0,,,,
14759,130000.0,169000.0,,,
14760,52000.0,71500.0,,,
14761,104000.0,,,,
14762,71500.0,,,,
14763,13000.0,13000.0,13500.0,6700.0,
14764,10000.0,10000.0,10200.0,3400.0,7500.0
14765,18000.0,21000.0,24000.0,16000.0,20000.0
14766,9000.0,9000.0,9100.0,,3100.0
14767,11000.0,11000.0,11300.0,,3300.0
14768,9000.0,9100.0,,3100.0,3100.0
14769,15000.0,15000.0,15100.0,5500.0,
14770,11000.0,11500.0,14000.0,10200.0,8500.0
14771,23000.0,25800.0,25300.0,,
14772,8000.0,8000.0,,,
14773,10000.0,10000.0,,3000.0,3000.0
14774,20000.0,20000.0,,3000.0,3000.0
14775,10000.0,10200.0,,,3200.0
14776,13000.0,13100.0,,3100.0,3500.0
14777,18000.0,19200.0,,4600.0,4600.0
14778,11000.0,11000.0,,,3000.0
14779,7000.0,,,3000.0,3300.0
14780,23000.0,23000.0,23300.0,3800.0,
14781,13000.0,,,3200.0,3600.0
14782,10000.0,10000.0,,3000.0,3000.0
14783,16000.0,18500.0,,5500.0,6000.0
14784,93000.0,93100.0,93200.0,4000.0,4600.0
14785,13000.0,13900.0,17400.0,11000.0,17500.0
14786,16000.0,16100.0,,3100.0,3100.0
14787,11000.0,11600.0,,,
14788,33000.0,39000.0,45000.0,17000.0,17000.0
14789,13000.0,13500.0,,3500.0,3500.0
14790,10000.0,10200.0,,3200.0,
14791,8000.0,,,3000.0,
14792,40000.0,42100.0,42600.0,6000.0,10000.0
14793,11000.0,11100.0,11200.0,,
14794,9000.0,9100.0,,3100.0,3200.0
14795,8000.0,8100.0,,3100.0,3200.0
14796,18000.0,,18100.0,5000.0,6800.0
14797,53000.0,54000.0,,4000.0,12000.0
14798,38000.0,40500.0,43000.0,7000.0,12000.0
14799,18000.0,19000.0,18600.0,,3600.0
14800,13000.0,13000.0,13200.0,3500.0,
14801,11000.0,,11000.0,3300.0,3300.0
14802,10000.0,10000.0,,3000.0,3000.0
14803,23000.0,23100.0,,3000.0,3000.0
14804,9000.0,16500.0,,13000.0,13000.0
14805,10000.0,10000.0,,3000.0,13500.0
14806,16000.0,16000.0,16200.0,6300.0,4000.0
14807,12000.0,12000.0,12000.0,3000.0,8000.0
14808,18000.0,18900.0,18600.0,4400.0,6000.0
14809,9000.0,,,,3400.0
14810,11000.0,11000.0,,3000.0,
14811,10000.0,10200.0,,3200.0,3300.0
14812,13000.0,13100.0,,,3100.0
14813,18000.0,18100.0,18100.0,,3100.0
14814,5000.0,,,,
14815,6000.0,,,,
14816,7000.0,,7000.0,3100.0,3600.0
14817,6000.0,,,3000.0,3000.0
14818,6000.0,,,3000.0,3000.0
14819,2700.0,,3000.0,3100.0,3200.0
14820,2700.0,,3000.0,,
14821,6000.0,,,,
14822,6000.0,6000.0,6000.0,,
14823,6000.0,6000.0,,,3000.0
14824,7000.0,,7000.0,3000.0,3000.0
14825,3000.0,,,,
14826,9000.0,9000.0,,3000.0,3000.0
14827,8000.0,8000.0,8000.0,,
14828,7000.0,,,,
14829,7000.0,7000.0,,,3000.0
14830,6000.0,,,,
14831,6000.0,6000.0,,,
14832,7000.0,7000.0,,,
14833,6000.0,,,3000.0,3000.0
14834,3000.0,,,,
14835,3000.0,0.0,3000.0,,
14836,7000.0,,7000.0,3000.0,
14837,3000.0,3000.0,3000.0,,
14838,6000.0,6100.0,6100.0,,3100.0
14839,3000.0,,,,
14840,6000.0,6000.0,,3000.0,3000.0
14841,6000.0,3000.0,3000.0,3000.0,
14842,7000.0,7000.0,,3000.0,
14843,7000.0,7000.0,,,
14844,9000.0,9000.0,,3000.0,
14845,6000.0,,6000.0,3000.0,3000.0
14846,6000.0,6000.0,6500.0,,3600.0
14847,10000.0,,,3000.0,
14848,11000.0,12200.0,12200.0,3700.0,
14849,10000.0,12000.0,11500.0,,
14850,3000.0,3000.0,3000.0,,
14851,8000.0,8000.0,8100.0,3600.0,
14852,2700.0,,,,
14853,7000.0,7000.0,7000.0,,3000.0
14854,6000.0,6000.0,6000.0,,
14855,9000.0,9000.0,9700.0,,3700.0
14856,8000.0,8000.0,,,
14857,6000.0,6000.0,,,
14858,7000.0,7300.0,,,
14859,6000.0,6000.0,,,
14860,5000.0,,,,
14861,7000.0,,3000.0,,
14862,8000.0,8000.0,,3000.0,3000.0
14863,9000.0,9100.0,9300.0,4500.0,
14864,8000.0,5000.0,8000.0,3500.0,
14865,7000.0,4000.0,,3000.0,
14866,7000.0,,,3000.0,3300.0
14867,6000.0,6300.0,11000.0,14000.0,
14868,6000.0,3000.0,,,
14869,9000.0,9000.0,9000.0,4100.0,
14870,8000.0,8000.0,8000.0,3000.0,3200.0
14871,7000.0,7000.0,7100.0,4100.0,5300.0
14874,6000.0,6000.0,,,3000.0
14875,7000.0,7000.0,,,
14876,6000.0,,6000.0,,3000.0
14877,8000.0,8000.0,3000.0,3100.0,
14878,3000.0,3000.0,,,
14879,3000.0,3000.0,,,
14880,3000.0,3200.0,3200.0,,
14881,7000.0,,,,
14882,6000.0,,,,
14883,2700.0,2700.0,,,
14884,6000.0,6000.0,,3000.0,
14885,2700.0,3000.0,,3000.0,
14886,3000.0,,,,
14887,3100.0,,,,
14888,270000.0,270000.0,170000.0,3000.0,
14896,44980.0,,,,
14898,71500.0,,,,
14988,45500.0,,,,
14990,48230.0,,,,
14991,52000.0,,,,
14994,7800.0,,,,
14995,2700.0,3000.0,3000.0,,
14996,,78000.0,104000.0,50000.0,
14997,,52000.0,,,
14998,,78000.0,,,
14999,,65000.0,,,
15000,,97500.0,,78000.0,
15001,,104000.0,130000.0,,
15002,,97500.0,,,
15003,,65000.0,143000.0,,
15004,,130000.0,,,130000.0
15005,,35750.0,,,
15006,,97500.0,,,
15007,,117000.0,,,
15008,,71500.0,,,
15009,,78000.0,,,
15010,,65000.0,,,
15011,,79999.0,156000.0,85000.0,133000.0
15012,,130000.0,,,
15013,,3000.0,3300.0,10000.0,10000.0
15014,,3000.0,3100.0,,3000.0
15015,,3000.0,,,3100.0
15016,,3000.0,,,3000.0
15017,,3000.0,3000.0,,
15018,,3000.0,3000.0,,
15019,,3000.0,,3000.0,3000.0
15020,,3000.0,3100.0,,
15021,,3000.0,,,
15022,,3000.0,3000.0,,
15023,,3000.0,3000.0,,
15024,,3000.0,3000.0,3200.0,3300.0
15025,,3000.0,3000.0,,
15026,,3000.0,3000.0,,
15027,,3000.0,3100.0,3000.0,
15028,,3000.0,3000.0,3100.0,
15029,,3000.0,3000.0,,
15030,,3000.0,,3100.0,3100.0
15031,,3000.0,,,
15032,,3000.0,3200.0,,3200.0
15033,,3000.0,3000.0,3000.0,
15034,,3000.0,6000.0,14000.0,21000.0
15035,,3000.0,3200.0,3800.0,15000.0
15036,,3000.0,,3000.0,3500.0
15037,,3000.0,,,3000.0
15038,,3000.0,3100.0,,
15039,,3000.0,3300.0,3400.0,
15040,,3000.0,3300.0,,3400.0
15041,,3000.0,,,
15042,,3000.0,3200.0,,
15043,,3000.0,3000.0,3300.0,
15044,,3000.0,3100.0,,
15045,,3000.0,4100.0,3800.0,4000.0
15046,,3000.0,4000.0,,4000.0
15047,,3000.0,3200.0,4300.0,4000.0
15048,,3000.0,3300.0,9000.0,20000.0
15049,,3000.0,,,
15050,,3000.0,,3000.0,
15051,,3000.0,3800.0,,3800.0
15052,,3000.0,,,3000.0
15053,,3000.0,3000.0,,
15054,,3000.0,3000.0,,
15055,,3000.0,,,3000.0
15056,,3000.0,5000.0,10000.0,50000.0
15057,,3000.0,3000.0,10000.0,12000.0
15058,,3000.0,3000.0,3000.0,3200.0
15059,,3000.0,,,
15060,,3000.0,3000.0,3000.0,
15061,,3000.0,3000.0,3000.0,
15062,,3000.0,,,
15063,,3000.0,3000.0,3500.0,10000.0
15064,,3000.0,,,
15065,,3000.0,,,3000.0
15066,,3000.0,,,
15067,,3000.0,3100.0,3200.0,7700.0
15068,,3000.0,4200.0,4000.0,
15069,,3000.0,3100.0,,
15070,,3000.0,,,
15071,,3000.0,3000.0,4300.0,6000.0
15072,,3000.0,3000.0,3000.0,
15073,,3000.0,4500.0,6000.0,
15074,,3000.0,3000.0,,
15075,,3000.0,3000.0,,
15076,,3000.0,,,
15077,,3000.0,,,
15078,,3000.0,3300.0,,
15079,,3000.0,3100.0,,
15080,,3000.0,,,
15081,,3000.0,,3000.0,3300.0
15082,,3000.0,,,
15083,,3000.0,3300.0,,3300.0
15084,,3000.0,3000.0,3000.0,4000.0
15085,,3000.0,3000.0,3100.0,3100.0
15086,,3000.0,,3000.0,3100.0
15087,,3000.0,3000.0,,
15088,,3000.0,3000.0,,
15089,,3000.0,6100.0,16000.0,24000.0
15090,,3000.0,3100.0,,3100.0
15091,,3000.0,,,3000.0
15092,,3000.0,,3000.0,3300.0
15093,,3000.0,3000.0,,3000.0
15094,,3000.0,3000.0,,3000.0
15095,,3000.0,3000.0,,
15096,,3000.0,3000.0,,3000.0
15097,,3000.0,3000.0,3100.0,3600.0
15098,,3000.0,,,
15099,,3000.0,3100.0,3600.0,13000.0
15100,,3000.0,,3000.0,3000.0
15101,,3000.0,3000.0,3000.0,
15102,,3000.0,3000.0,,3000.0
15103,,3000.0,3000.0,,
15104,,3000.0,,3000.0,3000.0
15105,,3000.0,3000.0,,
15106,,3000.0,,3000.0,3000.0
15107,,3000.0,,,
15108,,3000.0,3000.0,,
15109,,3000.0,,,
15110,,3000.0,3000.0,,
15111,,3000.0,3000.0,,3000.0
15112,,3000.0,,3000.0,3400.0
15113,,3000.0,3000.0,,3000.0
15114,,3000.0,3000.0,,
15115,,3000.0,3000.0,,
15116,,3000.0,3000.0,,
15117,,3000.0,3000.0,3000.0,
15118,,3000.0,,,
15119,,3000.0,3500.0,,5000.0
15120,,3000.0,3000.0,,3000.0
15121,,3000.0,,,3100.0
15122,,3000.0,,,3000.0
15123,,3000.0,,,
15124,,3000.0,,,
15125,,3000.0,,3000.0,3000.0
15126,,3000.0,,,
15127,,3000.0,3000.0,3400.0,9500.0
15128,,3000.0,,,3000.0
15129,,3000.0,,,3000.0
15130,,1500.0,,,
15131,,2700.0,,,
15132,,2700.0,3000.0,4000.0,4500.0
15133,,3000.0,,,
15134,,3000.0,,,
15135,,3000.0,3000.0,,
15136,,3000.0,,,
15137,,3000.0,3000.0,,
15138,,3000.0,,,
15139,,3000.0,3000.0,3100.0,3500.0
15140,,3000.0,,,
15141,,3000.0,3300.0,,
15142,,3000.0,,,
15143,,43030.0,143000.0,90000.0,
15144,,75010.0,143000.0,,
15145,,48750.0,,,
15146,,65000.0,84500.0,65000.0,
15147,,0.0,0.0,,
15149,,23400.0,,,
15150,,23400.0,,,
15151,,52000.0,,,
15152,,40300.0,156000.0,,
15153,,26000.0,36400.0,75000.0,
15154,,28600.0,,,
15253,,,3000.0,33500.0,7500.0
15254,,,,3000.0,
15265,,,,,1600.0
15421,,,3000.0,53300.0,5600.0
15422,,,3000.0,23000.0,8800.0
15423,,,3000.0,14100.0,
15424,,,3000.0,,
15425,,,3000.0,,
15426,,,3000.0,,3000.0
15427,,,3000.0,,
15428,,,3000.0,,
15429,,,3000.0,,
15430,,,3000.0,,
15431,,,3000.0,,
15432,,,3000.0,41000.0,12000.0
15433,,,3000.0,13100.0,3100.0
15435,,,3000.0,9300.0,12000.0
15436,,,3000.0,8000.0,
15437,,,3000.0,7000.0,3000.0
15438,,,3000.0,,
15439,,,3000.0,6000.0,
15440,,,3000.0,6000.0,3000.0
15441,,,3000.0,18200.0,
15442,,,3000.0,,
15443,,,3000.0,10200.0,
15444,,,3000.0,9100.0,
15445,,,3000.0,,
15446,,,3000.0,,
15447,,,3000.0,,
15448,,,3000.0,,
15449,,,3000.0,,
15450,,,3000.0,28000.0,3000.0
15451,,,3000.0,18100.0,3500.0
15452,,,3000.0,13000.0,3000.0
15453,,,3000.0,11000.0,3000.0
15454,,,3000.0,,
15455,,,3000.0,10500.0,
15456,,,3000.0,8000.0,3000.0
15458,,,3000.0,6000.0,
15459,,,3000.0,,
15460,,,3000.0,,
15461,,,3000.0,32400.0,7400.0
15462,,,3000.0,19500.0,5500.0
15463,,,3000.0,13000.0,
15464,,,3000.0,11000.0,
15465,,,3000.0,,
15466,,,3000.0,9000.0,
15467,,,3000.0,8000.0,
15468,,,3000.0,7000.0,
15469,,,3000.0,7000.0,
15470,,,3000.0,6000.0,
15471,,,3000.0,,
15472,,,3000.0,25200.0,5200.0
15473,,,3000.0,4000.0,3800.0
15474,,,3000.0,14300.0,
15475,,,3000.0,12000.0,3500.0
15476,,,3000.0,10100.0,3200.0
15477,,,3000.0,10100.0,
15478,,,3000.0,8000.0,
15479,,,3000.0,8000.0,3000.0
15480,,,3000.0,7000.0,
15481,,,3000.0,7000.0,
15482,,,3000.0,6000.0,
15483,,,3000.0,6000.0,3000.0
15484,,,3000.0,28300.0,4700.0
15485,,,3000.0,3100.0,3100.0
15486,,,3000.0,17500.0,6000.0
15487,,,3000.0,,
15488,,,3000.0,,
15489,,,3000.0,,
15490,,,3000.0,,
15491,,,3000.0,8000.0,3000.0
15492,,,3000.0,,
15493,,,3000.0,,
15494,,,3000.0,,
15495,,,3000.0,,
15496,,,3000.0,23200.0,4000.0
15497,,,3000.0,16100.0,
15498,,,3000.0,3000.0,
15499,,,3000.0,13200.0,
15500,,,3000.0,,
15501,,,3000.0,,
15502,,,3000.0,,
15503,,,3000.0,8500.0,
15504,,,3000.0,7100.0,
15505,,,3000.0,7000.0,
15506,,,3000.0,6100.0,3100.0
15507,,,3000.0,6000.0,3100.0
15508,,,3000.0,23000.0,5800.0
15509,,,3000.0,18000.0,3300.0
15511,,,3000.0,11000.0,
15512,,,3000.0,10000.0,
15513,,,3000.0,8000.0,
15514,,,3000.0,8100.0,
15515,,,3000.0,7000.0,3100.0
15516,,,3000.0,6000.0,
15517,,,3000.0,6000.0,
15518,,,3000.0,25100.0,
15519,,,3000.0,16200.0,
15520,,,3000.0,,
15521,,,3000.0,11000.0,
15522,,,3000.0,9000.0,
15523,,,3000.0,8100.0,
15524,,,3000.0,7000.0,
15525,,,3000.0,7000.0,
15526,,,3000.0,6000.0,3000.0
15527,,,3000.0,6500.0,3500.0
15528,,,78000.0,,
15529,,,104000.0,,
15530,,,117000.0,115000.0,224000.0
15531,,,110500.0,120000.0,130000.0
15532,,,65000.0,80000.0,168000.0
15533,,,91000.0,,
15534,,,43680.0,,
15535,,,130000.0,,
15536,,,96590.0,,
15537,,,117000.0,,
15538,,,71500.0,,
15539,,,117000.0,,
15540,,,104000.0,,
15541,,,91000.0,,
15542,,,92300.0,,
15611,,,3000.0,,
15613,,,3000.0,,
15615,,,3000.0,,
15616,,,3000.0,,
15617,,,3000.0,,
15618,,,3000.0,,
15619,,,3000.0,3000.0,
15620,,,3000.0,,
15621,,,3000.0,,
15622,,,3000.0,3000.0,
15623,,,3000.0,,
15624,,,3000.0,3300.0,3500.0
15625,,,3000.0,,
15626,,,3000.0,,
15627,,,3000.0,,
15628,,,3000.0,,
15629,,,3000.0,,
15630,,,3000.0,,
15631,,,3000.0,3000.0,3000.0
15632,,,3000.0,,
15633,,,3000.0,3000.0,3100.0
15641,,,3000.0,,
15642,,,3000.0,,
15643,,,52000.0,50000.0,
15644,,,70200.0,65000.0,
15645,,,3000.0,3100.0,3300.0
15646,,,24050.0,,
15647,,,52000.0,,
15648,,,0.0,,
15651,,,52000.0,,
15652,,,11050.0,55000.0,
15653,,,19500.0,,
15737,,,3000.0,,
15860,,,,80000.0,
15861,,,,78000.0,98000.0
15862,,,,130000.0,
15864,,,,3000.0,3500.0
15865,,,,3000.0,3000.0
15866,,,,3000.0,3000.0
15867,,,,3000.0,3200.0
15868,,,,3000.0,3250.0
15869,,,,3000.0,3000.0
15870,,,,3000.0,3200.0
15871,,,,3000.0,
15872,,,,3000.0,
15873,,,,3000.0,3000.0
15874,,,,3000.0,3200.0
15875,,,,3000.0,3500.0
15882,,,,3000.0,3300.0
16011,,,,,3000.0
16012,,,,,3000.0
16013,,,,3000.0,3200.0
16014,,,,3000.0,3100.0
16015,,,,3000.0,3400.0
16016,,,,3000.0,
16017,,,,3000.0,3500.0
16018,,,,3000.0,
16019,,,,3000.0,
16020,,,,3000.0,
16021,,,,3000.0,3000.0
16022,,,,3000.0,3000.0
16023,,,,117000.0,
16024,,,,3000.0,
16025,,,,3000.0,
16026,,,,3000.0,
16027,,,,3000.0,4000.0
16028,,,,3000.0,3500.0
16029,,,,3000.0,
16030,,,,3000.0,
16031,,,,3000.0,3000.0
16032,,,,3000.0,
16033,,,,3000.0,3000.0
16034,,,,3000.0,3000.0
16035,,,,3000.0,3000.0
16036,,,,3000.0,3000.0
16037,,,,3000.0,
16038,,,,3000.0,6200.0
16039,,,,3000.0,3000.0
16040,,,,3000.0,3000.0
16041,,,,3000.0,3000.0
16042,,,,3000.0,7500.0
16043,,,,3000.0,3000.0
16044,,,,3000.0,3100.0
16045,,,,3000.0,3000.0
16046,,,,3000.0,
16047,,,,3000.0,3000.0
16048,,,,3000.0,
16049,,,,3000.0,3000.0
16050,,,,3000.0,3000.0
16051,,,,3000.0,3000.0
16052,,,,3000.0,3000.0
16053,,,,3000.0,3700.0
16054,,,,3000.0,
16055,,,,3000.0,
16056,,,,3000.0,3000.0
16057,,,,3000.0,3000.0
16058,,,,3000.0,3000.0
16059,,,,3000.0,3000.0
16060,,,,3000.0,3000.0
16061,,,,3000.0,3000.0
16062,,,,3000.0,
16063,,,,3000.0,3000.0
16064,,,,84500.0,
16065,,,,91000.0,
16066,,,,91000.0,168000.0
16067,,,,3000.0,14000.0
16068,,,,3000.0,3300.0
16069,,,,3000.0,3100.0
16070,,,,3000.0,
16071,,,,3000.0,3100.0
16072,,,,3000.0,3500.0
16073,,,,3000.0,3000.0
16074,,,,3000.0,3000.0
16075,,,,3000.0,3000.0
16076,,,,3000.0,3100.0
16077,,,,3000.0,3000.0
16078,,,,3000.0,3000.0
16079,,,,3000.0,
16080,,,,3000.0,3000.0
16081,,,,3000.0,
16082,,,,3000.0,3100.0
16083,,,,3000.0,3100.0
16084,,,,3000.0,3000.0
16085,,,,3000.0,3000.0
16086,,,,3000.0,3100.0
16087,,,,104000.0,
16088,,,,71500.0,168000.0
16089,,,,3000.0,
16090,,,,3000.0,4000.0
16091,,,,3000.0,3100.0
16092,,,,3000.0,3100.0
16093,,,,3000.0,3100.0
16094,,,,3000.0,
16095,,,,3000.0,
16096,,,,3000.0,
16097,,,,3000.0,
16098,,,,3000.0,
16099,,,,3000.0,
16100,,,,3000.0,3000.0
16101,,,,3000.0,3100.0
16102,,,,3000.0,3100.0
16103,,,,3000.0,
16104,,,,3000.0,3000.0
16105,,,,3000.0,
16106,,,,91000.0,112000.0
16107,,,,3000.0,4500.0
16108,,,,3000.0,4000.0
16109,,,,3000.0,3000.0
16110,,,,3000.0,8300.0
16111,,,,3000.0,3000.0
16112,,,,3000.0,3000.0
16113,,,,3000.0,
16114,,,,3000.0,3000.0
16115,,,,3000.0,
16116,,,,3000.0,
16117,,,,3000.0,
16118,,,,3000.0,3100.0
16119,,,,3000.0,
16120,,,,3000.0,
16121,,,,104000.0,
16122,,,,3000.0,3200.0
16123,,,,3000.0,4500.0
16124,,,,3000.0,3200.0
16125,,,,3000.0,3100.0
16126,,,,3000.0,
16127,,,,3000.0,3800.0
16128,,,,3000.0,4500.0
16129,,,,3000.0,3000.0
16130,,,,3000.0,3000.0
16131,,,,3000.0,3000.0
16132,,,,3000.0,3000.0
16133,,,,3000.0,3100.0
16134,,,,3000.0,
16135,,,,3000.0,3000.0
16136,,,,3000.0,4000.0
16137,,,,1500.0,
16138,,,,78000.0,130000.0
16139,,,,3000.0,3200.0
16140,,,,3000.0,
16141,,,,97500.0,
16142,,,,3000.0,
16144,,,3000.0,3000.0,
16146,,,,57000.0,161000.0
16148,,,,3600.0,
16150,,,,48000.0,
16151,,,,30000.0,
16153,,,,4800.0,84000.0
16155,,,,25000.0,
16156,,,,32700.0,58500.0
16157,,,,3000.0,
16158,,,,30000.0,
16159,,,,3000.0,3000.0
16160,,,,44000.0,112000.0
16161,,,,30000.0,
16162,,,,5000.0,70000.0
16163,,,,4500.0,
16239,,,,,3000.0
16240,,,,,3000.0
16241,,,,,3000.0
16242,,,,,3000.0
16243,,,,,3000.0
16244,,,,,3000.0
16245,,,,,3000.0
16246,,,,,3000.0
16247,,,,,3000.0
16248,,,,,3000.0
16249,,,,,3000.0
16250,,,,,3000.0
16251,,,,,3000.0
16252,,,,,3000.0
16253,,,,,3000.0
16254,,,,,3000.0
16255,,,,,3000.0
16256,,,,,3000.0
16257,,,,,3000.0
16258,,,,,3000.0
16259,,,,,3000.0
16260,,,,,3000.0
16261,,,,,104000.0
16262,,,,,130000.0
16263,,,,,3000.0
16264,,,,,3000.0
16265,,,,,3000.0
16266,,,,,3000.0
16267,,,,,3000.0
16268,,,,,3000.0
16269,,,,,3000.0
16270,,,,,3000.0
16271,,,,,3000.0
16272,,,,,3000.0
16273,,,,,110500.0
16274,,,,,3000.0
16275,,,,,3000.0
16276,,,,,3000.0
16277,,,,,3000.0
16278,,,,,3000.0
16279,,,,,3000.0
16280,,,,,3000.0
16281,,,,,3000.0
16282,,,,,3000.0
16283,,,,,3000.0
16284,,,,,3000.0
16285,,,,,3000.0
16286,,,,,130000.0
16287,,,,,3000.0
16288,,,,,3000.0
16289,,,,,3000.0
16290,,,,,3000.0
16291,,,,,3000.0
16292,,,,,3000.0
16293,,,,,3000.0
16294,,,,,3000.0
16295,,,,,3000.0
16296,,,,,3000.0
16297,,,,,3000.0
16298,,,,,112000.0
16299,,,,,98000.0
16300,,,,,130000.0
16301,,,,,3000.0
16302,,,,,3000.0
16303,,,,,3000.0
16304,,,,,3000.0
16305,,,,,3000.0
16306,,,,,3000.0
16307,,,,,3000.0
16308,,,,,3000.0
16309,,,,,3000.0
16310,,,,,3000.0
16311,,,,,3000.0
16312,,,,,97500.0
16313,,,,,130000.0
16314,,,,,3000.0
16315,,,,,3000.0
16316,,,,,3000.0
16317,,,,,3000.0
16318,,,,,3000.0
16319,,,,,3000.0
16320,,,,,3000.0
16321,,,,,3000.0
16322,,,,,3000.0
16323,,,,,3000.0
16324,,,,,130000.0
16325,,,,,3000.0
16326,,,,,3000.0
16327,,,,,3000.0
16328,,,,,3000.0
16329,,,,,3000.0
16330,,,,,3000.0
16331,,,,,3000.0
16332,,,,,3000.0
16333,,,,,3000.0
16334,,,,,3000.0
16335,,,,,3000.0
16336,,,,,3000.0
16337,,,,,3000.0
16338,,,,,3000.0
16339,,,,,91000.0
16340,,,,,3000.0
16341,,,,,3000.0
16342,,,,,3000.0
16343,,,,,3000.0
16344,,,,,3000.0
16345,,,,,3000.0
16346,,,,,3000.0
16347,,,,,3000.0
16348,,,,,3000.0
16349,,,,,72800.0
16350,,,,,78400.0
16351,,,,,3000.0
16352,,,,,3000.0
16353,,,,,3000.0
16354,,,,,3000.0
16355,,,,,3000.0
16356,,,,,3000.0
16357,,,,,3000.0
16358,,,,,3000.0
16359,,,,,3000.0
16360,,,,,3000.0
16361,,,,,3000.0
16362,,,,,0.0
16363,,,,,3000.0
16364,,,,,0.0
16365,,,,,3000.0
16366,,,,,0.0
16367,,,,,0.0
16368,,,,,0.0
16369,,,,,0.0
16370,,,,,0.0
16371,,,,,0.0
16372,,,,,3000.0
16373,,,,,0.0
16374,,,,,0.0
16375,,,,,0.0
16376,,,,,0.0
16377,,,,,3000.0
16378,,,,,0.0
16379,,,,,0.0
16380,,,,,0.0
16381,,,,,0.0
16382,,,,,0.0
16383,,,,,0.0
16384,,,,,3000.0
16385,,,,,0.0
16386,,,,,0.0
16387,,,,,0.0
16388,,,,,0.0
16389,,,,,3000.0
16390,,,,,10500.0
16391,,,,,35000.0
16393,,,,,49000.0
16395,,,,,3000.0
16396,,,,,28700.0
16397,,,,,49000.0
16398,,,,,4200.0
16399,,,,,3000.0
16400,,,,,3000.0
16401,,,,,38400.0
