선수,연도,기존pid,연봉,이후연봉,예측연봉,포지션,연봉순서,개선순서,2024FA,외국인
노시환,2024,14125,35000.0,33000.0,35163.986,3루수,79,79,False,False
최재훈,2024,10170,92000.0,82000.0,78469.422,포수,44,40,False,False
황영묵,2024,16110,3000.0,8300.0,9952.2,2루수,216,221,False,False
안치홍,2024,10014,50000.0,50000.0,44875.032,1루수,63,60,False,False
최인호,2024,14707,4800.0,6800.0,7243.4,좌익수,251,273,False,False
김태연,2024,12585,7800.0,14600.0,15585.766,3루수,152,151,False,False
이도윤,2024,11414,7500.0,11000.0,12474.64,유격수,181,188,False,False
장진혁,2024,12583,5800.0,11500.0,11338.95,중견수,179,199,False,False
문현빈,2024,15422,23000.0,8800.0,15402.694,중견수,210,153,False,False
박상언,2024,12587,4200.0,4200.0,4408.96,포수,335,395,False,False
권광민,2024,13676,3300.0,3800.0,3910.67,좌익수,365,419,False,False
하주석,2024,10913,7000.0,9000.0,7906.8,유격수,207,249,True,False
유로결,2024,14126,3300.0,3500.0,3725.37,우익수,389,433,False,False
한경빈,2024,15633,3000.0,3100.0,3383.17,유격수,445,467,False,False
장규현,2024,14811,3200.0,3300.0,3337.95,포수,416,473,False,False
이진영,2024,12539,7000.0,6200.0,6219.3,우익수,263,300,False,False
이상혁,2024,15139,3100.0,3500.0,3456.4,우익수,388,457,False,False
이원석,2024,13138,3600.0,5000.0,5379.05,중견수,301,341,False,False
임종찬,2024,14706,3400.0,3700.0,3903.4,우익수,367,420,False,False
이재원,2024,10082,5000.0,10000.0,8470.7,포수,199,235,True,False
김인환,2024,12589,6900.0,5500.0,6020.1,1루수,287,310,False,False
홍창기,2024,12546,51000.0,65000.0,62335.82,우익수,53,48,False,False
문보경,2024,14137,30000.0,41000.0,43672.564,3루수,66,64,False,False
오지환,2024,10475,30000.0,30000.0,31365.57,유격수,90,91,False,False
신민재,2024,13056,11500.0,20000.0,22475.932,2루수,121,111,False,False
문성주,2024,13112,20000.0,18000.0,19934.382,좌익수,130,126,False,False
구본혁,2024,14140,7000.0,13500.0,13806.95,2루수,158,170,False,False
최원영,2024,15084,3000.0,4000.0,4320.37,좌익수,352,401,False,False
이주헌,2024,15081,3000.0,3300.0,3402.74,포수,418,465,False,False
김주성,2024,12545,3500.0,3500.0,3598.49,3루수,383,445,False,False
김현종,2024,16013,3000.0,3200.0,3297.35,중견수,435,476,False,False
안익훈,2024,11347,5500.0,5200.0,5216.6,중견수,294,350,False,False
김성진,2024,14141,3100.0,3300.0,3313.27,1루수,409,474,False,False
최승민,2024,14187,4000.0,4300.0,4661.4,좌익수,329,376,False,False
송찬의,2024,13109,3600.0,3500.0,3750.02,2루수,382,429,False,False
김수인,2024,14675,3000.0,3100.0,3460.9,2루수,461,456,False,False
이영빈,2024,14783,5500.0,6000.0,5517.4,1루수,277,333,False,False
함창건,2024,14680,3000.0,3200.0,3172.15,좌익수,426,486,False,False
김성우,2024,15085,3100.0,3100.0,3284.94,포수,455,479,False,False
김민수,2024,12931,6000.0,6000.0,5637.3,3루수,268,326,False,False
김범석,2024,15484,28300.0,4700.0,15080.266,1루수,310,157,False,False
윤동희,2024,15048,9000.0,20000.0,21783.346,중견수,116,116,False,False
고승민,2024,14160,8000.0,18500.0,18505.322,2루수,127,134,False,False
손호영,2024,14590,4500.0,12500.0,17875.214,3루수,167,137,False,False
황성빈,2024,14642,7600.0,15500.0,15888.302,중견수,145,147,False,False
나승엽,2024,14797,4000.0,12000.0,22207.884,1루수,169,113,False,False
박승욱,2024,10804,13500.0,17000.0,18521.28,유격수,136,133,False,False
정훈,2024,10253,46666.0,20000.0,27690.24,1루수,119,97,False,False
오선진,2024,10557,10000.0,4000.0,5623.4,3루수,351,327,False,False
김동혁,2024,15645,3100.0,3300.0,3423.76,중견수,420,460,False,False
이정훈,2024,12916,6000.0,6500.0,8295.0,좌익수,255,242,False,False
신윤후,2024,14169,5200.0,4800.0,5244.5,우익수,307,349,False,False
이호준,2024,16091,3000.0,3100.0,3491.57,유격수,462,452,False,False
이인한,2024,14690,3000.0,3100.0,3696.43,좌익수,472,436,False,False
김민성,2024,10238,20000.0,20000.0,18560.2,3루수,117,132,False,False
손성빈,2024,14796,5000.0,6800.0,8057.2,포수,252,245,False,False
강성우,2024,16093,3000.0,3100.0,6496.14,유격수,468,293,False,False
강승구,2024,16102,3000.0,3100.0,3193.65,포수,464,484,False,False
장두성,2024,13155,4000.0,4600.0,4510.12,중견수,316,388,False,False
최항,2024,10810,3100.0,5000.0,5363.7,2루수,304,343,False,False
김민석,2024,15253,33500.0,7500.0,13076.698,중견수,231,179,False,False
이주찬,2024,14819,3100.0,3200.0,3364.75,3루수,442,469,False,False
서동욱,2024,15624,3300.0,3500.0,3584.83,포수,391,447,False,False
정보근,2024,13154,7500.0,7700.0,7689.4,포수,226,257,False,False
김도영,2024,15056,10000.0,50000.0,45946.854,3루수,61,57,False,False
박찬호,2024,11261,30000.0,45000.0,38856.632,유격수,65,70,False,False
김선빈,2024,10008,60000.0,60000.0,54184.97,2루수,57,52,False,False
최원준,2024,12534,22000.0,40000.0,36867.036,우익수,69,76,False,False
한준수,2024,13113,5000.0,14000.0,12098.5,포수,156,193,False,False
서건창,2024,10855,5000.0,12000.0,10724.266,1루수,173,207,True,False
김태군,2024,10459,70000.0,70000.0,61474.744,포수,49,49,False,False
변우혁,2024,14124,6000.0,8500.0,8390.95,1루수,213,239,False,False
이창진,2024,11233,12000.0,14000.0,12670.1,좌익수,155,186,False,False
윤도현,2024,15058,3000.0,3200.0,4740.1,2루수,437,370,False,False
박정우,2024,12869,3800.0,6500.0,5885.3,중견수,257,316,False,False
이우성,2024,11099,13000.0,17000.0,17544.088,좌익수,138,139,False,False
홍종표,2024,14612,3500.0,6500.0,6067.1,2루수,258,306,False,False
박민,2024,14611,3500.0,3800.0,3841.79,유격수,362,424,False,False
고종욱,2024,10659,15000.0,15000.0,13297.6,좌익수,146,176,False,False
황대인,2024,11306,8000.0,7000.0,6624.8,1루수,248,288,False,False
오선우,2024,14181,3300.0,3400.0,3464.0,1루수,404,455,False,False
한승택,2024,11119,6500.0,6500.0,6013.9,포수,259,311,False,False
김두현,2024,16086,3000.0,3100.0,3743.72,유격수,463,430,False,False
김규성,2024,12540,5500.0,6500.0,6041.7,2루수,256,309,False,False
최정용,2024,11407,4300.0,4500.0,4319.84,2루수,326,402,False,False
김호령,2024,11298,9000.0,8000.0,7184.9,중견수,222,274,False,False
장성우,2024,10235,95000.0,95000.0,88327.318,포수,39,36,False,False
김민혁,2024,11339,24000.0,30000.0,32359.13,좌익수,81,88,False,False
강백호,2024,13168,29000.0,70000.0,43785.532,1루수,50,63,False,False
김상수,2024,10320,50000.0,50000.0,44984.768,유격수,60,59,False,False
문상철,2024,11333,11000.0,17000.0,17179.33,1루수,141,140,False,False
오윤석,2024,11397,14000.0,16000.0,17068.846,2루수,144,142,False,False
배정대,2024,11212,32000.0,34000.0,38775.788,중견수,78,72,False,False
심우준,2024,11334,29000.0,50000.0,39596.4,유격수,62,68,True,False
조대현,2024,13177,3100.0,4300.0,4535.88,포수,330,384,False,False
강현우,2024,14603,5000.0,5000.0,5487.3,포수,299,334,False,False
천성호,2024,14606,4500.0,7100.0,7069.55,2루수,239,278,False,False
김병준,2024,15097,3100.0,3600.0,3606.67,중견수,379,444,False,False
김준태,2024,10835,10000.0,7500.0,7692.2,포수,234,256,False,False
강민성,2024,14191,3600.0,3700.0,3757.36,3루수,368,428,False,False
장준원,2024,11214,5300.0,5100.0,5048.8,유격수,297,357,False,False
안현민,2024,15092,3000.0,3300.0,3311.26,좌익수,419,475,False,False
권동진,2024,14777,4600.0,4600.0,4528.62,유격수,315,385,False,False
홍현빈,2024,12941,4500.0,4500.0,4430.6,우익수,321,394,False,False
송민섭,2024,11342,6500.0,6000.0,5920.0,우익수,269,314,False,False
안치영,2024,13006,5000.0,4500.0,4645.8,우익수,322,378,False,False
윤준혁,2024,14605,3000.0,3500.0,3480.97,3루수,387,454,False,False
박민석,2024,14110,3100.0,3400.0,3799.16,2루수,407,426,False,False
김건형,2024,14779,3000.0,3300.0,3285.66,우익수,415,478,False,False
오재일,2024,10400,50000.0,15000.0,22756.404,1루수,148,110,True,False
이호연,2024,13151,8500.0,7000.0,6584.5,2루수,250,289,False,False
김지찬,2024,14618,16000.0,28000.0,27595.552,2루수,94,99,False,False
강민호,2024,10232,70000.0,70000.0,70425.322,포수,51,42,False,False
이재현,2024,15034,14000.0,21000.0,19946.03,유격수,105,125,False,False
김영웅,2024,15035,3800.0,15000.0,14290.746,3루수,149,164,False,False
이성규,2024,12562,6000.0,13000.0,12467.35,우익수,163,189,False,False
김헌곤,2024,10640,6000.0,10000.0,11123.65,좌익수,201,201,True,False
윤정빈,2024,13161,3700.0,7400.0,7482.5,우익수,236,264,False,False
박병호,2024,10470,70000.0,38000.0,45045.932,1루수,73,58,False,False
디아즈,2024,16162,5000.0,70000.0,46579.4,1루수,52,56,False,True
전병우,2024,11422,6000.0,7500.0,7246.9,3루수,235,272,False,False
이병헌,2024,14117,4000.0,6500.0,6146.0,포수,262,304,False,False
류지혁,2024,10894,20000.0,60000.0,18879.248,2루수,56,129,True,False
김민수,2024,11266,4600.0,4600.0,4537.74,포수,312,383,False,False
양도근,2024,15875,3000.0,3500.0,3689.94,2루수,390,437,False,False
김성윤,2024,12936,10000.0,7000.0,7312.8,우익수,247,268,False,False
김태훈,2024,11336,4100.0,4500.0,4391.92,우익수,323,397,False,False
카디네스,2024,16156,32700.0,58500.0,53198.096,우익수,59,53,False,True
김도환,2024,14115,5000.0,4700.0,4681.4,포수,311,374,False,False
공민규,2024,13164,4100.0,4300.0,4439.44,3루수,331,393,False,False
양우현,2024,14116,3700.0,4000.0,4141.2,2루수,348,411,False,False
이창용,2024,14866,3000.0,3300.0,3351.6,1루수,417,470,False,False
김재성,2024,11344,7000.0,5500.0,12554.7,포수,285,187,False,False
김동엽,2024,12548,8000.0,5000.0,5476.9,좌익수,303,335,False,False
김호진,2024,15868,3000.0,3250.0,3452.6,3루수,422,459,False,False
강한울,2024,11255,10000.0,7000.0,7286.7,3루수,241,269,False,False
김재혁,2024,15036,3000.0,3500.0,3490.73,중견수,396,453,False,False
안주형,2024,12988,5200.0,7000.0,7115.25,2루수,243,277,False,False
박성한,2024,12922,30000.0,37000.0,40573.598,유격수,74,67,False,False
정준재,2024,16042,3000.0,7500.0,7834.05,2루수,233,252,False,False
최지훈,2024,14587,25000.0,30000.0,33738.118,중견수,86,84,False,False
이지영,2024,10312,20000.0,15000.0,20862.532,포수,147,119,False,False
오태곤,2024,10249,40000.0,30000.0,34287.194,1루수,83,83,False,False
최준우,2024,13128,4500.0,3200.0,3702.37,2루수,431,434,False,False
최상민,2024,13195,3200.0,3200.0,4516.0,우익수,434,386,False,False
박지환,2024,16038,3000.0,6200.0,6444.05,2루수,264,295,False,False
김창평,2024,14146,3100.0,3100.0,3094.85,좌익수,470,491,False,False
최민창,2024,11351,3000.0,3000.0,3082.0,우익수,482,492,False,False
조형우,2024,14806,6300.0,4000.0,4648.3,포수,353,377,False,False
강진성,2024,11148,8500.0,5500.0,6999.7,1루수,292,279,False,False
한유섬,2024,10815,90000.0,90000.0,78526.174,우익수,40,39,False,False
정현승,2024,16043,3000.0,3000.0,3344.6,우익수,477,471,False,False
김찬형,2024,12622,5000.0,3200.0,4459.5,3루수,439,392,False,False
김민식,2024,10707,15000.0,25000.0,22283.4,포수,95,112,False,False
김성현,2024,10636,20000.0,15000.0,14949.0,2루수,151,159,False,False
하재훈,2024,14147,10000.0,9000.0,11297.09,좌익수,206,200,False,False
고명준,2024,14807,3000.0,8000.0,8300.816,1루수,219,241,False,False
안상현,2024,12613,4000.0,3200.0,3565.2,2루수,429,448,False,False
권희동,2024,11172,15000.0,22500.0,26257.216,좌익수,101,102,False,False
김주원,2024,14765,16000.0,20000.0,22825.65,유격수,109,109,False,False
김휘집,2024,14785,11000.0,17500.0,16508.1,3루수,134,144,False,False
서호철,2024,14220,12000.0,17500.0,18999.36,3루수,133,128,False,False
최정원,2024,14221,6600.0,7000.0,7271.8,중견수,244,270,False,False
김형준,2024,13081,5800.0,11000.0,11106.2,포수,183,202,False,False
천재환,2024,13261,5000.0,7600.0,7807.05,중견수,227,253,False,False
안중열,2024,11329,7100.0,6600.0,7733.8,포수,254,254,False,False
송승환,2024,14172,3500.0,3200.0,3410.96,우익수,440,464,False,False
오영수,2024,13082,7200.0,5100.0,5560.0,1루수,298,331,False,False
도태훈,2024,12560,8000.0,8000.0,8051.35,1루수,221,247,False,False
신용석,2024,15452,13000.0,3000.0,6292.3,포수,474,299,False,False
김한별,2024,14716,3800.0,3800.0,4019.52,유격수,361,416,False,False
한재환,2024,14659,4000.0,3000.0,3392.04,1루수,478,466,False,False
박영빈,2024,14661,3200.0,3100.0,4340.54,중견수,446,398,False,False
김세훈,2024,16058,3000.0,3000.0,3453.95,유격수,475,458,False,False
김범준,2024,14222,3000.0,3000.0,3114.15,좌익수,476,490,False,False
김수윤,2024,12903,3200.0,3200.0,3295.67,3루수,436,477,False,False
박한결,2024,15451,18100.0,3500.0,8106.2,좌익수,385,244,False,False
박시원,2024,14597,3000.0,12000.0,9104.87,중견수,170,232,False,False
김성욱,2024,11153,9500.0,10000.0,13186.932,중견수,194,177,True,False
한석현,2024,13250,3900.0,3700.0,5853.22,우익수,369,317,False,False
강승호,2024,11087,25500.0,37000.0,35159.562,2루수,75,80,False,False
정수빈,2024,10195,86666.0,86666.0,84498.43,중견수,42,37,False,False
양석환,2024,11213,30000.0,30000.0,32245.864,1루수,84,89,False,False
박준영,2024,12522,7000.0,8500.0,8969.3,유격수,211,233,False,False
김기연,2024,12549,4000.0,11000.0,9465.5,포수,180,227,False,False
이유찬,2024,12894,8500.0,10500.0,10809.4,2루수,190,205,False,False
조수행,2024,12524,9500.0,20000.0,18849.24,좌익수,111,130,False,False
전다민,2024,16072,3000.0,3500.0,3742.95,좌익수,384,432,False,False
김민혁,2024,12970,3800.0,3420.0,3780.96,1루수,401,427,False,False
류현준,2024,16076,3000.0,3100.0,4896.86,포수,449,365,False,False
홍성호,2024,12606,3300.0,3300.0,3423.48,우익수,410,461,False,False
오명진,2024,14737,3100.0,3100.0,6771.57,2루수,447,283,False,False
임종성,2024,16069,3000.0,3100.0,3205.1,3루수,448,482,False,False
장규빈,2024,14570,3000.0,3100.0,3153.65,포수,444,487,False,False
여동건,2024,16068,3000.0,3300.0,3561.75,2루수,412,449,False,False
장승현,2024,11097,6000.0,4800.0,5083.3,포수,309,354,False,False
박민준,2024,15515,7000.0,3100.0,4231.8,포수,473,405,False,False
전민재,2024,13073,3400.0,7500.0,7496.7,유격수,230,260,False,False
박계범,2024,11198,8500.0,6800.0,6779.2,유격수,253,282,False,False
김인태,2024,11098,9000.0,7200.0,7488.1,우익수,238,263,False,False
김대한,2024,14170,3700.0,4200.0,4202.5,우익수,334,407,False,False
김태근,2024,14175,3400.0,4500.0,4228.17,좌익수,320,406,False,False
송성문,2024,11376,13000.0,30000.0,34460.694,3루수,93,82,False,False
이주형,2024,14591,6600.0,11000.0,12186.378,우익수,185,190,False,False
이용규,2024,10035,20000.0,20000.0,20212.98,좌익수,122,124,True,False
이형종,2024,12516,68000.0,60000.0,52676.848,우익수,58,54,False,False
김건희,2024,15472,25200.0,5200.0,21958.054,포수,296,115,False,False
박수종,2024,15132,4000.0,4500.0,5031.3,중견수,319,358,False,False
박성빈,2024,15479,8000.0,3000.0,4401.9,포수,481,396,False,False
최주환,2024,10182,65000.0,30000.0,38297.014,1루수,87,73,True,False
김태진,2024,11244,11000.0,9000.0,10305.5,유격수,208,215,False,False
송지후,2024,16130,3000.0,3000.0,3204.35,2루수,484,483,False,False
김재현,2024,10870,5500.0,10000.0,10305.5,포수,192,216,False,False
김동헌,2024,15473,4000.0,3800.0,3857.17,포수,364,421,False,False
주성원,2024,14133,3500.0,3800.0,3841.99,우익수,363,423,False,False
임병욱,2024,11226,7000.0,6000.0,6087.8,우익수,272,305,False,False
김병휘,2024,14577,3300.0,3500.0,3615.62,유격수,392,442,False,False
변상권,2024,13223,4800.0,5500.0,5984.6,좌익수,289,312,False,False
원성준,2024,16136,3000.0,4000.0,5451.42,중견수,341,338,False,False
박주홍,2024,14580,3600.0,3700.0,3743.3,좌익수,372,431,False,False
장재영,2024,14784,4000.0,4600.0,4687.15,우익수,314,373,False,False
김웅빈,2024,12503,5000.0,4000.0,4675.96,3루수,350,375,False,False
고영우,2024,16128,3000.0,4500.0,6789.05,3루수,318,281,False,False
이원석,2024,10180,40000.0,30000.0,27218.83,1루수,88,100,False,False
이승원,2024,15476,10100.0,3200.0,8420.2,유격수,433,237,False,False
임지열,2024,11225,7200.0,5800.0,5796.8,1루수,281,320,False,False
이재상,2024,16124,3000.0,3200.0,3420.82,유격수,432,462,False,False
류현진,2024,10590,250000.0,200000.0,114752.866,투수,9,29,False,False
주현상,2024,11415,11000.0,25000.0,25514.8,투수,96,105,False,False
와이스,2024,16153,4800.0,84000.0,12984.88,투수,43,183,False,True
문동주,2024,15013,10000.0,10000.0,14083.39,투수,198,165,False,False
황준서,2024,16107,3000.0,4500.0,7495.82,투수,317,262,False,False
박상원,2024,12871,19500.0,22000.0,26996.404,투수,103,101,False,False
이민우,2024,13003,5600.0,9400.0,10861.81,투수,205,204,False,False
한승혁,2024,10812,4900.0,9400.0,10628.85,투수,204,209,False,False
장민재,2024,10610,15000.0,15000.0,12162.76,투수,150,191,False,False
김서현,2024,15421,53300.0,5600.0,43887.55,투수,284,62,False,False
김민우,2024,11410,16700.0,13000.0,22902.856,투수,166,108,False,False
이상규,2024,13245,4400.0,4800.0,5349.92,투수,308,344,False,False
김기중,2024,14808,4400.0,6000.0,5837.06,투수,274,319,False,False
장시환,2024,10453,25000.0,20000.0,15593.1,투수,123,150,False,False
김승일,2024,14711,3000.0,3200.0,3608.5,투수,428,443,False,False
김범수,2024,11411,19300.0,14300.0,13993.8,투수,153,168,False,False
김규연,2024,14871,4100.0,5300.0,9191.14,투수,293,230,False,False
조동욱,2024,16108,3000.0,4000.0,5065.38,투수,343,356,False,False
배민서,2024,14158,5100.0,4100.0,4465.2,투수,337,390,False,False
김도빈,2024,16118,3000.0,3100.0,5795.3,투수,450,321,False,False
이충호,2024,11116,3400.0,3400.0,3637.7,투수,406,440,False,False
장지수,2024,14178,3200.0,3400.0,5133.94,투수,402,352,False,False
윤대경,2024,11110,11000.0,7000.0,9475.9,투수,245,226,False,False
이태양,2024,10609,70000.0,47000.0,68030.226,투수,64,44,False,False
임찬규,2024,10652,20000.0,20000.0,31266.96,투수,112,92,False,False
손주영,2024,12908,4300.0,17200.0,15852.22,투수,135,148,False,False
최원태,2024,11379,40000.0,20000.0,43995.932,투수,110,61,True,False
에르난데스,2024,16160,44000.0,112000.0,59272.572,투수,31,50,False,True
김진성,2024,11166,35000.0,33000.0,38822.664,투수,80,71,False,False
유영찬,2024,14669,8500.0,21000.0,15063.93,투수,107,158,False,False
김유영,2024,11229,6700.0,10500.0,10689.16,투수,189,208,False,False
이종준,2024,14651,3000.0,4200.0,7451.56,투수,333,265,False,False
함덕주,2024,11094,20000.0,20000.0,15478.5,투수,114,152,False,False
우강훈,2024,14816,3100.0,3600.0,4735.8,투수,376,371,False,False
임준형,2024,14142,4800.0,5500.0,5366.9,투수,286,342,False,False
진우영,2024,16015,3000.0,3400.0,5127.1,투수,403,353,False,False
김대현,2024,12532,5700.0,7500.0,7719.36,투수,229,255,False,False
이지강,2024,14143,6800.0,8300.0,8286.15,투수,217,243,False,False
정우영,2024,14136,32000.0,18000.0,28756.566,투수,131,96,False,False
김진수,2024,14781,3200.0,3600.0,4024.8,투수,374,415,False,False
성동현,2024,13103,3200.0,3400.0,3594.3,투수,405,446,False,False
최동환,2024,10535,13000.0,11000.0,10349.4,투수,187,213,False,False
김영준,2024,13102,3600.0,4200.0,4766.4,투수,336,368,False,False
박명근,2024,15486,17500.0,6000.0,13468.0,투수,276,175,False,False
정지헌,2024,16017,3000.0,3500.0,4557.8,투수,397,382,False,False
백승현,2024,13009,9200.0,7000.0,9992.6,투수,240,220,False,False
이우찬,2024,10749,12500.0,10000.0,10522.4,투수,202,211,False,False
반즈,2024,15011,85000.0,133000.0,141724.4,투수,23,15,False,True
박세웅,2024,11310,135000.0,135000.0,105333.0,투수,22,32,False,False
김원중,2024,10825,50000.0,110000.0,57013.682,투수,35,51,True,False
김진욱,2024,14792,6000.0,10000.0,10343.47,투수,200,214,False,False
한현희,2024,10863,40000.0,110000.0,37200.062,투수,34,74,False,False
박진,2024,14163,3300.0,6000.0,7848.52,투수,275,251,False,False
김상수,2024,10427,16000.0,24000.0,17970.32,투수,97,136,False,False
정현수,2024,16090,3000.0,4000.0,6701.64,투수,339,285,False,False
김강현,2024,12699,3200.0,4000.0,5019.62,투수,346,360,False,False
박진형,2024,11425,8600.0,5600.0,6677.8,투수,283,286,False,False
구승민,2024,11291,45000.0,30000.0,33668.832,투수,85,85,True,False
최준용,2024,14624,16300.0,11000.0,13014.7,투수,184,182,False,False
이민석,2024,15045,3800.0,4000.0,4605.4,투수,342,379,False,False
진승현,2024,15047,4300.0,4000.0,5458.8,투수,345,337,False,False
정우준,2024,14795,3100.0,3200.0,4155.4,투수,427,409,False,False
박준우,2024,16092,3000.0,3100.0,3411.9,투수,459,463,False,False
우강훈,2024,14816,3100.0,3600.0,6043.0,투수,378,308,False,False
김도규,2024,13148,8000.0,4000.0,6395.3,투수,347,296,False,False
홍민기,2024,14625,3100.0,3100.0,3656.6,투수,458,438,False,False
진해수,2024,10075,15000.0,7000.0,12077.1,투수,242,194,True,False
윤성빈,2024,12928,3100.0,3100.0,7253.2,투수,457,271,False,False
현도훈,2024,13271,3200.0,3300.0,3799.7,투수,421,425,False,False
송재영,2024,14794,3100.0,3200.0,10769.8,투수,424,206,False,False
나균안,2024,12930,17000.0,12000.0,17132.4,투수,178,141,False,False
양현종,2024,10058,125000.0,125000.0,109483.9,투수,27,31,False,False
네일,2024,16088,71500.0,168000.0,119970.464,투수,14,24,False,True
정해영,2024,14608,20000.0,36000.0,26154.752,투수,76,103,False,False
윤영철,2024,15432,41000.0,12000.0,39131.164,투수,177,69,False,False
황동하,2024,15063,3500.0,10000.0,9659.17,투수,195,225,False,False
장현식,2024,11164,16000.0,20000.0,17781.36,투수,125,138,True,False
전상현,2024,12537,17000.0,30000.0,29133.97,투수,82,94,False,False
곽도규,2024,15435,9300.0,12000.0,14021.57,투수,176,167,False,False
김도현,2024,14128,3500.0,9000.0,7354.13,투수,209,267,False,False
이준영,2024,11303,14000.0,17000.0,11923.9,투수,139,195,False,False
최지민,2024,15057,10000.0,12000.0,11784.6,투수,175,196,False,False
김승현,2024,12637,4100.0,4600.0,5155.9,투수,313,351,False,False
유승철,2024,12914,3600.0,3800.0,3852.3,투수,359,422,False,False
이의리,2024,14788,17000.0,17000.0,14841.0,투수,140,160,False,False
김기훈,2024,14176,4000.0,5500.0,5400.08,투수,291,339,False,False
장재혁,2024,14657,3000.0,3100.0,3124.8,투수,452,489,False,False
박정우,2024,12869,3800.0,6500.0,4150.1,투수,261,410,False,False
김사윤,2024,11364,3400.0,4000.0,6492.46,투수,338,294,False,False
박준표,2024,11070,8000.0,7500.0,6043.4,투수,232,307,False,False
유지성,2024,14607,3100.0,3200.0,3628.3,투수,423,441,False,False
김민주,2024,16082,3000.0,3100.0,3381.8,투수,451,468,False,False
김민재,2024,16083,3000.0,3100.0,5647.1,투수,460,325,False,False
임기영,2024,10909,25000.0,30000.0,18008.1,투수,89,135,True,False
김건국,2024,12944,4000.0,4500.0,4460.4,투수,325,391,False,False
이형범,2024,11159,7000.0,6500.0,5928.8,투수,260,313,False,False
김현수,2024,14162,4500.0,4500.0,6177.2,투수,324,302,False,False
김대유,2024,10706,11000.0,12000.0,10263.2,투수,172,217,False,False
윤중현,2024,13122,6500.0,6000.0,7542.6,투수,270,258,False,False
쿠에바스,2024,13942,100000.0,140000.0,118102.1,투수,20,26,False,True
엄상백,2024,11318,25000.0,90000.0,48800.9,투수,41,55,True,False
박영현,2024,15089,16000.0,24000.0,24671.336,투수,98,106,False,False
김민,2024,13167,5000.0,11000.0,13159.73,투수,186,178,False,False
고영표,2024,11308,200000.0,200000.0,74072.228,투수,7,41,False,False
우규민,2024,10523,22000.0,20000.0,28916.382,투수,124,95,True,False
김민수,2024,11317,16000.0,21000.0,15910.16,투수,106,146,False,False
육청명,2024,16028,3000.0,3500.0,6874.42,투수,398,280,False,False
조이현,2024,11284,6000.0,5700.0,6367.42,투수,282,298,False,False
박시영,2024,10737,9000.0,5000.0,8673.7,투수,300,234,False,False
소형준,2024,14600,22000.0,22000.0,32784.28,투수,104,86,False,False
손동현,2024,14108,12000.0,10000.0,10452.5,투수,196,212,False,False
이선우,2024,14111,4000.0,3800.0,4509.0,투수,358,389,False,False
원상현,2024,16027,3000.0,4000.0,6187.68,투수,344,301,False,False
이상동,2024,14109,6000.0,5900.0,6763.78,투수,278,284,False,False
박세진,2024,12572,3500.0,3700.0,5349.0,투수,366,345,False,False
성재헌,2024,14667,3000.0,3600.0,5274.64,투수,375,346,False,False
이채호,2024,13130,5300.0,5000.0,4721.5,투수,306,372,False,False
주권,2024,11323,20000.0,20000.0,15633.2,투수,113,149,False,False
강건,2024,15527,6500.0,3500.0,5382.1,투수,395,340,False,False
전용주,2024,14106,3200.0,3600.0,4081.1,투수,373,413,False,False
한차현,2024,14776,3100.0,3500.0,3639.0,투수,394,439,False,False
문용익,2024,12885,6300.0,5800.0,6369.6,투수,279,297,False,False
원태인,2024,14113,43000.0,63000.0,101211.066,투수,54,34,False,False
레예스,2024,15861,78000.0,98000.0,105019.498,투수,38,33,False,True
이승현,2024,14798,7000.0,12000.0,13808.91,투수,171,169,False,False
임창민,2024,10452,20000.0,20000.0,21598.08,투수,126,118,False,False
최지광,2024,12934,14000.0,17000.0,17018.29,투수,137,143,False,False
김재윤,2024,11489,40000.0,80000.0,37039.328,투수,47,75,False,False
김태훈,2024,10871,17000.0,24000.0,20577.672,투수,99,122,False,False
황동재,2024,14615,4100.0,6200.0,7855.49,투수,265,250,False,False
이승현,2024,10527,17000.0,24000.0,19590.9,투수,100,127,False,False
백정현,2024,10363,75000.0,75000.0,65440.5,투수,48,46,False,False
이상민,2024,11169,6500.0,8500.0,8056.65,투수,212,246,False,False
송은범,2024,10137,5000.0,6000.0,7150.2,투수,273,275,False,False
최하늘,2024,13152,4100.0,6000.0,5614.62,투수,271,328,False,False
김대우,2024,10685,10000.0,10000.0,9145.9,투수,197,231,False,False
육선엽,2024,15864,3000.0,3500.0,4336.9,투수,393,399,False,False
오승환,2024,10367,40000.0,80000.0,32427.964,투수,45,87,False,False
홍원표,2024,14614,3300.0,3550.0,6667.7,투수,380,287,False,False
최성훈,2024,10851,10000.0,7800.0,9690.6,투수,224,223,False,False
양현,2024,10730,9000.0,7000.0,8447.5,투수,249,236,False,False
이호성,2024,15496,23200.0,4000.0,15128.8,투수,340,156,False,False
최채흥,2024,13156,15000.0,13000.0,11375.5,투수,164,198,False,False
장필준,2024,11404,7000.0,4000.0,6176.8,투수,349,303,False,False
김대호,2024,15882,3000.0,3300.0,3133.1,투수,414,488,False,False
김윤수,2024,13162,7000.0,7000.0,5581.3,투수,246,329,False,False
이승민,2024,14616,4100.0,5000.0,5067.8,투수,302,355,False,False
이재익,2024,13244,8200.0,6200.0,7451.2,투수,266,266,False,False
앤더슨,2024,16146,57000.0,161000.0,100152.76,투수,17,35,False,True
김광현,2024,10126,100000.0,300000.0,110661.8,투수,1,30,False,False
노경은,2024,10203,35000.0,40000.0,42890.738,투수,67,65,True,False
오원석,2024,14581,14000.0,14000.0,16038.09,투수,157,145,False,False
조병현,2024,14805,3000.0,13500.0,13697.05,투수,161,172,False,False
문승원,2024,10783,18000.0,80000.0,18787.48,투수,46,131,False,False
송영진,2024,15462,19500.0,5500.0,23878.3,투수,290,107,False,False
한두솔,2024,13228,3200.0,8000.0,9407.8,투수,220,228,False,False
이로운,2024,15461,32400.0,7400.0,29317.03,투수,237,93,False,False
박종훈,2024,10131,110000.0,110000.0,67752.63,투수,33,45,False,False
박시후,2024,14687,3000.0,3100.0,4598.8,투수,469,380,False,False
박성빈,2024,16044,3000.0,3100.0,3981.3,투수,467,417,False,False
정동윤,2024,12571,3000.0,3000.0,3546.3,투수,483,450,False,False
김택형,2024,11373,20500.0,20500.0,14542.6,투수,108,163,False,False
장지훈,2024,14804,13000.0,13000.0,9748.7,투수,165,222,False,False
백승건,2024,14145,4600.0,3200.0,4562.1,투수,438,381,False,False
최현석,2024,16041,3000.0,3000.0,6582.1,투수,480,291,False,False
고효준,2024,10124,15300.0,8000.0,13475.6,투수,218,174,False,False
신헌민,2024,15024,3200.0,3300.0,4939.3,투수,413,362,False,False
김주온,2024,13057,3000.0,3000.0,3267.8,투수,479,481,False,False
서진용,2024,10784,45000.0,38000.0,35693.6,투수,72,78,True,False
이건욱,2024,11242,6100.0,3200.0,5696.0,투수,441,323,False,False
최민준,2024,13126,14400.0,10000.0,11532.23,투수,191,197,False,False
신민혁,2024,13085,18000.0,18000.0,22105.82,투수,132,114,False,False
김재열,2024,14747,6000.0,12000.0,14062.44,투수,174,166,False,False
김시훈,2024,13080,11000.0,13500.0,14789.94,투수,159,161,False,False
김영규,2024,13088,22500.0,20000.0,25695.004,투수,115,104,False,False
이재학,2024,10220,20000.0,18000.0,20551.68,투수,128,123,False,False
한재승,2024,14764,3400.0,7500.0,8365.49,투수,228,240,False,False
임정호,2024,11168,13500.0,20000.0,14697.43,투수,120,162,True,False
최우석,2024,16056,3000.0,3000.0,5252.4,투수,489,348,False,False
박주현,2024,13175,3000.0,3000.0,3174.0,투수,491,485,False,False
김진호,2024,12897,6000.0,5000.0,5570.1,투수,305,330,False,False
류진욱,2024,11355,16500.0,13500.0,13035.6,투수,160,181,False,False
손주환,2024,16057,3000.0,3000.0,4093.8,투수,488,412,False,False
임상현,2024,16053,3000.0,3700.0,4274.2,투수,371,403,False,False
최성영,2024,12565,8300.0,8000.0,8002.9,투수,223,248,False,False
배재환,2024,11248,6300.0,5500.0,5788.5,투수,288,322,False,False
김민규,2024,16049,3000.0,3000.0,4047.2,투수,486,414,False,False
서의태,2024,12574,3000.0,3000.0,4514.8,투수,487,387,False,False
신영우,2024,15450,28000.0,3000.0,21661.332,투수,490,117,False,False
소이현,2024,12900,3200.0,3100.0,3698.5,투수,465,435,False,False
김태현,2024,12898,4000.0,3500.0,4193.0,투수,386,408,False,False
목지훈,2024,15453,11000.0,3000.0,9665.6,투수,485,224,False,False
전사민,2024,14156,3400.0,3800.0,5020.7,투수,356,359,False,False
전루건,2024,14171,3200.0,3100.0,4990.8,투수,471,361,False,False
이용찬,2024,10217,40000.0,20000.0,34846.098,투수,118,81,True,False
곽빈,2024,13061,21000.0,38000.0,42598.76,투수,71,66,False,False
김택연,2024,16067,3000.0,14000.0,15244.67,투수,154,154,False,False
이병헌,2024,15099,3600.0,13000.0,12907.56,투수,162,184,False,False
김강률,2024,10690,15000.0,10000.0,15179.18,투수,193,155,True,False
홍건희,2024,10696,30000.0,30000.0,35837.18,투수,91,77,False,False
최원준,2024,12852,25000.0,22500.0,27652.96,투수,102,98,False,False
최준호,2024,15508,23000.0,5800.0,20718.12,투수,280,120,False,False
알칸타라,2024,13941,80000.0,35000.0,68764.83,투수,77,43,False,True
최지강,2024,15127,3400.0,9500.0,10129.35,투수,203,218,False,False
김민규,2024,13072,5000.0,4200.0,6499.31,투수,332,292,False,False
이영하,2024,12568,10000.0,18000.0,13659.89,투수,129,173,False,False
김유성,2024,15509,18000.0,3300.0,13038.5,투수,408,180,False,False
박신지,2024,13070,3500.0,3200.0,7496.4,투수,430,261,False,False
박정수,2024,11300,5500.0,5200.0,5917.0,투수,295,315,False,False
최종인,2024,14733,3000.0,3500.0,6582.1,투수,381,290,False,False
최승용,2024,14770,10200.0,8500.0,8404.4,투수,214,238,False,False
박지호,2024,16071,3000.0,3100.0,3496.4,투수,466,451,False,False
박치국,2024,12850,13000.0,11000.0,12158.0,투수,182,192,False,False
김도윤,2024,14768,3100.0,3100.0,4910.6,투수,443,364,False,False
권휘,2024,13665,3000.0,3700.0,3936.8,투수,370,418,False,False
정철원,2024,13071,16500.0,12000.0,12759.2,투수,168,185,False,False
김정우,2024,13124,3100.0,3000.0,3278.9,투수,492,480,False,False
김호준,2024,13268,3100.0,3300.0,4840.6,투수,411,366,False,False
이교훈,2024,14173,3300.0,3800.0,5847.4,투수,355,318,False,False
김명신,2024,12847,22500.0,16500.0,13718.3,투수,142,171,False,False
후라도,2024,15531,120000.0,130000.0,152199.2,투수,26,11,False,True
헤이수스,2024,16138,78000.0,130000.0,148254.8,투수,25,13,False,True
하영민,2024,11222,8000.0,16500.0,20594.18,투수,143,121,False,False
주승우,2024,15067,3200.0,7700.0,10892.52,투수,225,203,False,False
조상우,2024,11126,34000.0,40000.0,31887.642,투수,68,90,False,False
김인범,2024,14480,3300.0,4500.0,7136.88,투수,328,276,False,False
김성민,2024,12918,9000.0,11000.0,10622.62,투수,188,210,False,False
김윤하,2024,16123,3000.0,4500.0,5680.15,투수,327,324,False,False
김선기,2024,13092,7000.0,8400.0,10111.64,투수,215,219,False,False
양지율,2024,12854,3000.0,3500.0,4749.6,투수,400,369,False,False
원종현,2024,11161,62500.0,62500.0,63751.628,투수,55,47,False,False
박윤성,2024,15475,12000.0,3500.0,9399.7,투수,399,229,False,False
김동규,2024,15485,3100.0,3100.0,7539.5,투수,454,259,False,False
김연주,2024,16127,3000.0,3800.0,4815.88,투수,357,367,False,False
손현기,2024,16125,3000.0,3100.0,4239.1,투수,453,404,False,False
이종민,2024,14576,3200.0,3600.0,4917.84,투수,377,363,False,False
박범준,2024,16133,3000.0,3100.0,3343.8,투수,456,472,False,False
전준표,2024,16122,3000.0,3200.0,4329.0,투수,425,400,False,False
오석주,2024,12860,4000.0,3900.0,5529.78,투수,354,332,False,False
조영건,2024,14132,4000.0,3800.0,5458.86,투수,360,336,False,False
윤석원,2024,15071,4300.0,6000.0,5267.9,투수,267,347,False,False
채은성,2024,11215,160000.0,120000.0,172840.448,1루수,28,5,False,False
오스틴,2024,15532,80000.0,168000.0,120976.808,1루수,16,23,False,True
박동원,2024,10387,300000.0,170000.0,167075.313,포수,12,6,False,False
박해민,2024,11190,140000.0,140000.0,125886.938,중견수,19,20,False,False
김현수,2024,10187,225000.0,175000.0,196272.074,좌익수,11,1,False,False
레이예스,2024,16106,91000.0,112000.0,173457.501,우익수,32,4,False,True
전준우,2024,10266,130000.0,40000.0,139318.807,좌익수,70,16,False,False
유강남,2024,10753,200000.0,210000.0,133483.974,포수,5,18,False,False
노진혁,2024,11165,120000.0,130000.0,119527.611,유격수,24,25,False,False
나성범,2024,11162,180000.0,180000.0,166670.22,우익수,10,7,False,False
최형우,2024,10344,100000.0,100000.0,128701.898,좌익수,37,19,False,False
로하스,2024,12995,50000.0,210000.0,154023.627,좌익수,6,10,False,True
황재균,2024,10407,162500.0,112500.0,155782.057,3루수,30,9,False,False
구자욱,2024,10892,200000.0,200000.0,184139.416,우익수,8,3,False,False
최정,2024,10106,100000.0,170000.0,121571.373,3루수,13,22,True,False
에레디아,2024,15530,115000.0,224000.0,125622.899,좌익수,4,21,False,True
박민우,2024,11137,170000.0,160000.0,138655.467,2루수,18,17,False,False
데이비슨,2024,16066,91000.0,168000.0,143835.299,1루수,15,14,False,True
박건우,2024,10189,146666.0,136666.0,160358.79,우익수,21,8,False,False
박세혁,2024,10891,115000.0,105000.0,80546.254,포수,36,38,False,False
손아섭,2024,10261,115000.0,115000.0,116302.408,우익수,29,27,False,False
양의지,2024,10165,160000.0,270000.0,151034.417,포수,2,12,False,False
허경민,2024,10184,122500.0,30000.0,115324.27,3루수,92,28,True,False
김재환,2024,10643,287500.0,237500.0,184986.631,좌익수,3,2,False,False
