,Name,Team,WAAwithPOS,G_x,GS,IP,TC,PO,Ass,E,F%,RF9,Range RAA,Arm RAA,Err RAA,DP RAA,Bt RAA,CS RAA,Blk RAA,Frm RAA,종합 RAA,/144,POSAdj,RAAwithPOS,WAAwoPOS,pid,WAR,G_y,oWAR,dWAR,PA,ePA,AB,R,H,2B,3B,HR,TB,RBI,SB,CS,BB,HP,IB,SO,GDP,SH,SF,AVG,OBP,SLG,OPS,R/ePA,wRC+,연봉(만원)
0,최재훈,23 C,1.18,120,106,884.1,774,704,67,3,99.6,7.85,0.65,,0.8,,-0.02,0.36,0.23,,1.95,2.24,9.62,11.57,0.199,101709,3.23,125,3.03,0.2,417,407,327,23,81,12,0,1,96,33,1,1,56,23,1,48,9,9,2,0.248,0.392,0.294,0.686,0.131,111.6,80000
1,박상언,23 C,0.347,79,38,388.2,368,333,34,1,99.7,8.5,-0.39,,0.51,,-0.02,-0.17,-0.12,,-0.15,-0.24,3.55,3.41,-0.015,125879,-0.35,86,-0.34,-0.01,161,158,145,13,29,5,1,1,39,13,1,2,10,1,0,38,6,3,2,0.2,0.253,0.269,0.522,0.045,37.9,3600
2,정은원,23 2B,0.32,101,92,797.2,441,188,245,8,98.2,4.89,-2.03,,0.67,0.43,,,,,-0.93,-1.09,4.06,3.13,-0.095,131379,0.74,122,0.83,-0.09,459,453,388,50,86,12,0,2,104,30,6,3,62,3,1,73,4,5,1,0.222,0.333,0.268,0.601,0.089,76.1,21800
3,최인호,23 LF,0.137,37,35,271.1,77,76,0,1,98.7,2.52,3.09,-0.3,-0.01,,,,,,2.78,9.77,-1.44,1.34,0.284,147079,1.11,41,0.82,0.28,148,146,131,23,39,5,3,2,56,11,1,0,10,4,0,22,2,2,1,0.298,0.363,0.427,0.79,0.146,125.0,3800
4,이민준,23 SS,0.054,4,0,8.0,2,1,1,0,100.0,2.25,0.47,,0.02,,,,,,0.49,17.69,0.04,0.53,0.05,154239,0.07,4,0.02,0.05,2,2,1,0,0,0,0,0,0,0,0,0,1,0,0,0,0,0,0,0.0,0.5,0.0,0.5,0.166,136.1,3000
5,이재용,23 C,0.039,2,0,4.0,2,2,0,0,100.0,4.5,0.0,,0.01,,,,0.46,,0.33,23.9,0.05,0.38,0.034,129029,0.03,2,-0.01,0.03,2,2,2,1,1,0,0,0,1,0,0,0,0,0,0,1,0,0,0,0.5,0.5,0.5,1.0,0.222,173.2,3100
6,유상빈,23 RF,0.022,1,1,8.0,1,1,0,0,100.0,1.13,0.23,,0.02,,,,,,0.24,11.74,-0.03,0.21,0.025,151419,-0.01,3,-0.03,0.02,8,8,6,1,0,0,0,0,0,0,0,0,1,1,0,1,0,0,0,0.0,0.25,0.0,0.25,0.005,4.2,3300
7,이성곤,23 1B,-0.045,1,0,3.0,3,3,0,0,100.0,9.0,-0.43,,0.01,,,,,,-0.42,-7.6,-0.02,-0.44,-0.043,112069,-0.25,8,-0.21,-0.04,16,15,14,2,2,0,0,0,2,0,0,0,1,0,0,3,0,1,0,0.143,0.2,0.143,0.343,-0.019,-15.7,4800
8,이상혁,23 CF,-0.098,2,0,6.0,2,2,0,0,100.0,3.0,-0.66,-0.31,0.01,,,,,,-0.96,-19.72,0.0,-0.96,-0.098,151399,-0.18,7,-0.08,-0.1,2,2,2,0,0,0,0,0,0,0,1,1,0,0,0,1,0,0,0,0.0,0.0,0.0,0.0,-0.167,-130.0,3000
9,허관회,23 C,-0.136,8,0,14.2,15,14,0,1,93.3,8.59,-0.88,,0.04,,,-0.19,-0.57,,-1.43,-20.63,0.1,-1.34,-0.146,142049,-0.34,10,-0.19,-0.15,7,7,7,1,0,0,0,0,0,0,0,0,0,0,0,2,0,0,0,0.0,0.0,0.0,0.0,-0.167,-139.5,3300
10,하주석,23 SS,-0.154,23,4,84.0,36,11,23,2,94.4,3.64,-2.73,,0.2,0.38,,,,,-2.15,-12.36,0.64,-1.51,-0.219,109139,-0.53,25,-0.31,-0.22,38,38,35,4,4,1,0,0,5,2,0,0,2,1,0,10,0,0,0,0.114,0.184,0.143,0.327,-0.022,-18.3,10000
11,박상원,23 P,,55,0,61.2,18,3,14,1,94.4,2.48,,,,,,,,,0.0,0.0,,,0.0,128719,0.0,3,0.0,0.0,0,0,0,0,0,0,0,0,0,0,0,0,0,0,0,0,0,0,0,,,,,,,13300
12,장지승,23 LF,,1,0,2.0,0,0,0,0,0.0,0.0,-0.38,,0.0,,,,,,-0.38,-18.19,,,-0.039,148809,-0.11,3,-0.08,-0.04,3,3,3,0,0,0,0,0,0,0,0,0,0,0,0,0,0,0,0,0.0,0.0,0.0,0.0,-0.167,-145.6,3200
13,정우람,23 P,,52,0,40.1,1,0,1,0,100.0,0.22,,,,,,,,,0.0,,,,0.0,101569,0.0,0,0.0,0.0,0,0,0,0,0,0,0,0,0,0,0,0,0,0,0,0,0,0,0,,,,,,,50000
14,윤대경,23 P,,47,0,47.2,7,1,6,0,100.0,1.32,,,,,,,,,0.0,0.0,,,0.0,111109,0.0,1,0.0,0.0,0,0,0,0,0,0,0,0,0,0,0,0,0,0,0,0,0,0,0,,,,,,,9000
15,이태양,23 P,,50,12,100.1,19,6,13,0,100.0,1.7,,,,,,,,,0.0,0.0,,,0.0,106099,0.0,1,0.0,0.0,0,0,0,0,0,0,0,0,0,0,0,0,0,0,0,0,0,0,0,,,,,,,66000
16,박준영,23 P,,4,0,4.1,1,0,1,0,100.0,2.08,,,,,,,,,0.0,0.0,,,0.0,150149,0.0,1,0.0,0.0,0,0,0,0,0,0,0,0,0,0,0,0,0,0,0,0,0,0,0,,,,,,,3100
17,김서현,23 P,,20,1,22.1,4,0,4,0,100.0,1.61,,,,,,,,,0.0,0.0,,,0.0,154219,0.0,1,0.0,0.0,0,0,0,0,0,0,0,0,0,0,0,0,0,0,0,0,0,0,0,,,,,,,3000
18,강재민,23 P,,43,0,43.1,5,0,5,0,100.0,1.04,,,,,,,,,0.0,,,,0.0,147089,0.0,0,0.0,0.0,0,0,0,0,0,0,0,0,0,0,0,0,0,0,0,0,0,0,0,,,,,,,15000
19,오지환,23 SS,1.36,125,115,1010.2,465,176,275,14,97.0,4.02,3.31,,-0.59,0.68,,,,,3.4,3.88,9.94,13.34,0.346,104756,5.01,126,4.66,0.35,502,498,422,65,113,24,3,8,167,62,16,7,64,8,0,82,4,4,4,0.268,0.371,0.396,0.767,0.144,127.0,60000
20,박동원,23 C,1.24,128,112,982.0,831,751,72,8,99.0,7.54,-0.64,,-1.42,,0.14,1.9,1.55,,1.07,1.18,11.09,12.15,0.109,103876,4.13,130,4.02,0.11,481,471,409,54,102,17,1,20,181,75,0,1,49,7,3,90,7,8,8,0.249,0.334,0.443,0.777,0.134,117.7,30000
21,박해민,23 CF,0.92,142,136,1187.2,343,338,2,3,99.1,2.58,8.18,0.81,0.03,,,,,,9.02,9.02,0.0,9.02,0.92,111906,3.35,144,2.43,0.92,558,534,485,80,138,14,2,6,174,59,26,12,45,3,0,74,7,24,1,0.285,0.348,0.359,0.707,0.117,103.4,60000
22,허도환,23 C,0.195,45,21,212.0,176,168,8,0,100.0,7.47,-0.2,,0.55,,,-0.63,0.48,,0.06,0.18,1.85,1.91,0.006,106846,-0.03,47,-0.04,0.01,81,74,64,8,9,3,0,2,18,10,0,0,3,6,0,20,3,7,1,0.141,0.243,0.281,0.524,0.053,46.0,10000
23,전준호,23 C,0.005,2,0,3.0,4,4,0,0,100.0,12.0,0.0,,0.01,,,-0.04,0.08,,0.02,1.51,0.02,0.05,0.002,128646,-0.02,2,-0.02,0.0,1,1,1,0,0,0,0,0,0,1,0,0,0,0,0,0,0,0,0,0.0,0.0,0.0,0.0,-0.167,-140.9,3200
24,이천웅,23 LF,-0.03,2,0,2.0,0,0,0,0,0.0,0.0,-0.29,,0.0,,,,,,-0.28,-10.19,-0.01,-0.29,-0.029,109356,0.13,4,0.16,-0.03,3,3,3,0,3,0,0,0,3,1,0,0,0,0,0,0,0,0,0,1.0,1.0,1.0,2.0,0.612,520.1,8000
25,송대현,23 SS,-0.082,3,0,6.0,3,1,1,1,66.7,3.0,-0.86,,0.01,,,,,,-0.84,-30.37,0.04,-0.8,-0.086,154926,-0.16,4,-0.07,-0.09,3,3,3,0,0,0,0,0,0,0,0,0,0,0,0,2,0,0,0,0.0,0.0,0.0,0.0,-0.167,-150.8,3000
26,김범석,23 1B,-0.251,5,5,43.0,45,38,5,2,95.6,9.0,-0.85,,-0.42,,-0.79,,,,-2.06,-29.73,-0.4,-2.46,-0.211,154846,-0.47,10,-0.26,-0.21,29,29,27,3,3,1,0,1,7,4,0,0,1,0,0,5,1,0,1,0.111,0.138,0.259,0.397,-0.018,-15.9,3000
27,문보경,23 3B,-0.33,128,126,1090.2,308,104,184,20,93.5,2.38,-2.45,,-0.94,0.49,-0.34,,,,-3.24,-3.56,0.0,-3.24,-0.33,141376,3.99,131,4.32,-0.33,542,533,469,77,141,29,5,10,210,72,9,8,58,2,2,83,5,9,4,0.301,0.377,0.448,0.825,0.158,138.5,17000
28,서건창,23 2B,-0.351,35,25,237.0,123,53,61,9,92.7,4.33,-1.4,,-1.83,-1.32,,,,,-4.55,-14.89,1.11,-3.44,-0.464,108556,-0.9,44,-0.44,-0.46,126,123,110,14,22,5,2,0,31,12,3,3,10,0,0,14,5,3,3,0.2,0.26,0.282,0.542,0.053,46.1,20000
29,김기연,23 C,-0.367,27,11,96.1,96,85,7,4,95.8,8.6,-0.05,,-1.73,,,-1.23,-2.12,,-4.49,-23.09,0.89,-3.6,-0.458,125496,-0.67,28,-0.21,-0.46,40,39,34,3,4,0,0,0,4,2,1,0,5,0,0,10,0,1,0,0.118,0.231,0.118,0.349,-0.002,-1.6,3500
30,김대현,23 P,,5,0,3.1,0,0,0,0,0.0,0.0,,,,,,,,,0.0,0.0,,,0.0,125326,0.0,2,0.0,0.0,0,0,0,0,0,0,0,0,0,0,0,0,0,0,0,0,0,0,0,,,,,,,6200
31,고우석,23 P,,44,0,44.0,9,3,5,1,88.9,1.64,,,,,,,,,0.0,0.0,,,0.0,129076,0.0,1,0.0,0.0,0,0,0,0,0,0,0,0,0,0,0,0,0,0,0,0,0,0,0,,,,,,,43000
32,박명근,23 P,,55,1,51.1,6,2,4,0,100.0,1.05,,,,,,,,,0.0,0.0,,,0.0,154866,0.0,2,0.0,0.0,0,0,0,0,0,0,0,0,0,0,0,0,0,0,0,0,0,0,0,,,,,,,3000
33,최동환,23 P,,43,0,42.1,6,1,5,0,100.0,1.28,,,,,,,,,0.0,0.0,,,0.0,105356,0.0,3,0.0,0.0,0,0,0,0,0,0,0,0,0,0,0,0,0,0,0,0,0,0,0,,,,,,,10500
34,오석주,23 P,,9,0,10.0,0,0,0,0,0.0,0.0,,,,,,,,,0.0,0.0,,,0.0,128606,0.0,1,0.0,0.0,0,0,0,0,0,0,0,0,0,0,0,0,0,0,0,0,0,0,0,,,,,,,3700
35,이정용,23 P,,37,13,86.2,12,3,8,1,91.7,1.14,,,,,,,,,0.0,0.0,,,0.0,141346,0.0,1,0.0,0.0,0,0,0,0,0,0,0,0,0,0,0,0,0,0,0,0,0,0,0,,,,,,,24000
36,유강남,23 C,0.911,109,98,821.0,778,714,60,4,99.5,8.48,0.32,,0.64,,-0.03,-2.81,2.72,,0.03,0.03,8.9,8.93,0.003,107532,2.34,121,2.33,0.0,403,401,352,45,92,13,0,10,135,55,1,1,37,8,1,64,13,2,4,0.261,0.342,0.384,0.726,0.122,100.9,60000
37,노진혁,23 SS,0.72,107,95,827.0,373,142,220,11,97.1,3.94,-2.87,,0.96,1.48,,,,,-0.44,-0.56,7.5,7.06,-0.045,111652,2.32,113,2.36,-0.04,390,386,334,43,86,26,1,4,126,51,7,2,45,3,1,84,3,4,4,0.257,0.347,0.377,0.724,0.125,103.2,50000
38,손성빈,23 C,0.407,44,20,201.2,180,166,13,1,99.4,7.99,1.05,,0.03,,-0.01,1.54,-0.74,,2.09,6.7,1.9,3.99,0.213,147962,0.29,45,0.08,0.21,80,78,76,13,20,3,0,1,26,15,0,0,2,0,0,10,3,2,0,0.263,0.282,0.342,0.624,0.076,63.7,3100
39,정보근,23 C,0.185,51,23,228.2,216,191,24,1,99.5,8.46,-0.52,,0.59,,,1.15,-2.42,,-0.47,-1.22,2.28,1.81,-0.048,131542,1.33,55,1.37,-0.05,101,97,81,11,27,6,1,1,38,13,1,0,14,1,0,13,1,4,1,0.333,0.433,0.469,0.902,0.193,158.9,5900
40,지시완,23 C,0.148,2,2,15.0,15,10,5,0,100.0,9.0,0.38,,0.04,,,0.4,0.71,,1.31,31.49,0.14,1.46,0.134,114132,0.0,6,-0.14,0.13,10,8,8,0,1,0,0,0,1,0,0,0,0,0,0,5,0,2,0,0.125,0.125,0.125,0.25,-0.07,-57.2,7600
41,국해성,23 LF,0.01,1,0,2.0,0,0,0,0,0.0,0.0,0.1,,0.0,,,,,,0.11,2.58,-0.01,0.1,0.011,101722,-0.04,6,-0.05,0.01,10,10,8,0,2,0,0,0,2,1,0,0,2,0,0,3,0,0,0,0.25,0.4,0.25,0.65,0.122,100.2,3000
42,정대선,23 2B,-0.136,18,11,101.0,40,14,26,0,100.0,3.56,-1.36,,0.27,-0.68,,,,,-1.77,-13.4,0.43,-1.34,-0.18,154432,-0.54,19,-0.36,-0.18,47,46,40,5,6,1,0,0,7,6,0,0,2,2,0,8,0,1,2,0.15,0.217,0.175,0.392,0.002,2.0,3000
43,김민석,23 CF,-0.629,125,107,933.2,247,243,3,1,99.6,2.37,-7.19,-0.17,1.19,,,,,,-6.17,-6.89,0.0,-6.17,-0.629,152532,0.1,129,0.73,-0.63,454,441,400,53,102,24,0,3,135,39,16,3,31,6,1,112,6,12,5,0.255,0.314,0.338,0.652,0.095,78.1,3000
44,정훈,23 1B,-0.896,65,47,410.1,372,344,23,5,98.7,8.05,-5.25,,0.74,,-0.25,,,,-4.76,-8.58,-4.02,-8.78,-0.486,102532,0.75,80,1.24,-0.49,233,228,201,40,56,14,0,6,88,31,2,0,26,0,1,39,4,4,2,0.279,0.358,0.438,0.796,0.145,118.8,30000
45,김상수,23 P,,65,0,52.0,8,2,5,1,87.5,1.21,,,,,,,,,0.0,0.0,,,0.0,104272,0.0,1,0.0,0.0,0,0,0,0,0,0,0,0,0,0,0,0,0,0,0,0,0,0,0,,,,,,,11000
46,최영환,23 P,,8,0,10.0,4,1,3,0,100.0,3.6,,,,,,,,,0.0,0.0,,,0.0,112762,0.0,1,0.0,0.0,0,0,0,0,0,0,0,0,0,0,0,0,0,0,0,0,0,0,0,,,,,,,4000
47,김원중,23 P,,63,0,63.2,11,4,7,0,100.0,1.55,,,,,,,,,0.0,0.0,,,0.0,108252,0.0,3,0.0,0.0,0,0,0,0,0,0,0,0,0,0,0,0,0,0,0,0,0,0,0,,,,,,,25200
48,김호령,23 CF,0.552,68,22,288.1,98,97,0,1,99.0,3.03,5.75,-0.22,-0.13,,,,,,5.41,10.25,0.0,5.41,0.552,112980,0.19,76,-0.36,0.55,107,104,95,16,17,7,0,0,24,6,1,0,8,1,0,38,1,3,0,0.179,0.25,0.253,0.503,0.043,37.8,7000
49,한준수,23 C,0.418,45,22,208.2,166,151,15,0,100.0,7.16,-0.2,,0.54,,-0.23,0.71,1.68,,1.99,5.97,2.11,4.1,0.203,131130,0.52,48,0.32,0.2,94,93,86,9,22,4,0,2,32,12,0,0,7,0,0,26,2,1,0,0.256,0.312,0.372,0.684,0.104,89.2,3100
50,김태군,23 C,0.353,63,52,438.0,374,334,36,4,98.9,7.6,0.19,,-0.85,,0.01,1.16,-2.37,,-1.15,-1.45,4.61,3.46,-0.117,104590,-0.21,65,-0.09,-0.12,203,198,186,17,48,6,0,0,54,24,2,1,5,4,0,19,9,5,3,0.258,0.288,0.29,0.578,0.064,54.9,20000
51,신범수,23 C,0.28,35,26,238.0,201,191,10,0,100.0,7.6,0.68,,0.61,,0.39,-1.02,-0.37,,0.41,1.65,2.33,2.74,0.042,125410,-0.21,36,-0.25,0.04,100,98,88,7,15,3,0,2,24,10,0,0,7,2,0,19,3,2,1,0.17,0.245,0.273,0.518,0.042,37.4,3600
52,한승택,23 C,0.141,48,32,273.1,243,223,18,2,99.2,7.94,-1.0,,0.21,,0.0,-0.83,0.8,,-1.06,-3.12,2.45,1.39,-0.108,111190,-0.58,49,-0.48,-0.11,104,98,85,6,11,2,0,0,13,3,0,0,11,2,0,32,1,6,0,0.129,0.245,0.153,0.398,0.017,15.0,8000
53,김선우,23 C,0.115,5,1,21.0,19,18,1,0,100.0,8.14,0.0,,0.05,,,0.19,1.03,,0.96,27.67,0.17,1.13,0.098,148220,0.02,5,-0.08,0.1,7,7,7,0,1,0,0,0,1,0,0,0,0,0,0,2,0,0,0,0.143,0.143,0.143,0.286,-0.056,-48.3,3000
54,주효상,23 C,0.082,18,11,90.0,95,88,7,0,100.0,9.5,0.3,,0.23,,0.19,-0.2,-0.76,,-0.02,-0.12,0.82,0.8,-0.002,125670,-0.53,19,-0.53,0.0,36,34,32,2,2,0,0,0,2,1,0,0,2,0,0,10,1,2,0,0.063,0.118,0.063,0.181,-0.082,-72.3,4800
55,윤도현,23 3B,-0.037,1,0,5.0,2,1,0,1,50.0,1.8,0.12,,-0.48,,,,,,-0.36,-51.61,0.0,-0.36,-0.037,150580,-0.06,1,-0.03,-0.04,1,1,1,0,0,0,0,0,0,0,0,0,0,0,0,1,0,0,0,0.0,0.0,0.0,0.0,-0.167,-149.7,3000
56,오선우,23 1B,-0.156,29,4,82.2,93,89,3,1,98.9,10.02,-1.22,,0.15,,0.06,,,,-1.0,-4.38,-0.52,-1.52,-0.102,141810,-0.23,33,-0.13,-0.1,31,31,28,2,5,0,0,2,11,5,0,0,3,0,0,15,0,0,0,0.179,0.258,0.393,0.651,0.084,73.2,3000
57,황대인,23 1B,-0.157,54,50,389.1,391,355,33,3,99.2,8.97,2.69,,-0.28,,-0.33,,,,2.08,4.99,-3.62,-1.54,0.212,113060,-0.27,60,-0.48,0.21,199,198,174,19,37,4,0,5,56,26,0,0,18,4,2,50,6,0,3,0.213,0.296,0.322,0.618,0.081,70.5,13000
58,고종욱,23 LF,-0.259,45,35,248.1,59,54,3,2,96.6,2.07,-0.63,-0.52,-0.05,,,,,,-1.2,-1.51,-1.34,-2.54,-0.122,106590,0.56,114,0.68,-0.12,286,286,270,35,80,17,0,3,106,39,2,2,14,0,0,58,3,0,2,0.296,0.329,0.393,0.722,0.115,99.6,7000
59,최형우,23 LF,-0.442,15,14,107.0,19,18,0,1,94.7,1.51,-3.2,-0.26,-0.31,,,,,,-3.76,-4.47,-0.57,-4.33,-0.383,103440,3.73,121,4.11,-0.38,508,508,431,64,130,27,1,17,210,81,0,0,65,8,1,83,5,0,4,0.302,0.4,0.487,0.887,0.183,159.4,90000
60,나성범,23 RF,-0.531,50,49,410.2,93,88,4,1,98.9,2.02,-4.09,0.27,0.79,,,,,,-3.03,-7.53,-2.17,-5.2,-0.309,111620,3.57,58,3.88,-0.31,253,253,222,51,81,12,1,18,149,57,0,0,26,1,0,36,1,0,4,0.365,0.427,0.671,1.098,0.243,209.8,80000
61,정해영,23 P,,52,0,49.1,11,3,7,1,90.9,1.82,,,,,,,,,0.0,0.0,,,0.0,146080,0.0,2,0.0,0.0,0,0,0,0,0,0,0,0,0,0,0,0,0,0,0,0,0,0,0,,,,,,,23000
62,윤중현,23 P,,30,0,28.0,5,2,3,0,100.0,1.61,,,,,,,,,0.0,0.0,,,0.0,131220,0.0,1,0.0,0.0,0,0,0,0,0,0,0,0,0,0,0,0,0,0,0,0,0,0,0,,,,,,,7900
63,황동하,23 P,,12,6,31.1,8,3,5,0,100.0,2.3,,,,,,,,,0.0,0.0,,,0.0,150630,0.0,1,0.0,0.0,0,0,0,0,0,0,0,0,0,0,0,0,0,0,0,0,0,0,0,,,,,,,3000
64,박준표,23 P,,33,0,28.0,5,0,5,0,100.0,1.61,,,,,,,,,0.0,0.0,,,0.0,110700,0.0,1,0.0,0.0,0,0,0,0,0,0,0,0,0,0,0,0,0,0,0,0,0,0,0,,,,,,,10500
65,김기훈,23 P,,27,0,31.1,2,0,2,0,100.0,0.57,,,,,,,,,0.0,0.0,,,0.0,141760,0.0,1,0.0,0.0,0,0,0,0,0,0,0,0,0,0,0,0,0,0,0,0,0,0,0,,,,,,,5000
66,장성우,23 C,1.178,116,104,886.0,768,719,43,6,99.2,7.74,0.72,,-0.19,,0.01,-0.06,1.28,,1.37,1.51,10.18,11.55,0.14,102358,3.29,131,3.15,0.14,464,460,410,37,118,22,0,11,173,65,1,1,42,2,1,70,12,3,7,0.288,0.351,0.422,0.773,0.136,110.5,50000
67,김상수,23 SS,0.613,129,123,1020.1,441,176,259,6,98.6,3.84,-3.58,,0.92,-1.5,,,,,-4.17,-4.65,10.18,6.01,-0.425,103208,2.28,129,2.7,-0.43,512,504,443,58,120,19,1,3,150,56,5,6,55,3,0,68,9,8,3,0.271,0.353,0.339,0.692,0.116,95.3,50000
68,김병준,23 CF,0.103,1,1,5.0,3,3,0,0,100.0,5.4,0.66,0.34,0.01,,,,,,1.01,48.41,0.0,1.01,0.103,150978,0.02,3,-0.08,0.1,2,2,2,0,0,0,0,0,0,0,0,0,0,0,0,2,0,0,0,0.0,0.0,0.0,0.0,-0.167,-131.7,3000
69,박경수,23 2B,0.087,101,52,503.0,301,118,179,4,98.7,5.31,-2.08,,0.86,0.03,,,,,-1.19,-1.6,2.04,0.85,-0.121,104698,0.2,107,0.32,-0.12,221,216,185,12,37,13,0,1,53,12,0,0,30,1,1,46,2,5,0,0.2,0.315,0.286,0.601,0.087,71.3,20000
70,배정대,23 CF,0.011,97,93,800.0,253,246,6,1,99.6,2.84,-2.66,1.75,1.02,,,,,,0.11,0.16,0.0,0.11,0.011,112128,1.67,97,1.66,0.01,361,356,311,48,86,16,0,2,108,38,13,3,38,3,1,76,2,4,5,0.277,0.356,0.347,0.703,0.118,96.8,34000
71,문상인,23 C,-0.018,1,0,3.0,2,2,0,0,100.0,6.0,0.0,,0.01,,,,-0.3,,-0.2,-29.5,0.02,-0.18,-0.021,132278,0.02,1,0.05,-0.02,1,1,0,0,0,0,0,0,0,0,0,0,1,0,0,0,0,0,0,,1.0,,,0.498,387.9,3300
72,박병호,23 1B,-0.03,92,89,730.1,735,669,61,5,99.3,9.0,6.2,,1.32,,-0.16,,,,7.37,8.03,-7.66,-0.29,0.751,104708,2.66,132,1.91,0.75,493,493,431,53,122,15,0,18,191,87,2,0,46,8,2,114,9,0,8,0.283,0.357,0.443,0.8,0.144,118.2,70000
73,김준태,23 C,-0.082,35,16,162.2,123,108,11,4,96.7,6.58,0.26,,-1.56,,-0.01,0.48,-2.36,,-2.48,-5.18,1.68,-0.8,-0.253,108358,0.01,69,0.26,-0.25,136,135,115,10,24,4,0,3,37,23,1,0,19,1,0,32,3,1,0,0.209,0.326,0.322,0.648,0.102,85.1,10000
74,하준호,23 P,,12,0,13.0,2,0,2,0,100.0,1.38,,,,,,,,,0.0,0.0,,,0.0,103048,0.0,1,0.0,0.0,0,0,0,0,0,0,0,0,0,0,0,0,0,0,0,0,0,0,0,,,,,,,4500
75,김민,23 P,,16,4,29.0,6,3,3,0,100.0,1.86,,,,,,,,,0.0,0.0,,,0.0,131678,0.0,1,0.0,0.0,0,0,0,0,0,0,0,0,0,0,0,0,0,0,0,0,0,0,0,,,,,,,6000
76,김영현,23 P,,31,0,33.0,9,1,6,2,77.8,1.91,,,,,,,,,0.0,0.0,,,0.0,148698,0.0,1,0.0,0.0,0,0,0,0,0,0,0,0,0,0,0,0,0,0,0,0,0,0,0,,,,,,,3000
77,이채호,23 P,,21,0,24.2,4,3,0,1,75.0,1.09,,,,,,,,,0.0,0.0,,,0.0,131308,0.0,1,0.0,0.0,0,0,0,0,0,0,0,0,0,0,0,0,0,0,0,0,0,0,0,,,,,,,6000
78,이상동,23 P,,36,0,40.2,6,2,4,0,100.0,1.33,,,,,,,,,0.0,0.0,,,0.0,141098,0.0,1,0.0,0.0,0,0,0,0,0,0,0,0,0,0,0,0,0,0,0,0,0,0,0,,,,,,,3200
79,김재윤,23 P,,59,0,65.2,13,5,7,1,92.3,1.64,,,,,,,,,0.0,0.0,,,0.0,114898,0.0,5,0.0,0.0,0,0,0,0,0,0,0,0,0,0,0,0,0,0,0,0,0,0,0,,,,,,,36000
80,이선우,23 P,,22,4,37.1,6,1,5,0,100.0,1.45,,,,,,,,,0.0,0.0,,,0.0,141118,0.0,1,0.0,0.0,0,0,0,0,0,0,0,0,0,0,0,0,0,0,0,0,0,0,0,,,,,,,3000
81,박영현,23 P,,67,0,75.1,12,5,7,0,100.0,1.43,,,,,,,,,0.0,0.0,,,0.0,150898,0.0,3,0.0,0.0,0,0,0,0,0,0,0,0,0,0,0,0,0,0,0,0,0,0,0,,,,,,,6100
82,이재현,23 SS,1.301,140,135,1156.1,583,222,341,20,96.6,4.38,1.82,,0.74,-0.44,,,,,2.11,2.13,10.64,12.75,0.216,150343,2.65,143,2.43,0.22,538,522,458,61,114,19,2,12,173,60,5,4,52,6,0,89,9,16,6,0.249,0.33,0.378,0.708,0.115,95.9,6000
83,강민호,23 C,0.646,101,94,786.2,631,579,49,3,99.5,7.18,-0.6,,0.55,,-0.56,-1.84,-0.71,,-2.95,-3.4,9.29,6.34,-0.301,102323,3.3,125,3.6,-0.3,495,492,434,60,126,19,0,16,193,77,6,1,49,6,4,65,17,1,5,0.29,0.366,0.445,0.811,0.149,123.5,60000
84,김도환,23 C,0.034,8,3,31.0,25,24,1,0,100.0,7.26,-0.09,,0.08,,,-0.1,0.38,,0.16,2.58,0.17,0.33,0.016,141153,-0.07,9,-0.08,0.02,8,8,7,0,1,0,0,0,1,0,0,0,1,0,0,0,0,0,0,0.143,0.25,0.143,0.393,0.014,11.8,5000
85,이병헌,23 C,0.012,21,9,85.1,66,63,3,0,100.0,6.96,-0.09,,0.22,,,0.56,-1.84,,-0.61,-3.79,0.72,0.11,-0.062,141173,-0.3,23,-0.24,-0.06,33,32,28,3,4,0,0,0,4,2,0,0,3,0,0,11,0,1,1,0.143,0.219,0.143,0.362,-0.007,-5.9,3400
86,이상민,23 P,0.0,23,0,18.0,3,1,2,0,100.0,1.5,,,,,,,,,0.0,0.0,0.0,0.0,0.0,111693,-0.03,1,-0.03,0.0,1,1,1,0,0,0,0,0,0,0,0,0,0,0,0,0,0,0,0,0.0,0.0,0.0,0.0,-0.167,-147.9,7500
87,김민수,23 C,-0.012,2,0,3.0,3,3,0,0,100.0,9.0,0.0,,0.01,,,-0.19,0.06,,-0.14,-10.18,0.02,-0.12,-0.014,112663,-0.04,2,-0.02,-0.01,1,1,1,0,0,0,0,0,0,0,0,0,0,0,0,1,0,0,0,0.0,0.0,0.0,0.0,-0.167,-133.4,5200
88,오재일,23 1B,-0.077,88,80,700.0,717,656,53,8,98.9,9.12,4.85,,0.28,,0.64,,,,5.77,7.84,-6.52,-0.75,0.588,104003,0.3,106,-0.29,0.59,364,364,315,31,64,15,0,11,112,54,1,0,43,3,1,110,1,0,3,0.203,0.302,0.356,0.658,0.098,81.3,50000
89,김지찬,23 2B,-0.16,91,85,696.1,410,170,224,16,96.1,5.09,-3.87,,0.39,-1.53,,,,,-5.0,-7.28,3.43,-1.57,-0.51,146183,2.4,99,2.91,-0.51,355,348,291,59,85,4,2,1,96,18,13,1,48,9,0,36,1,7,0,0.292,0.408,0.33,0.738,0.144,119.3,16000
90,이태훈,23 1B,-0.167,7,3,22.2,18,17,0,1,94.4,6.75,-1.02,,-0.45,,,,,,-1.48,-17.72,-0.16,-1.64,-0.151,131603,-0.21,12,-0.06,-0.15,14,14,13,1,3,1,0,0,4,0,0,0,1,0,0,7,0,0,0,0.231,0.286,0.308,0.594,0.074,59.8,3500
91,김동엽,23 LF,-0.271,8,6,44.0,11,10,0,1,90.9,2.05,-1.48,-0.51,-0.42,,,,,,-2.41,-5.02,-0.25,-2.66,-0.246,125483,-0.22,69,0.02,-0.25,182,182,165,20,42,7,0,5,64,18,1,1,13,2,0,29,8,0,2,0.255,0.313,0.388,0.701,0.108,88.4,9000
92,이승현,23 P,,45,0,43.1,7,2,5,0,100.0,1.45,,,,,,,,,0.0,0.0,,,0.0,147983,0.0,2,0.0,0.0,0,0,0,0,0,0,0,0,0,0,0,0,0,0,0,0,0,0,0,,,,,,,8000
93,오승환,23 P,,58,1,62.2,16,4,12,0,100.0,2.3,,,,,,,,,0.0,0.0,,,0.0,103673,0.0,3,0.0,0.0,0,0,0,0,0,0,0,0,0,0,0,0,0,0,0,0,0,0,0,,,,,,,140000
94,이승현,23 P,,60,0,60.0,8,4,4,0,100.0,1.2,,,,,,,,,0.0,0.0,,,0.0,105273,0.0,2,0.0,0.0,0,0,0,0,0,0,0,0,0,0,0,0,0,0,0,0,0,0,0,,,,,,,12000
95,김대우,23 P,,44,5,64.0,13,3,8,2,84.6,1.55,,,,,,,,,0.0,0.0,,,0.0,106853,0.0,1,0.0,0.0,0,0,0,0,0,0,0,0,0,0,0,0,0,0,0,0,0,0,0,,,,,,,7000
96,이재익,23 P,,49,0,41.0,9,3,5,1,88.9,1.76,,,,,,,,,0.0,0.0,,,0.0,132443,0.0,1,0.0,0.0,0,0,0,0,0,0,0,0,0,0,0,0,0,0,0,0,0,0,0,,,,,,,5700
97,김태훈,23 P,,63,0,55.2,17,4,13,0,100.0,2.75,,,,,,,,,0.0,0.0,,,0.0,108713,0.0,2,0.0,0.0,0,0,0,0,0,0,0,0,0,0,0,0,0,0,0,0,0,0,0,,,,,,,18000
98,김서준,23 P,,8,1,7.2,0,0,0,0,0.0,0.0,,,,,,,,,0.0,0.0,,,0.0,150393,0.0,1,0.0,0.0,0,0,0,0,0,0,0,0,0,0,0,0,0,0,0,0,0,0,0,,,,,,,3300
99,박성한,23 SS,1.447,128,124,1090.1,605,218,368,19,96.9,4.84,5.62,,-0.9,-1.1,,,,,3.62,4.08,10.56,14.18,0.37,129224,3.54,128,3.17,0.37,529,521,459,53,122,19,0,9,168,47,4,1,58,1,1,56,7,7,4,0.266,0.347,0.366,0.713,0.12,99.7,27000
100,김민식,23 C,1.249,121,87,786.2,664,601,62,1,99.8,7.59,0.99,,1.54,,0.11,1.9,0.39,,4.81,5.67,7.44,12.25,0.49,107074,1.33,122,0.84,0.49,318,300,266,28,58,9,1,5,84,34,0,0,31,2,1,57,6,17,2,0.218,0.302,0.316,0.618,0.085,70.5,15000
101,조형우,23 C,0.254,55,38,312.2,293,258,30,5,98.3,8.29,0.19,,-1.17,,-0.01,0.62,-0.14,,-0.47,-1.08,2.95,2.49,-0.047,148064,-0.37,62,-0.33,-0.05,133,129,119,9,22,4,1,2,34,12,0,0,8,1,0,25,2,4,1,0.185,0.24,0.286,0.526,0.044,36.4,3200
102,이재원,23 C,0.059,27,15,134.0,118,105,12,1,99.2,7.86,0.3,,-0.15,,-0.01,-1.54,1.2,,-0.55,-2.94,1.13,0.58,-0.056,100824,-0.77,27,-0.71,-0.06,48,47,44,3,4,1,0,0,5,2,0,0,2,0,0,8,4,1,1,0.091,0.128,0.114,0.242,-0.065,-53.7,10000
103,김건웅,23 1B,0.006,1,1,9.0,6,6,0,0,100.0,6.0,0.1,,0.02,,,,,,0.11,16.46,-0.06,0.05,0.012,154654,-0.07,1,-0.08,0.01,3,3,3,0,0,0,0,0,0,0,0,0,0,0,0,2,0,0,0,0.0,0.0,0.0,0.0,-0.167,-135.1,3000
104,이흥련,23 C,-0.202,16,4,55.0,48,45,2,1,97.9,7.69,0.0,,-0.35,,-0.01,-0.98,-1.45,,-2.36,-21.25,0.38,-1.98,-0.241,111084,-0.33,16,-0.09,-0.24,17,16,14,1,1,0,0,1,4,2,0,0,2,0,0,6,0,1,0,0.071,0.188,0.286,0.474,0.024,21.0,7000
105,최정,23 3B,-0.256,114,112,934.1,258,70,175,13,95.0,2.36,-4.87,,1.67,0.69,0.01,,,,-2.51,-2.82,0.0,-2.51,-0.256,101064,5.25,128,5.51,-0.26,552,547,471,94,140,31,0,29,258,87,7,3,59,15,6,87,12,1,6,0.297,0.388,0.548,0.936,0.189,157.6,100000
106,전의산,23 1B,-0.322,45,37,296.0,292,268,20,4,98.6,8.76,-1.1,,0.54,,0.06,,,,-0.5,-1.29,-2.66,-3.16,-0.051,146994,-0.3,56,-0.25,-0.05,153,153,134,11,27,6,0,4,45,21,0,2,15,3,0,40,1,0,1,0.201,0.294,0.336,0.63,0.089,74.0,9000
107,추신수,23 RF,-0.324,25,24,187.1,43,42,1,0,100.0,2.07,-2.66,0.21,0.36,,,,,,-2.09,-2.69,-1.08,-3.17,-0.213,148884,1.72,112,1.94,-0.21,462,462,382,65,97,17,1,12,152,41,6,4,65,13,1,79,8,0,2,0.254,0.379,0.398,0.777,0.149,124.2,170000
108,문승원,23 P,,50,12,105.0,28,6,21,1,96.4,2.31,,,,,,,,,0.0,0.0,,,0.0,107834,0.0,1,0.0,0.0,0,0,0,0,0,0,0,0,0,0,0,0,0,0,0,0,0,0,0,,,,,,,70000
109,서진용,23 P,,69,0,73.0,5,1,4,0,100.0,0.62,,,,,,,,,0.0,0.0,,,0.0,107844,0.0,3,0.0,0.0,0,0,0,0,0,0,0,0,0,0,0,0,0,0,0,0,0,0,0,,,,,,,26500
110,고효준,23 P,,70,0,58.0,11,1,8,2,81.8,1.4,,,,,,,,,0.0,0.0,,,0.0,101244,0.0,2,0.0,0.0,0,0,0,0,0,0,0,0,0,0,0,0,0,0,0,0,0,0,0,,,,,,,8500
111,이건욱,23 P,,27,1,38.2,7,1,5,1,85.7,1.4,,,,,,,,,0.0,0.0,,,0.0,112424,0.0,1,0.0,0.0,0,0,0,0,0,0,0,0,0,0,0,0,0,0,0,0,0,0,0,,,,,,,3100
112,최민준,23 P,,52,0,60.0,9,3,6,0,100.0,1.35,,,,,,,,,0.0,0.0,,,0.0,131264,0.0,1,0.0,0.0,0,0,0,0,0,0,0,0,0,0,0,0,0,0,0,0,0,0,0,,,,,,,13000
113,백승건,23 P,,24,2,38.0,6,0,5,1,83.3,1.18,,,,,,,,,0.0,0.0,,,0.0,141454,0.0,1,0.0,0.0,0,0,0,0,0,0,0,0,0,0,0,0,0,0,0,0,0,0,0,,,,,,,3000
114,노경은,23 P,,74,0,83.0,15,6,8,1,93.3,1.52,,,,,,,,,0.0,0.0,,,0.0,102034,0.0,1,0.0,0.0,0,0,0,0,0,0,0,0,0,0,0,0,0,0,0,0,0,0,0,,,,,,,17000
115,임준섭,23 P,,39,0,32.2,3,1,2,0,100.0,0.83,,,,,,,,,0.0,0.0,,,0.0,107954,0.0,1,0.0,0.0,0,0,0,0,0,0,0,0,0,0,0,0,0,0,0,0,0,0,0,,,,,,,4000
116,박민우,23 2B,0.84,114,108,874.2,475,196,264,15,96.8,4.73,5.73,,-1.1,-1.1,,,,,3.53,4.1,4.71,8.24,0.36,111375,4.39,124,4.03,0.36,509,501,452,76,143,20,7,2,183,46,26,7,40,9,3,57,13,5,3,0.316,0.381,0.405,0.786,0.146,123.4,110000
117,박세혁,23 C,0.809,86,72,620.0,566,524,41,1,99.8,8.2,0.38,,1.11,,0.28,-1.17,0.99,,1.29,2.1,6.65,7.93,0.131,108915,1.18,88,1.05,0.13,283,277,242,35,51,9,3,6,84,32,1,1,30,4,0,43,3,6,1,0.211,0.307,0.347,0.654,0.099,83.5,70000
118,김형준,23 C,0.35,24,19,180.0,169,160,7,2,98.8,8.35,0.12,,-0.52,,,0.16,2.62,,1.59,8.8,1.85,3.44,0.162,130815,0.73,26,0.57,0.16,82,81,72,10,17,2,0,6,37,13,0,0,8,1,0,24,3,1,0,0.236,0.321,0.514,0.835,0.15,127.5,5000
119,안중열,23 C,0.036,74,50,411.2,399,373,21,5,98.7,8.61,-0.22,,-1.41,,-0.3,1.06,-3.93,,-3.63,-6.78,3.98,0.36,-0.37,113295,-0.2,77,0.17,-0.37,177,174,154,15,30,6,0,4,48,17,0,0,16,2,0,45,6,3,2,0.195,0.276,0.312,0.588,0.071,60.5,6000
120,박한결,23 LF,0.022,5,1,14.0,5,5,0,0,100.0,3.21,0.91,-0.64,0.02,,,,,,0.3,3.57,-0.08,0.22,0.03,154515,0.27,12,0.24,0.03,18,18,15,3,5,1,0,1,9,5,0,0,3,0,0,7,0,0,0,0.333,0.444,0.6,1.044,0.233,200.3,3000
121,전사민,23 P,0.0,9,0,17.0,7,3,3,1,85.7,3.18,,,,,,,,,0.0,0.0,0.0,0.0,0.0,141565,-0.03,1,-0.03,0.0,1,1,1,0,0,0,0,0,0,0,0,0,0,0,0,0,0,0,0,0.0,0.0,0.0,0.0,-0.167,-140.9,3100
122,박대온,23 C,-0.004,24,3,69.2,71,64,4,3,95.8,8.78,-0.09,,-0.81,,,-0.04,0.33,,-0.71,-4.1,0.67,-0.04,-0.073,112465,0.22,25,0.29,-0.07,33,33,28,6,8,3,0,0,11,3,0,0,3,1,0,8,0,0,1,0.286,0.364,0.393,0.757,0.137,115.5,4000
123,윤형준,23 1B,-0.15,74,57,476.0,470,431,35,4,99.1,8.81,3.63,,-0.62,,-0.16,,,,2.85,5.01,-4.32,-1.47,0.291,111355,0.07,82,-0.22,0.29,236,234,218,17,55,12,1,5,84,27,1,1,10,3,0,58,6,2,3,0.252,0.291,0.385,0.676,0.096,81.1,4000
124,오영수,23 1B,-0.243,66,61,482.0,450,417,25,8,98.2,8.25,2.37,,-0.12,,-0.06,,,,2.2,4.52,-4.58,-2.38,0.224,130825,-0.18,70,-0.4,0.22,238,232,208,21,49,9,1,4,72,24,3,3,17,5,1,55,5,5,3,0.236,0.305,0.346,0.651,0.093,78.8,6000
125,배민서,23 P,,6,0,6.2,2,2,0,0,100.0,2.7,,,,,,,,,0.0,,,,0.0,141585,0.0,0,0.0,0.0,0,0,0,0,0,0,0,0,0,0,0,0,0,0,0,0,0,0,0,,,,,,,5100
126,김시훈,23 P,,60,0,52.2,8,1,6,1,87.5,1.2,,,,,,,,,0.0,0.0,,,0.0,130805,0.0,1,0.0,0.0,0,0,0,0,0,0,0,0,0,0,0,0,0,0,0,0,0,0,0,,,,,,,9000
127,류진욱,23 P,,70,0,67.0,16,2,14,0,100.0,2.15,,,,,,,,,0.0,0.0,,,0.0,113555,0.0,2,0.0,0.0,0,0,0,0,0,0,0,0,0,0,0,0,0,0,0,0,0,0,0,,,,,,,7500
128,한재승,23 P,,10,0,9.2,1,0,0,1,0.0,0.0,,,,,,,,,0.0,0.0,,,0.0,147645,0.0,1,0.0,0.0,0,0,0,0,0,0,0,0,0,0,0,0,0,0,0,0,0,0,0,,,,,,,3200
129,이용찬,23 P,,60,0,61.0,17,7,9,1,94.1,2.36,,,,,,,,,0.0,0.0,,,0.0,102175,0.0,2,0.0,0.0,0,0,0,0,0,0,0,0,0,0,0,0,0,0,0,0,0,0,0,,,,,,,40000
130,양의지,23 C,1.361,97,94,773.0,686,635,48,3,99.6,7.95,0.14,,1.5,,-0.08,1.63,1.62,,4.32,4.82,9.02,13.34,0.44,101651,5.99,129,5.55,0.44,510,502,439,56,134,23,0,17,208,68,8,0,57,11,8,56,20,0,3,0.305,0.396,0.474,0.87,0.172,151.8,30000
131,허경민,23 3B,0.499,126,116,997.2,250,90,155,5,98.0,2.21,3.33,,1.81,-0.43,0.18,,,,4.9,5.42,0.0,4.9,0.499,101841,2.07,130,1.57,0.5,475,472,429,44,115,23,1,7,161,48,9,3,35,6,3,26,6,0,5,0.268,0.328,0.375,0.703,0.111,98.5,120000
132,정수빈,23 CF,0.469,135,131,1111.0,326,318,8,0,100.0,2.64,2.32,0.86,1.41,,,,,,4.6,4.83,0.0,4.6,0.469,101951,4.26,137,3.8,0.47,583,571,498,75,143,14,11,2,185,33,39,8,64,7,1,63,2,12,2,0.287,0.375,0.371,0.746,0.137,121.2,60000
133,장승현,23 C,0.298,75,37,390.1,343,312,29,2,99.4,7.86,-0.86,,0.51,,-0.01,-0.32,-0.21,,-0.82,-1.55,3.74,2.93,-0.083,110971,-0.59,76,-0.51,-0.08,158,153,139,11,22,1,0,3,32,9,1,0,6,8,0,36,2,5,0,0.158,0.235,0.23,0.465,0.029,26.0,6000
134,김민혁,23 1B,0.024,12,5,56.0,57,52,4,1,98.2,9.0,1.02,,-0.39,,0.06,,,,0.69,4.73,-0.46,0.23,0.07,129701,-0.21,21,-0.28,0.07,36,36,29,2,4,1,0,0,5,3,0,0,4,1,0,9,3,0,2,0.138,0.25,0.172,0.422,0.023,20.7,4500
135,박유연,23 C,-0.028,10,5,41.1,38,36,1,1,97.4,8.06,-0.09,,-0.39,,-0.01,0.32,-0.67,,-0.64,-9.15,0.36,-0.28,-0.065,128921,0.01,10,0.07,-0.06,16,15,15,3,4,2,0,0,6,1,0,0,0,0,0,4,0,1,0,0.267,0.267,0.4,0.667,0.09,79.6,3300
136,안승한,23 C,-0.256,21,8,80.0,57,52,3,2,96.5,6.19,-0.15,,-0.78,,-0.01,-1.63,-0.73,,-3.08,-20.17,0.58,-2.51,-0.314,113281,-0.4,22,-0.08,-0.31,27,27,24,1,5,0,0,0,5,1,1,0,2,1,0,10,0,0,0,0.208,0.296,0.208,0.504,0.053,46.9,4500
137,양석환,23 1B,-0.519,111,111,920.2,859,785,64,10,98.8,8.3,4.03,,0.18,,-0.18,,,,4.03,4.15,-9.12,-5.09,0.411,112131,2.83,140,2.42,0.41,582,579,524,73,147,28,0,21,238,89,4,0,41,6,3,133,9,0,11,0.281,0.333,0.454,0.787,0.135,119.4,40000
138,김재환,23 LF,-0.59,58,55,440.0,118,114,3,1,99.2,2.39,-3.12,-0.7,0.29,,,,,,-3.53,-3.85,-2.26,-5.79,-0.36,106431,0.44,132,0.8,-0.36,484,481,405,40,89,15,0,10,134,46,3,1,72,5,4,100,8,0,2,0.22,0.343,0.331,0.674,0.111,98.8,150000
139,박신지,23 P,,14,1,26.0,0,0,0,0,0.0,0.0,,,,,,,,,0.0,0.0,,,0.0,130701,0.0,1,0.0,0.0,0,0,0,0,0,0,0,0,0,0,0,0,0,0,0,0,0,0,0,,,,,,,3600
140,홍건희,23 P,,64,0,61.2,10,1,7,2,80.0,1.17,,,,,,,,,0.0,0.0,,,0.0,106961,0.0,4,0.0,0.0,0,0,0,0,0,0,0,0,0,0,0,0,0,0,0,0,0,0,0,,,,,,,30000
141,최승용,23 P,,34,20,111.0,23,3,19,1,95.7,1.78,,,,,,,,,0.0,0.0,,,0.0,147701,0.0,2,0.0,0.0,0,0,0,0,0,0,0,0,0,0,0,0,0,0,0,0,0,0,0,,,,,,,6000
142,정철원,23 P,,67,0,72.2,17,6,9,2,88.2,1.86,,,,,,,,,0.0,0.0,,,0.0,130711,0.0,3,0.0,0.0,0,0,0,0,0,0,0,0,0,0,0,0,0,0,0,0,0,0,0,,,,,,,10000
143,김정우,23 P,,7,0,6.2,0,0,0,0,0.0,0.0,,,,,,,,,0.0,0.0,,,0.0,131241,0.0,1,0.0,0.0,0,0,0,0,0,0,0,0,0,0,0,0,0,0,0,0,0,0,0,,,,,,,3000
144,박정수,23 P,,25,0,36.2,9,2,7,0,100.0,2.21,,,,,,,,,0.0,0.0,,,0.0,113001,0.0,2,0.0,0.0,0,0,0,0,0,0,0,0,0,0,0,0,0,0,0,0,0,0,0,,,,,,,4500
145,박치국,23 P,,60,0,52.2,5,2,3,0,100.0,0.85,,,,,,,,,0.0,0.0,,,0.0,128501,0.0,1,0.0,0.0,0,0,0,0,0,0,0,0,0,0,0,0,0,0,0,0,0,0,0,,,,,,,10500
146,김민규,23 P,,6,1,8.1,0,0,0,0,0.0,0.0,,,,,,,,,0.0,,,,0.0,130721,0.0,0,0.0,0.0,0,0,0,0,0,0,0,0,0,0,0,0,0,0,0,0,0,0,0,,,,,,,5500
147,이형범,23 P,,23,0,27.2,5,2,1,2,60.0,0.98,,,,,,,,,0.0,0.0,,,0.0,111591,0.0,2,0.0,0.0,0,0,0,0,0,0,0,0,0,0,0,0,0,0,0,0,0,0,0,,,,,,,7000
148,이정후,23 CF,0.739,81,80,698.0,210,204,5,1,99.5,2.69,5.52,1.34,0.39,,,,,,7.25,12.14,0.0,7.25,0.739,129067,4.22,86,3.48,0.74,387,384,330,50,105,23,2,6,150,45,6,3,49,3,7,23,1,0,5,0.318,0.406,0.455,0.861,0.17,146.6,110000
149,이지영,23 C,0.691,78,69,539.0,503,467,32,4,99.2,8.33,-0.26,,-0.59,,0.02,0.92,1.6,,1.2,2.14,5.57,6.77,0.123,103127,0.51,81,0.38,0.12,237,230,217,23,54,8,1,0,64,8,1,1,12,1,0,39,2,7,0,0.249,0.291,0.295,0.586,0.074,63.6,50000
150,김동헌,23 C,0.457,100,48,522.0,424,377,43,4,99.1,7.24,-0.53,,-0.14,,-0.02,0.29,-0.96,,-1.07,-1.5,5.54,4.48,-0.109,154737,0.61,102,0.71,-0.11,242,239,211,22,51,5,2,2,66,17,0,0,17,8,0,55,7,3,3,0.242,0.318,0.313,0.631,0.092,79.8,3000
151,김시앙,23 C,0.252,32,24,198.1,147,134,13,0,100.0,6.67,-0.06,,0.51,,-0.01,-0.64,0.99,,0.51,2.2,1.97,2.47,0.052,148517,-0.12,33,-0.17,0.05,82,82,76,6,17,1,0,0,18,7,0,0,3,3,0,18,4,0,0,0.224,0.28,0.237,0.517,0.049,42.0,3100
152,러셀,23 SS,0.22,51,49,407.2,184,68,113,3,98.4,4.0,-3.31,,0.46,0.92,,,,,-1.93,-4.7,4.08,2.15,-0.196,147427,0.99,59,1.18,-0.2,239,239,220,20,63,11,1,4,88,42,1,0,17,1,1,39,5,0,1,0.286,0.339,0.4,0.739,0.123,106.4,55000
153,이승원,23 SS,-0.069,4,2,11.0,6,2,3,1,83.3,4.09,-0.63,,-0.47,0.36,,,,,-0.74,-26.66,0.06,-0.68,-0.076,154767,-0.2,4,-0.12,-0.08,5,5,5,0,0,0,0,0,0,0,0,0,0,0,0,2,0,0,0,0.0,0.0,0.0,0.0,-0.167,-147.9,3000
154,김재현,23 C,-0.152,8,3,29.0,16,16,0,0,100.0,4.97,-0.09,,0.07,,,-0.57,-1.64,,-1.73,-31.2,0.24,-1.49,-0.177,108707,-0.45,8,-0.27,-0.18,10,9,9,0,1,0,0,0,1,0,0,0,0,0,0,3,1,1,0,0.111,0.111,0.111,0.222,-0.08,-71.3,6500
155,김웅빈,23 1B,-0.241,13,9,73.2,76,68,6,2,97.4,9.04,-1.66,,0.13,,-0.16,,,,-1.68,-8.35,-0.68,-2.36,-0.171,125037,-0.64,29,-0.47,-0.17,74,74,64,2,12,3,0,0,15,9,0,0,6,2,0,20,1,0,2,0.188,0.27,0.234,0.504,0.047,42.2,6000
156,이형종,23 RF,-0.575,77,61,571.2,123,117,4,2,98.4,1.9,-3.42,0.52,0.11,,,,,,-2.79,-4.05,-2.85,-5.64,-0.284,125167,-0.13,99,0.16,-0.28,374,370,316,35,68,22,1,3,101,37,0,0,39,14,2,78,11,3,2,0.215,0.326,0.32,0.646,0.102,88.4,12000
157,원종현,23 P,,20,0,18.2,4,2,2,0,100.0,1.93,,,,,,,,,0.0,0.0,,,0.0,111617,0.0,2,0.0,0.0,0,0,0,0,0,0,0,0,0,0,0,0,0,0,0,0,0,0,0,,,,,,,50000
158,김동혁,23 P,,35,2,39.1,8,1,6,1,87.5,1.6,,,,,,,,,0.0,0.0,,,0.0,146747,0.0,2,0.0,0.0,0,0,0,0,0,0,0,0,0,0,0,0,0,0,0,0,0,0,0,,,,,,,6500
159,김성진,23 P,,55,0,47.0,7,1,5,1,85.7,1.15,,,,,,,,,0.0,0.0,,,0.0,148497,0.0,1,0.0,0.0,0,0,0,0,0,0,0,0,0,0,0,0,0,0,0,0,0,0,0,,,,,,,4500
160,후라도,23 P,,30,30,183.2,50,13,37,0,100.0,2.45,,,,,,,,,0.0,0.0,,,0.0,155317,0.0,1,0.0,0.0,0,0,0,0,0,0,0,0,0,0,0,0,0,0,0,0,0,0,0,,,,,,,85000
161,문성현,23 P,,31,0,28.1,5,2,3,0,100.0,1.59,,,,,,,,,0.0,0.0,,,0.0,104377,0.0,2,0.0,0.0,0,0,0,0,0,0,0,0,0,0,0,0,0,0,0,0,0,0,0,,,,,,,7000
162,김재웅,23 P,,66,0,59.2,9,1,8,0,100.0,1.36,,,,,,,,,0.0,0.0,,,0.0,128587,0.0,1,0.0,0.0,0,0,0,0,0,0,0,0,0,0,0,0,0,0,0,0,0,0,0,,,,,,,22000
163,임창민,23 P,,51,0,46.2,4,2,2,0,100.0,0.77,,,,,,,,,0.0,0.0,,,0.0,104527,0.0,2,0.0,0.0,0,0,0,0,0,0,0,0,0,0,0,0,0,0,0,0,0,0,0,,,,,,,10000
164,하영민,23 P,,57,0,52.1,15,1,11,3,80.0,2.06,,,,,,,,,0.0,0.0,,,0.0,112227,0.0,2,0.0,0.0,0,0,0,0,0,0,0,0,0,0,0,0,0,0,0,0,0,0,0,,,,,,,6500
165,김선기,23 P,,17,7,43.2,14,3,9,2,85.7,2.47,,,,,,,,,0.0,0.0,,,0.0,130927,0.0,2,0.0,0.0,0,0,0,0,0,0,0,0,0,0,0,0,0,0,0,0,0,0,0,,,,,,,7300
166,이명종,23 P,,45,2,57.0,10,2,8,0,100.0,1.58,,,,,,,,,0.0,0.0,,,0.0,150737,0.0,2,0.0,0.0,0,0,0,0,0,0,0,0,0,0,0,0,0,0,0,0,0,0,0,,,,,,,4500
167,김준형,23 P,,7,0,7.2,0,0,0,0,0.0,0.0,,,,,,,,,0.0,0.0,,,0.0,148487,0.0,1,0.0,0.0,0,0,0,0,0,0,0,0,0,0,0,0,0,0,0,0,0,0,0,,,,,,,4200
168,윤정현,23 P,,4,0,6.0,1,0,1,0,100.0,1.5,,,,,,,,,0.0,0.0,,,0.0,141317,0.0,2,0.0,0.0,0,0,0,0,0,0,0,0,0,0,0,0,0,0,0,0,0,0,0,,,,,,,4500
169,양현,23 P,,54,0,57.0,14,3,11,0,100.0,2.21,,,,,,,,,0.0,0.0,,,0.0,107307,0.0,1,0.0,0.0,0,0,0,0,0,0,0,0,0,0,0,0,0,0,0,0,0,0,0,,,,,,,8500
170,신민재,23 2B,0.489,113,76,732.0,411,171,231,9,0.978,4.943,1.2,0.25,0.44,0.41,0.0,,0.0,0.0,2.3,2.931,2.492,4.792,0.235,130566,1.21,122,0.98,0.24,331,314,282,47,78,5,2,0,87,28,37,17,29,1,0,34,5,17,2,0.277,0.344,0.309,0.653,0.1,87.7,4800
171,이상호,23 2B,-0.07,63,10,173.0,82,45,36,1,0.988,4.214,-0.98,0.0,0.42,-0.23,0.0,,0.0,0.0,-0.8,-1.829,0.117,-0.683,-0.082,111478,-0.64,63,-0.56,-0.08,60,56,54,15,8,1,0,0,9,5,2,0,2,0,0,9,2,4,0,0.148,0.179,0.167,0.346,-0.025,-21.0,7000
172,구드럼,23 3B,-0.73,55,45,383.0,130,39,78,13,0.9,2.749,-7.16,-0.32,-0.6,0.57,0.0,,0.0,0.0,-7.39,-19.348,0.234,-7.156,-0.754,156512,0.39,50,1.15,-0.75,201,201,173,16,51,14,1,0,67,28,0,0,23,1,1,46,6,0,4,0.295,0.373,0.387,0.76,0.138,115.0,40000
173,김태진,23 3B,-0.36,63,42,382.0,162,70,84,8,0.951,3.628,-2.69,0.0,-0.56,-1.1,0.0,,0.0,0.0,-3.78,-8.64,0.25,-3.53,-0.386,112447,-0.73,74,-0.34,-0.39,212,209,200,17,55,5,0,0,60,16,0,0,5,1,0,23,1,3,3,0.275,0.292,0.3,0.592,0.066,57.6,12000
174,박승욱,23 2B,-0.097,139,81,774.0,390,138,241,11,0.972,4.407,-2.14,0.0,-0.5,0.38,0.0,,0.0,0.0,-2.17,-2.248,1.223,-0.947,-0.221,108042,1.82,123,2.04,-0.22,338,327,290,37,83,18,3,0,107,30,15,4,35,1,0,87,5,11,1,0.286,0.364,0.369,0.733,0.131,108.7,7000
175,전민재,23 3B,-0.143,17,3,47.0,15,8,7,0,1.0,2.872,-1.94,0.0,0.12,0.35,0.0,,0.0,0.0,-1.42,-12.028,0.017,-1.403,-0.145,130731,-0.3,19,-0.15,-0.14,18,17,17,3,4,2,0,0,6,1,0,3,0,0,0,3,2,1,0,0.235,0.235,0.353,0.588,0.059,52.3,3600
176,손호영,23 SS,-0.107,27,10,106.0,64,29,30,5,0.922,5.009,-2.06,0.0,-0.24,0.95,0.0,,0.0,0.0,-1.35,-7.2,0.305,-1.045,-0.138,145906,-0.36,27,-0.23,-0.14,45,45,44,8,9,0,0,1,12,6,2,1,1,0,0,12,5,0,0,0.205,0.222,0.273,0.495,0.025,21.8,4700
177,정주현,23 1B,-0.881,92,12,262.0,171,114,47,10,0.942,5.531,-6.64,0.0,-0.41,-1.39,0.0,,0.0,0.0,-8.38,-13.117,-0.25,-8.63,-0.855,104806,-0.88,89,-0.02,-0.85,101,98,88,17,24,2,0,1,29,12,1,5,9,0,0,16,1,2,1,0.273,0.337,0.33,0.667,0.099,87.9,6500
178,김호재,23 3B,0.026,76,35,333.0,174,107,65,2,0.989,4.649,-0.7,0.0,0.76,0.34,0.0,,0.0,0.0,0.3,0.568,-0.049,0.251,0.031,132403,-0.44,75,-0.47,0.03,127,122,116,6,25,7,0,0,32,9,2,0,6,0,0,17,4,5,0,0.216,0.254,0.276,0.53,0.046,38.8,5600
179,강한울,23 3B,0.292,74,58,507.0,169,60,102,7,0.959,2.876,2.7,0.0,0.7,-0.39,0.0,,0.0,0.0,2.82,5.488,0.043,2.863,0.288,112553,-0.37,72,-0.66,0.29,240,234,212,30,46,7,2,0,57,10,1,3,20,0,1,54,4,6,2,0.217,0.282,0.269,0.551,0.059,48.9,15000
180,이성규,23 RF,0.233,96,36,406.0,169,160,6,3,0.982,3.68,2.2,0.61,-0.36,0.0,0.0,,0.0,0.0,2.52,3.78,-0.236,2.284,0.257,125623,-0.23,109,-0.49,0.26,162,158,145,23,30,10,1,1,45,18,4,3,8,3,0,42,4,4,2,0.207,0.259,0.31,0.569,0.062,51.0,4500
181,도태훈,23 1B,0.516,133,66,716.0,419,313,102,4,0.99,5.216,5.41,0.0,0.54,0.12,0.0,,0.0,0.0,6.02,6.518,-0.965,5.055,0.614,125605,1.77,117,1.16,0.61,302,294,239,41,56,6,0,5,77,23,2,1,38,17,1,48,8,7,1,0.234,0.376,0.322,0.698,0.13,110.6,5000
182,문현빈,23 CF,-0.033,134,111,926.0,344,217,118,9,0.974,3.256,0.01,0.63,-1.23,-0.48,0.0,,0.0,0.0,-1.09,-1.171,0.764,-0.326,-0.111,154229,1.38,137,1.49,-0.11,481,470,428,47,114,22,2,5,155,49,5,1,33,6,2,84,7,9,5,0.266,0.324,0.362,0.686,0.106,89.6,3000
183,최정용,23 2B,0.342,49,7,128.0,74,24,49,1,0.986,5.133,2.64,0.0,0.33,-0.22,0.0,,0.0,0.0,3.18,9.345,0.174,3.354,0.324,114070,0.16,56,-0.16,0.32,41,38,36,17,6,1,0,0,7,1,4,0,2,0,0,9,0,3,0,0.167,0.211,0.194,0.405,0.001,0.6,4000
184,최원준,23 1B,-0.298,70,56,511.0,372,349,15,8,0.978,6.411,0.45,-0.29,-1.12,0.0,0.0,,0.0,0.0,-0.96,-1.975,-1.957,-2.917,-0.098,125340,0.35,67,0.45,-0.1,274,270,239,37,61,11,2,1,79,23,13,5,31,0,0,39,5,4,0,0.255,0.341,0.331,0.672,0.109,94.2,22000
185,김규성,23 2B,0.27,105,46,472.0,280,151,121,8,0.971,5.186,0.62,0.0,-0.33,1.61,0.0,,0.0,0.0,1.94,2.661,0.702,2.642,0.198,125400,0.52,99,0.32,0.2,177,172,158,29,37,6,1,2,51,11,6,2,13,1,0,43,2,5,0,0.234,0.297,0.323,0.62,0.083,71.8,4500
186,이창진,23 LF,-0.159,91,56,517.0,125,118,6,1,0.992,2.159,-0.76,0.27,0.43,0.0,0.0,,0.0,0.0,-0.06,-0.095,-1.502,-1.562,-0.006,112330,1.36,104,1.37,-0.01,284,282,244,35,66,11,3,4,95,29,9,2,34,2,1,44,6,2,2,0.27,0.362,0.389,0.751,0.135,117.7,14000
187,김민성,23 2B,0.536,120,79,665.0,364,201,155,8,0.978,4.818,3.41,0.0,0.62,0.42,0.0,,0.0,0.0,4.73,5.676,0.52,5.25,0.483,102386,1.62,112,1.14,0.48,316,307,273,34,68,11,0,8,103,41,2,1,25,7,0,58,7,9,2,0.249,0.326,0.377,0.703,0.114,100.7,18000
188,오선진,23 SS,-0.203,84,43,401.0,166,78,84,4,0.976,3.636,-1.6,0.0,0.44,-1.7,0.0,,0.0,0.0,-2.86,-4.903,0.871,-1.989,-0.292,105579,-0.04,90,0.25,-0.29,199,196,165,17,38,6,0,0,44,14,2,0,24,5,0,34,7,3,2,0.23,0.342,0.267,0.609,0.095,80.7,10000
189,권광민,23 LF,-0.402,55,11,180.0,62,57,2,3,0.952,2.95,-3.64,0.56,-0.7,0.0,0.0,,0.0,0.0,-3.76,-9.844,-0.183,-3.943,-0.384,136769,-0.84,66,-0.45,-0.38,81,80,73,11,11,1,1,2,20,9,2,0,6,1,0,24,2,1,0,0.151,0.225,0.274,0.499,0.036,30.9,3100
190,문상철,23 1B,-0.504,37,17,178.0,146,135,9,2,0.986,7.281,-3.98,0.08,-0.18,0.0,0.0,,0.0,0.0,-4.01,-15.606,-0.926,-4.936,-0.409,113338,-0.26,112,0.15,-0.41,330,328,304,30,79,20,0,9,126,46,3,1,16,3,1,81,4,1,6,0.26,0.298,0.414,0.712,0.106,87.0,5600
191,오태곤,23 1B,-0.322,129,67,676.0,514,468,40,6,0.988,6.763,-0.84,0.82,-0.76,0.0,0.0,,0.0,0.0,-0.72,-0.804,-2.432,-3.152,-0.073,102494,0.33,123,0.41,-0.07,305,297,272,37,65,14,1,7,102,28,20,1,18,4,0,67,6,8,3,0.239,0.293,0.375,0.668,0.095,79.4,10000
192,김태연,23 1B,0.452,77,58,458.0,287,245,39,3,0.99,5.581,5.1,-0.2,0.42,0.28,0.0,,0.0,0.0,5.51,10.304,-1.077,4.433,0.562,125859,1.16,91,0.6,0.56,280,278,245,25,64,13,0,4,89,25,5,1,27,3,1,59,3,1,4,0.261,0.337,0.363,0.7,0.113,96.6,6000
193,윤정빈,23 1B,-0.059,28,11,103.0,54,52,2,0,1.0,4.718,-0.59,-0.08,0.18,0.0,0.0,,0.0,0.0,-0.43,-2.211,-0.147,-0.577,-0.044,131613,-0.07,28,-0.03,-0.04,43,43,34,5,5,0,0,1,8,3,1,0,7,2,0,12,1,0,0,0.147,0.326,0.235,0.561,0.087,72.0,3200
194,박정현,23 SS,-0.095,54,27,262.0,121,60,52,9,0.926,3.847,-1.27,0.0,-0.38,-0.13,0.0,,0.0,0.0,-1.79,-4.773,0.863,-0.927,-0.183,147049,-0.54,53,-0.35,-0.18,113,110,105,12,19,6,0,2,31,4,0,0,3,2,0,36,2,3,0,0.181,0.218,0.295,0.513,0.036,30.3,4200
195,송재선,23 RF,-0.086,5,1,13.0,1,1,0,0,1.0,0.692,-0.66,-0.2,0.02,0.0,0.0,,0.0,0.0,-0.83,-23.904,-0.008,-0.838,-0.085,154777,-0.09,5,0.0,-0.08,3,3,3,0,1,0,0,0,1,0,0,0,0,0,0,1,0,0,0,0.333,0.333,0.333,0.666,0.093,82.4,3000
196,신성현,23 1B,0.01,7,2,27.0,17,16,1,0,1.0,5.667,-0.01,0.16,0.05,0.0,0.0,,0.0,0.0,0.19,3.909,-0.09,0.1,0.019,114921,-0.12,12,-0.14,0.02,15,15,12,1,1,0,0,0,1,1,0,1,3,0,0,4,0,0,0,0.083,0.267,0.083,0.35,0.018,16.0,4000
197,김건,23 1B,-0.169,3,1,11.0,5,3,1,1,0.8,3.273,-1.17,0.0,-0.48,0.0,0.0,,0.0,0.0,-1.64,-78.72,-0.02,-1.66,-0.167,142099,-0.33,7,-0.16,-0.17,12,12,12,1,2,0,0,0,2,0,0,0,0,0,0,8,0,0,0,0.167,0.167,0.167,0.334,-0.037,-31.4,3100
198,장진혁,23 CF,-0.19,73,40,388.0,87,85,1,1,0.989,1.995,-1.21,-0.47,0.13,0.0,0.0,,0.0,0.0,-1.56,-3.077,-0.302,-1.862,-0.159,125839,-0.65,68,-0.49,-0.16,178,178,162,24,36,5,1,0,43,12,5,4,15,0,0,41,3,0,1,0.222,0.287,0.265,0.552,0.061,52.6,6000
199,최승민,23 CF,0.013,21,1,52.0,16,16,0,0,1.0,2.769,1.17,-1.11,0.07,0.0,0.0,,0.0,0.0,0.14,0.96,-0.012,0.128,0.014,141876,-0.19,38,-0.2,0.01,15,15,14,10,1,0,0,0,1,1,8,3,1,0,0,4,1,0,0,0.071,0.133,0.071,0.204,-0.071,-63.7,3300
200,김주형,23 SS,-0.193,42,21,222.0,92,22,68,2,0.978,3.649,-0.81,0.0,0.03,-2.35,0.0,,0.0,0.0,-3.13,-10.731,1.235,-1.895,-0.319,142147,-0.72,46,-0.4,-0.32,81,78,68,5,10,2,0,0,12,4,0,0,9,1,0,27,2,3,0,0.147,0.256,0.176,0.432,0.027,23.7,5500
201,김준완,23 LF,0.006,72,44,414.0,104,101,3,0,1.0,2.261,-0.67,0.97,0.74,0.0,0.0,,0.0,0.0,1.05,2.1,-0.991,0.059,0.107,111827,-0.27,76,-0.38,0.11,225,219,189,25,42,7,0,0,49,14,0,0,26,1,0,57,2,6,3,0.222,0.315,0.259,0.574,0.077,66.0,9000
202,임지열,23 1B,-0.667,71,46,426.0,318,290,22,6,0.981,6.592,-4.6,0.86,-0.71,0.0,0.0,,0.0,0.0,-4.73,-9.593,-1.804,-6.534,-0.483,112257,0.23,72,0.71,-0.48,246,244,212,22,55,8,0,5,78,35,1,0,28,3,0,64,3,2,1,0.259,0.352,0.368,0.72,0.121,104.6,5000
203,박준태,23 RF,-0.186,13,4,49.0,8,7,0,1,0.875,1.286,-1.07,-0.75,0.09,0.0,0.0,,0.0,0.0,-1.73,-19.163,-0.089,-1.819,-0.177,112607,-0.34,14,-0.16,-0.18,15,15,14,0,2,0,0,0,2,1,0,0,1,0,0,7,0,0,0,0.143,0.2,0.143,0.343,-0.019,-16.6,5000
204,황성빈,23 LF,0.592,76,46,414.0,123,120,2,1,0.992,2.652,5.64,1.14,0.21,0.0,0.0,,0.0,0.0,6.98,13.225,-1.177,5.803,0.712,146422,0.08,74,-0.63,0.71,191,183,170,22,36,5,2,0,45,8,9,5,12,1,0,27,1,8,0,0.212,0.268,0.265,0.533,0.051,42.3,7200
205,안권수,23 LF,0.467,117,68,613.0,195,186,6,3,0.985,2.819,5.69,0.33,-0.45,0.0,0.0,,0.0,0.0,5.57,6.855,-0.989,4.581,0.568,145712,0.99,95,0.42,0.57,309,302,268,42,72,6,1,2,86,29,16,7,30,1,1,40,4,7,3,0.269,0.341,0.321,0.662,0.102,84.8,8000
206,박준영,23 3B,0.68,50,33,296.0,120,39,77,4,0.967,3.527,5.31,0.0,-0.3,1.2,0.0,,0.0,0.0,6.3,18.144,0.368,6.668,0.643,125221,1.34,51,0.7,0.64,138,137,127,16,29,8,2,4,53,17,2,1,9,2,1,53,0,0,0,0.228,0.29,0.417,0.707,0.108,96.3,6000
207,홍성호,23 RF,-0.413,14,10,86.0,18,17,0,1,0.944,1.779,-1.77,-1.71,-0.33,0.0,0.0,,0.0,0.0,-3.82,-39.291,-0.231,-4.051,-0.39,126061,-0.23,21,0.16,-0.39,51,51,48,6,14,4,0,0,18,5,0,1,2,1,0,14,0,0,0,0.292,0.333,0.375,0.708,0.116,104.0,3100
208,조수행,23 RF,0.428,144,49,580.0,163,159,2,2,0.988,2.498,3.57,1.31,0.01,0.0,0.0,,0.0,0.0,4.89,4.89,-0.695,4.195,0.499,125241,-0.03,126,-0.53,0.5,249,245,219,41,48,2,1,1,55,17,26,6,23,2,0,38,2,4,1,0.219,0.298,0.251,0.549,0.064,56.6,7800
209,천재환,23 CF,0.189,82,33,391.0,104,101,3,0,1.0,2.394,1.52,-0.08,0.57,0.0,0.0,,0.0,0.0,2.0,3.512,-0.146,1.854,0.204,132615,0.04,78,-0.17,0.2,179,177,163,12,39,7,1,2,54,17,2,3,8,4,0,44,5,2,2,0.239,0.288,0.331,0.619,0.08,68.7,3100
210,김동혁,23 RF,0.069,12,2,21.0,4,4,0,0,1.0,1.714,0.9,-0.22,0.03,0.0,0.0,,0.0,0.0,0.71,8.52,-0.038,0.672,0.072,156452,0.01,15,-0.07,0.07,9,9,7,3,0,0,0,0,0,0,1,0,2,0,0,3,0,0,0,0.0,0.222,0.0,0.222,-0.019,-15.6,3000
211,최보성,23 3B,-0.126,12,4,44.0,18,12,5,1,0.944,3.477,-1.3,0.0,0.09,0.0,0.0,,0.0,0.0,-1.2,-14.4,-0.032,-1.232,-0.122,130875,-0.12,12,0.01,-0.12,21,21,19,2,5,0,0,0,5,0,0,0,2,0,0,2,1,0,0,0.263,0.333,0.263,0.596,0.082,68.3,3000
212,소크라테스,23 CF,0.324,200,140,1207.0,355,345,3,7,0.98,2.595,4.94,-0.14,-1.2,0.0,0.0,,0.0,0.0,3.61,2.599,-0.43,3.18,0.368,149960,3.88,142,3.51,0.37,608,606,547,91,156,31,3,20,253,96,15,6,52,1,4,80,13,0,8,0.285,0.344,0.463,0.807,0.144,125.0,50000
213,김민수,23 3B,-0.235,21,14,119.0,60,44,14,2,0.967,4.387,-1.86,0.0,-0.24,-0.15,0.0,,0.0,0.0,-2.14,-14.674,-0.162,-2.302,-0.218,129312,-0.26,25,-0.04,-0.22,51,50,43,4,9,1,1,0,12,2,0,0,7,0,0,17,2,1,0,0.209,0.32,0.279,0.599,0.088,71.4,6300
214,이학주,23 3B,-0.249,110,30,350.0,153,51,93,9,0.941,3.703,-1.24,0.0,-0.67,-1.21,0.0,,0.0,0.0,-3.04,-3.98,0.598,-2.442,-0.31,141142,-0.17,104,0.14,-0.31,122,122,110,22,23,2,0,3,34,13,4,1,11,1,0,31,2,0,0,0.209,0.287,0.309,0.596,0.075,61.7,7200
215,이호연,23 2B,0.348,86,60,463.0,264,116,139,9,0.966,4.957,0.79,0.0,-0.28,1.58,0.0,,0.0,0.0,2.18,3.65,1.23,3.41,0.222,131518,0.99,85,0.77,0.22,234,233,212,28,59,5,1,3,75,17,4,2,16,4,0,41,6,1,1,0.278,0.339,0.354,0.693,0.111,90.4,5700
216,서호철,23 3B,0.751,128,101,884.0,322,111,197,14,0.957,3.136,5.09,0.0,0.14,1.47,0.0,,0.0,0.0,7.11,7.999,0.247,7.357,0.725,142205,2.23,114,1.5,0.73,435,429,397,50,114,17,3,5,152,41,4,5,20,8,0,51,9,6,4,0.287,0.331,0.383,0.714,0.115,97.1,4500
217,송민섭,23 RF,0.407,64,1,124.0,42,42,0,0,1.0,3.048,3.28,0.57,0.22,0.0,0.0,,0.0,0.0,4.07,9.158,-0.079,3.991,0.415,113428,0.19,69,-0.23,0.42,25,25,23,6,3,0,0,0,3,0,3,1,1,1,0,8,0,0,0,0.13,0.2,0.13,0.33,-0.018,-15.3,6500
218,정준영,23 LF,0.21,36,7,128.0,44,41,2,1,0.977,3.023,1.56,0.86,-0.3,0.0,0.0,,0.0,0.0,2.15,8.6,-0.089,2.061,0.219,155198,0.38,34,0.16,0.22,55,51,48,6,14,2,0,0,16,6,0,0,3,0,0,11,1,4,0,0.292,0.333,0.333,0.666,0.1,80.7,3000
219,장준원,23 SS,0.291,75,26,288.0,113,39,72,2,0.982,3.469,-0.04,0.0,0.67,1.46,0.0,,0.0,0.0,2.18,4.186,0.667,2.847,0.222,112148,0.16,69,-0.06,0.22,104,101,87,10,15,2,1,1,22,10,3,0,12,1,0,25,1,3,1,0.172,0.277,0.253,0.53,0.058,48.0,5000
220,예진원,23 LF,-0.374,15,7,68.0,15,14,1,0,1.0,1.985,-3.91,0.25,0.13,0.0,0.0,,0.0,0.0,-3.55,-34.08,-0.119,-3.669,-0.362,130937,-0.51,16,-0.15,-0.36,36,34,34,2,8,1,0,1,12,4,0,0,0,0,0,7,0,2,0,0.235,0.235,0.353,0.588,0.055,47.4,3900
221,박수종,23 RF,0.295,21,11,111.0,38,37,1,0,1.0,3.081,2.7,0.33,0.22,0.0,0.0,,0.0,0.0,3.22,22.08,-0.327,2.893,0.329,151327,1.02,23,0.7,0.33,50,50,45,7,19,1,2,0,24,3,0,0,3,1,0,6,1,0,1,0.422,0.46,0.533,0.993,0.219,191.1,3000
222,홍창기,23 RF,0.569,143,130,1123.0,285,276,7,2,0.993,2.268,7.6,0.4,1.1,0.0,0.0,,0.0,0.0,9.11,9.174,-3.534,5.576,0.929,125466,6.67,141,5.74,0.93,643,638,524,109,174,35,2,1,216,65,23,23,88,22,3,83,6,3,6,0.332,0.444,0.412,0.856,0.183,161.3,30000
223,송성문,23 3B,0.289,120,93,848.0,362,211,141,10,0.972,3.736,3.4,0.0,-0.09,-0.52,0.0,,0.0,0.0,3.13,3.756,-0.3,2.83,0.319,113767,0.92,104,0.6,0.32,438,431,388,43,102,16,3,5,139,60,1,0,39,0,5,38,9,4,7,0.263,0.325,0.358,0.683,0.098,84.6,12000
224,임병욱,23 RF,-0.19,68,48,454.0,119,114,2,3,0.975,2.3,-1.6,0.98,-0.72,0.0,0.0,,0.0,0.0,-1.32,-2.795,-0.545,-1.865,-0.135,112267,0.31,80,0.44,-0.14,223,222,208,30,54,11,1,6,85,36,4,0,10,1,0,75,1,1,3,0.26,0.293,0.409,0.702,0.103,88.1,5800
225,문성주,23 LF,0.461,142,107,990.0,268,260,5,3,0.989,2.409,6.85,-0.63,0.82,0.0,0.0,,0.0,0.0,7.04,7.139,-2.519,4.521,0.718,131126,3.58,136,2.86,0.72,534,528,449,77,132,21,4,2,167,57,24,14,67,8,0,34,10,6,4,0.294,0.392,0.372,0.764,0.146,129.1,9500
226,유로결,23 RF,-0.0,27,14,134.0,25,24,1,0,1.0,1.679,0.11,-0.15,0.24,0.0,0.0,,0.0,0.0,0.19,1.013,-0.191,-0.001,0.019,141269,-0.63,27,-0.65,0.02,53,52,48,5,7,1,0,0,8,5,1,0,1,1,0,10,3,1,2,0.146,0.173,0.167,0.34,-0.029,-24.3,3300
227,안재석,23 SS,0.257,23,15,139.0,70,27,42,1,0.986,4.468,0.69,0.0,0.34,1.02,0.0,,0.0,0.0,2.04,12.772,0.476,2.516,0.208,147711,0.1,27,-0.11,0.21,68,68,64,8,12,2,1,1,19,5,2,0,3,0,0,12,0,0,1,0.188,0.221,0.297,0.518,0.035,30.9,5300
228,박계범,23 SS,-0.101,76,44,422.0,201,72,120,9,0.955,4.095,1.08,0.0,-0.95,-2.76,0.0,,0.0,0.0,-2.62,-4.964,1.633,-0.987,-0.267,111981,-0.33,78,-0.06,-0.27,194,189,169,18,37,6,0,2,49,15,2,2,15,2,1,44,4,5,3,0.219,0.286,0.29,0.576,0.066,58.0,9700
229,안익훈,23 RF,0.005,14,4,56.0,13,13,0,0,1.0,2.089,0.38,-0.35,0.1,0.0,0.0,,0.0,0.0,0.14,1.44,-0.091,0.049,0.014,113476,0.05,11,0.04,0.01,23,23,22,1,7,1,0,0,8,2,0,0,0,1,0,2,0,0,0,0.318,0.348,0.364,0.712,0.117,103.7,5100
230,이유찬,23 2B,0.455,100,62,582.0,340,143,181,16,0.953,5.01,4.89,0.0,-2.45,0.52,0.0,,0.0,0.0,2.95,4.248,1.506,4.456,0.301,128941,0.85,104,0.55,0.3,239,234,210,31,51,7,2,1,65,16,12,5,20,3,0,51,0,5,1,0.243,0.316,0.31,0.626,0.09,79.4,6000
231,박지훈,23 1B,-0.096,17,4,52.0,38,36,2,0,1.0,6.577,-0.56,0.0,0.1,-0.26,0.0,,0.0,0.0,-0.73,-6.184,-0.209,-0.939,-0.074,147361,-0.21,22,-0.14,-0.07,21,21,19,2,4,1,0,0,5,2,1,0,2,0,0,7,0,0,0,0.211,0.286,0.263,0.549,0.062,55.8,3600
232,김태근,23 RF,-0.393,38,11,154.0,40,34,2,4,0.9,2.104,-2.39,0.48,-1.7,0.0,0.0,,0.0,0.0,-3.62,-13.718,-0.231,-3.851,-0.369,141751,-0.77,41,-0.4,-0.37,55,53,52,9,11,3,0,0,14,3,0,3,0,1,0,21,0,2,0,0.212,0.226,0.269,0.495,0.029,25.7,3000
233,이재원,23 LF,-0.197,42,28,205.0,70,64,4,2,0.971,2.985,-0.77,0.11,-0.62,0.0,0.0,,0.0,0.0,-1.23,-4.217,-0.702,-1.932,-0.125,131046,0.05,57,0.17,-0.13,129,128,112,15,24,5,0,4,41,18,4,2,12,2,2,40,1,0,3,0.214,0.295,0.366,0.661,0.091,80.4,8500
234,이주형,23 CF,0.0,32,31,268.0,91,91,0,0,1.0,3.056,1.24,-1.57,0.38,0.0,0.0,,0.0,0.0,0.06,0.27,-0.056,0.004,0.006,145917,2.15,51,2.15,0.01,227,223,200,30,66,11,4,6,103,34,3,1,19,4,2,48,4,2,2,0.33,0.396,0.515,0.911,0.184,160.1,3300
235,박주홍,23 LF,-0.119,20,16,106.0,63,61,2,0,1.0,5.349,-1.32,0.3,0.19,0.0,0.0,,0.0,0.0,-0.82,-5.904,-0.348,-1.168,-0.084,145807,-0.73,27,-0.65,-0.08,57,56,49,5,6,0,1,0,8,2,1,0,5,0,0,26,0,1,2,0.122,0.196,0.163,0.359,-0.012,-10.2,4000
236,신준우,23 SS,-0.171,23,4,52.0,31,11,18,2,0.935,5.019,-1.74,0.0,-0.37,0.28,0.0,,0.0,0.0,-1.83,-11.457,0.155,-1.675,-0.187,146957,-0.42,24,-0.23,-0.19,19,19,18,4,2,0,0,0,2,0,0,0,0,1,0,5,0,0,0,0.111,0.158,0.111,0.269,-0.08,-69.2,4800
237,조용호,23 RF,-0.256,61,39,345.0,66,62,3,1,0.985,1.696,-2.51,1.1,0.16,0.0,0.0,,0.0,0.0,-1.25,-2.951,-1.26,-2.51,-0.128,129438,-0.12,63,0.0,-0.13,184,184,161,20,40,2,0,0,42,7,4,0,23,0,0,25,3,0,0,0.248,0.342,0.261,0.603,0.089,73.5,32000
238,류현인,23 2B,-0.184,16,5,60.0,25,8,16,1,0.96,3.6,-1.27,0.0,0.15,0.03,0.0,,0.0,0.0,-1.85,-16.65,0.045,-1.805,-0.189,155238,-0.46,17,-0.27,-0.19,24,24,23,6,3,0,0,0,3,3,0,0,1,0,0,4,0,0,0,0.13,0.167,0.13,0.297,-0.042,-34.0,3000
239,김찬형,23 3B,-0.051,36,10,140.0,59,18,38,3,0.949,3.6,0.12,0.0,-0.65,0.26,0.0,,0.0,0.0,-0.53,-2.12,0.034,-0.496,-0.054,126224,-0.04,36,0.01,-0.05,53,51,48,6,11,3,0,1,17,5,0,0,2,1,0,10,1,2,0,0.229,0.275,0.354,0.629,0.081,67.6,5000
240,하재훈,23 LF,0.221,70,48,468.0,114,107,5,2,0.982,2.154,3.35,0.01,-0.13,0.0,0.0,,0.0,0.0,3.21,6.603,-1.046,2.164,0.328,141474,2.44,77,2.12,0.33,229,226,201,35,61,10,1,7,94,35,11,0,19,5,1,53,0,2,2,0.303,0.374,0.468,0.842,0.161,134.0,5500
241,최상민,23 RF,0.216,42,6,114.0,36,36,0,0,1.0,2.842,2.16,-0.16,0.18,0.0,0.0,,0.0,0.0,2.19,7.509,-0.069,2.121,0.223,131954,0.16,51,-0.07,0.22,41,39,34,5,8,0,0,0,8,3,2,2,4,0,0,7,0,2,1,0.235,0.308,0.235,0.543,0.061,51.3,3000
242,김상민,23 RF,-0.241,8,3,31.0,14,14,0,0,1.0,4.065,-2.72,0.33,0.06,0.0,0.0,,0.0,0.0,-2.33,-41.94,-0.03,-2.36,-0.238,150423,-0.39,8,-0.15,-0.24,13,13,12,3,1,0,0,0,1,0,0,0,1,0,0,3,0,0,0,0.083,0.154,0.083,0.237,-0.056,-45.4,3200
243,홍현빈,23 CF,-0.05,45,20,200.0,63,62,1,0,1.0,2.835,-0.73,-0.01,0.28,0.0,0.0,,0.0,0.0,-0.46,-1.472,-0.028,-0.488,-0.047,129418,0.15,44,0.19,-0.05,86,86,73,15,17,2,0,0,19,1,2,0,13,0,0,21,2,0,0,0.233,0.349,0.26,0.609,0.096,78.2,4800
244,신본기,23 SS,0.079,49,19,198.0,97,42,52,3,0.969,4.273,0.38,0.0,0.0,0.13,0.0,,0.0,0.0,0.49,1.44,0.285,0.775,0.05,108408,0.28,40,0.23,0.05,75,74,54,8,11,2,0,1,16,7,0,1,14,2,0,8,3,1,4,0.204,0.365,0.296,0.661,0.117,94.9,13000
245,이해승,23 3B,0.049,9,1,19.0,9,4,5,0,1.0,4.263,0.55,0.0,0.04,-0.22,0.0,,0.0,0.0,0.47,7.52,0.013,0.483,0.048,141213,0.03,9,-0.02,0.05,4,4,4,0,1,1,0,0,2,0,0,0,0,0,0,1,0,0,0,0.25,0.25,0.5,0.75,0.119,104.3,4200
246,이도윤,23 SS,1.278,115,92,809.0,406,172,226,8,0.98,4.428,4.89,0.0,0.92,1.33,0.0,,0.0,0.0,7.15,8.953,5.375,12.525,0.73,114149,1.64,106,0.91,0.73,346,331,309,36,78,13,2,1,98,13,11,3,18,4,1,55,6,15,0,0.252,0.302,0.317,0.619,0.082,70.0,3400
247,김동진,23 2B,0.496,51,31,302.0,173,65,102,6,0.965,4.977,3.19,0.0,-0.2,1.06,0.0,,0.0,0.0,4.06,11.464,0.803,4.863,0.414,148633,0.73,44,0.31,0.41,137,134,122,14,32,7,0,0,39,8,3,0,9,1,0,26,4,3,2,0.262,0.313,0.32,0.633,0.088,73.8,3300
248,이진영,23 RF,0.213,132,95,845.0,231,215,11,5,0.978,2.407,5.17,-0.48,-1.0,0.0,0.0,,0.0,0.0,3.7,4.036,-1.614,2.086,0.378,125399,2.44,121,2.06,0.38,422,418,358,57,89,22,0,10,141,50,5,0,53,2,0,127,4,4,5,0.249,0.344,0.394,0.738,0.129,109.2,3900
249,류지혁,23 3B,-0.055,81,61,520.0,274,191,81,2,0.993,4.708,-0.66,0.0,1.14,-0.97,0.0,,0.0,0.0,-0.02,-0.036,-0.519,-0.539,-0.002,108943,0.41,66,0.41,0.0,269,261,235,35,63,5,0,2,74,28,22,0,19,3,0,30,7,8,4,0.268,0.326,0.315,0.641,0.092,76.7,15500
250,김성윤,23 RF,0.414,100,55,548.0,152,147,3,2,0.987,2.464,4.42,0.42,-0.05,0.0,0.0,,0.0,0.0,4.79,6.898,-0.734,4.056,0.489,129363,1.93,101,1.44,0.49,272,268,245,40,77,4,6,2,99,28,20,4,14,4,0,35,2,4,5,0.314,0.354,0.404,0.758,0.13,109.0,4300
251,김성현,23 2B,0.276,121,84,790.0,419,176,229,14,0.967,4.614,1.97,0.0,-0.47,-0.26,0.0,,0.0,0.0,1.33,1.583,1.375,2.705,0.136,106364,1.19,112,1.06,0.14,354,341,310,35,83,14,0,1,100,27,4,1,29,0,1,36,6,13,2,0.268,0.328,0.323,0.651,0.096,79.6,15000
252,안주형,23 2B,-0.339,35,16,155.0,84,40,42,2,0.976,4.761,-4.76,0.0,0.41,0.7,0.0,,0.0,0.0,-3.67,-15.099,0.349,-3.321,-0.374,129883,-0.34,53,0.03,-0.37,91,90,79,12,19,2,0,1,24,10,0,0,10,0,0,20,3,1,1,0.241,0.322,0.304,0.626,0.09,74.3,3800
253,안상현,23 2B,-0.065,52,14,182.0,98,39,57,2,0.98,4.747,-0.64,0.0,-0.01,-0.46,0.0,,0.0,0.0,-1.12,-3.102,0.485,-0.635,-0.114,126134,-0.04,58,0.08,-0.11,66,63,58,10,14,3,0,0,17,2,3,1,5,0,0,15,1,3,0,0.241,0.302,0.293,0.595,0.076,63.5,4000
254,이시원,23 RF,0.008,25,6,89.0,28,28,0,0,1.0,2.831,0.68,-0.61,0.16,0.0,0.0,,0.0,0.0,0.21,1.21,-0.128,0.082,0.021,125268,-0.33,29,-0.35,0.02,32,31,29,4,4,0,0,0,4,1,0,1,2,0,0,6,0,1,0,0.138,0.194,0.138,0.332,-0.024,-18.8,3300
255,오윤석,23 1B,0.077,87,57,496.0,406,309,95,2,0.995,7.331,2.02,0.0,1.06,-1.1,0.0,,0.0,0.0,2.04,3.377,-1.281,0.759,0.208,113978,0.55,82,0.35,0.21,223,216,199,24,50,13,1,4,77,17,3,1,13,5,1,44,7,6,0,0.251,0.313,0.387,0.7,0.11,90.7,12000
256,손민석,23 2B,0.044,12,3,35.0,23,10,12,1,0.957,5.657,0.28,0.0,0.09,0.0,0.0,,0.0,0.0,0.37,4.44,0.062,0.432,0.038,155208,0.0,9,-0.04,0.04,12,12,10,2,1,0,0,0,1,1,0,0,1,1,0,3,0,0,0,0.1,0.25,0.1,0.35,0.013,10.1,3000
257,안치영,23 RF,-0.198,71,33,329.0,66,62,2,2,0.97,1.751,-0.82,0.21,-0.36,0.0,0.0,,0.0,0.0,-0.99,-2.008,-0.946,-1.936,-0.101,130068,0.14,76,0.24,-0.1,136,133,124,20,36,3,1,0,41,9,7,1,6,2,0,35,1,3,1,0.29,0.331,0.331,0.662,0.098,79.7,3000
258,홍종표,23 2B,0.055,24,1,39.0,19,8,11,0,1.0,4.385,0.29,0.0,0.1,0.1,0.0,,0.0,0.0,0.49,2.94,0.05,0.54,0.05,146120,0.11,40,0.06,0.05,12,11,7,10,0,0,0,0,0,0,0,0,3,1,0,1,0,1,0,0.0,0.364,0.0,0.364,0.079,64.9,3300
259,김민혁,23 RF,0.644,122,98,767.0,195,190,1,4,0.979,2.241,9.18,-1.04,-0.68,0.0,0.0,,0.0,0.0,7.48,8.829,-1.169,6.311,0.763,113398,2.55,113,1.79,0.76,448,441,397,68,118,20,3,3,153,41,11,4,36,3,0,48,4,7,5,0.297,0.356,0.385,0.741,0.128,104.9,15000
260,한석현,23 LF,0.125,30,13,146.0,46,44,0,2,0.957,2.712,2.77,-0.56,-0.76,0.0,0.0,,0.0,0.0,1.45,6.96,-0.22,1.23,0.148,132505,-0.27,27,-0.41,0.15,66,64,60,5,12,1,0,0,13,2,2,1,4,0,0,20,2,2,0,0.2,0.25,0.217,0.467,0.026,22.9,3900
261,김성욱,23 RF,0.021,102,41,441.0,99,98,1,0,1.0,2.02,-1.53,1.43,0.73,0.0,0.0,,0.0,0.0,0.63,0.889,-0.425,0.205,0.064,111535,0.42,93,0.36,0.06,204,201,179,28,40,10,0,6,68,16,6,1,16,5,0,63,7,3,1,0.223,0.303,0.38,0.683,0.105,89.3,10000
262,최정원,23 CF,0.045,24,9,106.0,45,22,23,0,1.0,3.821,0.54,0.12,0.23,-0.58,0.0,,0.0,0.0,0.3,1.8,0.137,0.438,0.031,142215,0.35,39,0.32,0.03,56,54,50,12,13,3,2,0,20,5,4,1,1,3,0,13,1,2,0,0.26,0.315,0.4,0.715,0.119,100.0,6600
263,강진성,23 1B,-0.089,39,31,254.0,240,224,15,1,0.996,8.469,-0.01,0.19,0.46,0.0,0.0,,0.0,0.0,0.7,2.585,-1.574,-0.874,0.071,111484,0.1,55,0.03,0.07,142,141,131,10,34,6,1,3,51,17,0,0,6,3,0,20,2,1,1,0.26,0.305,0.389,0.694,0.105,87.8,8000
264,고승민,23 1B,-0.454,94,71,605.0,456,417,37,2,0.996,6.754,-1.92,-0.63,1.1,0.0,0.0,,0.0,0.0,-1.29,-1.976,-3.158,-4.448,-0.132,141602,0.08,94,0.21,-0.13,308,301,255,35,57,14,2,2,81,24,8,3,42,1,3,64,2,6,4,0.224,0.331,0.318,0.649,0.1,82.5,7300
265,장두성,23 CF,0.201,22,1,51.0,12,12,0,0,1.0,2.118,1.88,0.03,0.06,0.0,0.0,,0.0,0.0,1.97,12.895,-0.0,1.97,0.201,131552,0.17,25,-0.03,0.2,15,14,13,7,2,0,0,0,2,1,2,0,1,0,0,3,1,1,0,0.154,0.214,0.154,0.368,-0.008,-6.9,3800
266,배영빈,23 SS,-0.019,17,5,51.0,24,8,14,2,0.917,3.882,0.43,0.0,-0.38,-0.43,0.0,,0.0,0.0,-0.38,-3.219,0.191,-0.189,-0.039,156252,0.21,18,0.25,-0.04,18,17,16,2,5,2,0,0,7,0,1,0,1,0,0,2,0,1,0,0.313,0.353,0.438,0.791,0.144,123.6,3000
267,윤동희,23 RF,-0.29,116,89,809.0,188,182,2,4,0.979,2.047,0.38,0.2,-0.47,0.0,0.0,,0.0,0.0,0.12,0.149,-2.963,-2.843,0.012,150482,0.35,107,0.34,0.01,423,421,387,45,111,18,1,2,137,41,3,6,28,1,0,69,10,2,5,0.287,0.333,0.354,0.687,0.106,88.0,3300
268,최항,23 1B,-0.387,11,6,48.0,38,31,3,4,0.895,6.375,-3.33,0.0,-0.41,0.0,0.0,,0.0,0.0,-3.63,-47.52,-0.165,-3.795,-0.37,108104,-0.3,21,0.07,-0.37,35,34,28,3,8,1,0,1,12,6,0,0,5,0,0,12,1,1,1,0.286,0.382,0.429,0.811,0.153,129.2,3100
269,최지훈,23 CF,-0.361,129,110,966.0,257,249,5,3,0.988,2.366,-3.98,0.68,-0.2,0.0,0.0,,0.0,0.0,-3.48,-3.885,-0.062,-3.542,-0.355,145874,1.26,117,1.61,-0.36,503,495,462,65,124,19,8,2,165,30,21,2,29,3,0,50,3,8,1,0.268,0.315,0.357,0.672,0.101,83.4,30000
270,김한별,23 SS,0.202,80,23,289.0,124,32,87,5,0.96,3.706,0.88,0.0,0.2,-0.18,0.0,,0.0,0.0,0.91,1.638,1.066,1.976,0.093,147165,-0.43,79,-0.52,0.09,105,103,97,8,21,0,1,0,23,4,0,3,4,2,0,23,6,2,0,0.216,0.262,0.237,0.499,0.038,32.2,3100
271,김영웅,23 3B,0.323,56,21,260.0,80,19,55,6,0.925,2.562,2.98,0.0,0.1,0.36,0.0,,0.0,0.0,3.09,7.946,0.072,3.162,0.315,150353,0.09,55,-0.22,0.32,103,100,91,11,17,6,0,2,29,12,1,0,8,0,0,28,2,3,1,0.187,0.25,0.319,0.569,0.06,49.1,3200
272,렉스,23 RF,-0.369,41,40,323.0,64,61,1,2,0.969,1.728,-2.52,0.16,-0.38,0.0,0.0,,0.0,0.0,-2.74,-9.623,-0.876,-3.616,-0.28,151522,0.12,55,0.4,-0.28,234,233,203,20,50,4,2,4,70,30,0,1,28,1,2,54,3,0,2,0.246,0.338,0.345,0.683,0.108,88.5,100000
273,강승호,23 2B,0.241,135,109,964.0,639,396,227,16,0.975,5.816,0.23,0.0,-0.09,0.49,0.0,,0.0,0.0,0.7,0.747,1.663,2.363,0.071,110871,1.49,127,1.42,0.07,459,455,419,51,111,18,6,7,162,59,13,6,27,6,0,110,12,4,3,0.265,0.316,0.387,0.703,0.11,98.3,20000
274,송승환,23 LF,0.123,22,18,141.0,41,40,1,0,1.0,2.617,1.26,0.05,0.26,0.0,0.0,,0.0,0.0,1.58,10.342,-0.37,1.21,0.161,141721,-0.1,30,-0.26,0.16,76,74,70,10,16,3,1,0,21,4,0,1,4,0,0,16,2,2,0,0.229,0.27,0.3,0.57,0.062,54.0,3500
275,김인태,23 RF,-0.097,30,21,184.0,46,45,0,1,0.978,2.201,-1.15,0.84,-0.15,0.0,0.0,,0.0,0.0,-0.46,-2.208,-0.49,-0.95,-0.047,110981,0.36,47,0.41,-0.05,115,114,98,8,25,5,0,1,33,14,2,1,15,1,0,26,1,1,0,0.255,0.36,0.337,0.697,0.122,109.3,10000
276,송찬의,23 1B,-0.106,6,3,21.0,18,16,1,1,0.944,7.286,-0.97,0.0,0.04,0.0,0.0,,0.0,0.0,-0.94,-22.56,-0.098,-1.038,-0.096,131096,-0.32,19,-0.22,-0.1,22,22,18,2,1,1,0,0,2,1,1,0,4,0,0,6,0,0,0,0.056,0.227,0.111,0.338,0.006,5.3,4000
277,오스틴,23 1B,-0.904,116,114,939.0,919,833,72,14,0.985,8.674,1.92,-0.19,-1.26,0.0,0.0,,0.0,0.0,0.65,0.807,-9.514,-8.864,0.066,155326,4.97,139,4.9,0.07,583,583,520,87,163,29,4,23,269,95,7,3,53,3,2,75,11,0,7,0.313,0.376,0.517,0.893,0.175,153.9,40000
278,김현수,23 LF,-0.175,37,36,273.0,112,98,12,2,0.982,3.626,-0.78,0.09,-0.01,0.0,0.0,,0.0,0.0,-0.69,-2.685,-1.024,-1.714,-0.07,101876,1.64,133,1.71,-0.07,556,555,488,53,143,22,2,6,187,88,2,1,58,1,4,53,10,1,8,0.293,0.364,0.383,0.747,0.13,114.4,100000
279,양찬열,23 RF,0.069,40,22,222.0,55,52,3,0,1.0,2.23,1.17,-0.15,0.43,0.0,0.0,,0.0,0.0,1.45,5.22,-0.77,0.68,0.148,147381,0.12,44,-0.03,0.15,99,99,88,15,21,2,2,0,27,6,3,2,9,1,0,23,1,0,1,0.239,0.313,0.307,0.62,0.087,78.0,4300
280,서예일,23 3B,-0.03,4,2,21.0,9,4,4,1,0.889,3.429,-0.38,0.0,0.06,0.0,0.0,,0.0,0.0,-0.32,-11.52,0.03,-0.29,-0.033,125231,-0.11,5,-0.08,-0.03,10,10,9,2,2,0,0,0,2,1,0,0,0,0,0,2,0,0,1,0.222,0.2,0.222,0.422,-0.011,-10.1,3400
281,김주성,23 SS,-0.111,8,0,20.0,7,2,3,2,0.714,2.25,-0.99,0.0,0.04,-0.24,0.0,,0.0,0.0,-1.18,-21.24,0.088,-1.092,-0.12,125456,-0.06,11,0.06,-0.12,7,7,5,1,1,0,0,0,1,0,0,0,1,1,0,2,0,0,0,0.2,0.429,0.2,0.629,0.141,123.9,3400
282,김혜성,23 2B,0.584,131,129,1104.0,661,258,386,17,0.974,5.25,-0.78,0.0,1.49,-0.41,0.0,,0.0,0.0,0.28,0.308,5.441,5.721,0.029,129057,5.9,137,5.87,0.03,621,619,556,104,186,29,6,7,248,57,25,3,57,3,3,77,6,0,5,0.335,0.396,0.446,0.842,0.163,141.0,42000
283,김인환,23 1B,-0.222,59,48,422.0,392,357,30,5,0.987,8.254,1.32,0.11,0.27,0.0,0.0,,0.0,0.0,1.76,4.296,-3.932,-2.172,0.18,125899,-0.18,112,-0.36,0.18,365,365,325,34,73,16,0,7,110,42,1,0,35,2,2,91,4,0,3,0.225,0.301,0.338,0.639,0.089,75.4,6400
284,장운호,23 RF,-0.137,4,3,28.0,6,6,0,0,1.0,1.929,-1.14,-0.19,0.05,0.0,0.0,,0.0,0.0,-1.28,-46.08,-0.068,-1.348,-0.131,111229,-0.1,4,0.03,-0.13,11,11,9,1,2,0,0,0,2,1,0,0,2,0,0,2,0,0,0,0.222,0.364,0.222,0.586,0.096,82.5,5000
285,김병휘,23 2B,-0.021,10,6,55.0,28,14,13,1,0.964,4.418,-0.17,0.0,-0.35,0.17,0.0,,0.0,0.0,-0.35,-5.04,0.144,-0.206,-0.036,145777,-0.27,10,-0.24,-0.04,21,21,21,0,3,1,0,0,4,1,0,0,0,0,0,8,0,0,0,0.143,0.143,0.19,0.333,-0.038,-33.7,3200
286,이병규,23 1B,0.045,5,3,25.0,23,22,1,0,1.0,8.28,0.57,0.0,0.04,0.0,0.0,,0.0,0.0,0.62,17.856,-0.176,0.444,0.063,128597,-0.07,7,-0.13,0.06,17,17,17,3,4,0,0,0,4,2,0,0,0,0,0,4,0,0,0,0.235,0.235,0.235,0.47,0.016,14.2,3500
287,채은성,23 1B,-0.658,99,90,774.0,611,574,32,5,0.992,7.047,-2.52,0.41,0.44,0.0,0.0,,0.0,0.0,-1.54,-2.24,-4.91,-6.45,-0.157,112159,1.79,137,1.95,-0.16,596,593,521,71,137,17,0,23,223,84,0,0,52,20,8,102,16,0,3,0.263,0.351,0.428,0.779,0.138,117.0,180000
288,주성원,23 RF,0.004,21,20,144.0,38,35,2,1,0.974,2.312,1.4,-0.67,-0.22,0.0,0.0,,0.0,0.0,0.51,3.497,-0.468,0.042,0.052,141337,-0.45,25,-0.5,0.05,72,71,69,7,15,2,1,0,19,2,0,0,1,0,0,18,1,1,1,0.217,0.225,0.275,0.5,0.027,23.3,3100
289,박찬혁,23 LF,-0.091,29,26,218.0,53,51,1,1,0.981,2.147,-0.41,0.07,0.39,0.0,0.0,,0.0,0.0,0.04,0.199,-0.935,-0.895,0.004,150687,-0.83,48,-0.83,0.0,167,167,154,13,31,7,0,1,41,8,0,0,10,3,0,41,1,0,0,0.201,0.263,0.266,0.529,0.051,45.0,4200
290,도슨,23 CF,-0.582,48,45,390.0,106,102,0,4,0.962,2.354,-3.4,-0.52,-1.41,0.0,0.0,,0.0,0.0,-5.33,-15.99,-0.376,-5.706,-0.544,156527,1.71,57,2.25,-0.54,261,261,229,37,77,14,2,3,104,29,9,2,18,9,0,41,3,0,5,0.336,0.398,0.454,0.852,0.169,147.0,8500
291,김휘집,23 SS,-0.062,117,99,873.0,352,121,213,18,0.949,3.443,-6.68,0.0,0.06,2.28,0.0,,0.0,0.0,-4.26,-5.243,3.656,-0.604,-0.435,147857,1.89,110,2.32,-0.43,435,429,369,46,92,22,0,8,138,51,0,0,48,5,0,97,8,6,7,0.249,0.338,0.374,0.712,0.119,102.5,7400
292,전병우,23 1B,-0.002,38,11,152.0,156,144,10,2,0.987,9.118,0.31,0.0,0.28,0.37,0.0,,0.0,0.0,1.02,3.865,-1.044,-0.024,0.104,114227,-0.2,41,-0.3,0.1,75,73,62,6,9,3,0,1,15,6,0,0,10,1,0,28,0,2,0,0.145,0.274,0.242,0.516,0.058,50.2,8000
293,김수환,23 1B,-0.332,43,25,222.0,205,194,10,1,0.995,8.27,-1.66,0.0,-0.09,0.0,0.0,,0.0,0.0,-1.49,-4.99,-1.76,-3.25,-0.152,130967,-0.18,50,-0.02,-0.15,114,113,97,8,21,4,0,2,31,15,0,0,11,4,0,36,1,1,1,0.216,0.319,0.32,0.639,0.097,82.8,4500
294,이용규,23 LF,-0.327,37,30,256.0,53,53,0,0,1.0,1.863,-1.94,-0.6,0.45,0.0,0.0,,0.0,0.0,-2.09,-8.134,-1.115,-3.205,-0.213,100357,-0.46,50,-0.25,-0.21,178,176,154,19,36,0,3,0,42,11,2,1,19,1,0,22,3,2,2,0.234,0.318,0.273,0.591,0.08,70.2,30000
295,권민석,23 SS,-0.038,2,0,4.0,0,0,0,0,,0.0,-0.14,0.0,0.01,-0.26,0.0,,0.0,0.0,-0.39,-28.08,0.02,-0.37,-0.04,130791,-0.08,1,-0.04,-0.04,2,2,2,0,0,0,0,0,0,0,0,0,0,0,0,1,0,0,0,0.0,0.0,0.0,0.0,-0.167,-154.8,3100
296,김대한,23 RF,-0.709,31,21,189.0,39,35,1,3,0.923,1.714,-4.27,-0.76,-1.12,0.0,0.0,,0.0,0.0,-6.15,-28.568,-0.803,-6.953,-0.627,141701,-0.87,33,-0.24,-0.63,89,89,81,10,16,3,1,1,24,7,1,3,7,1,0,21,0,0,0,0.198,0.27,0.296,0.566,0.064,56.9,4500
297,로하스,23 LF,-0.985,100,93,738.0,165,159,4,2,0.988,1.988,-8.15,-0.19,0.85,0.0,0.0,,0.0,0.0,-7.49,-10.786,-2.164,-9.654,-0.764,155391,2.51,122,3.27,-0.76,464,463,403,52,102,24,4,19,191,65,0,1,55,3,2,68,5,0,3,0.253,0.345,0.474,0.819,0.151,133.5,85000
298,안치홍,23 2B,-0.252,127,109,910.0,600,376,220,4,0.993,5.895,-5.64,0.0,1.28,-0.25,0.0,,0.0,0.0,-4.54,-5.148,2.07,-2.47,-0.463,100142,2.3,121,2.77,-0.46,494,487,425,57,124,20,1,8,170,63,3,3,49,10,3,53,14,5,5,0.292,0.374,0.4,0.774,0.142,117.5,50000
299,한유섬,23 RF,-0.882,90,77,662.0,131,122,5,4,0.969,1.727,-5.28,-0.13,-0.71,0.0,0.0,,0.0,0.0,-6.12,-9.792,-2.526,-8.646,-0.624,108154,0.82,109,1.44,-0.62,388,386,333,29,91,15,2,7,131,55,2,1,34,12,1,81,3,2,7,0.273,0.355,0.393,0.748,0.132,109.8,50000
300,김정민,23 RF,-0.062,6,0,9.0,2,2,0,0,1.0,2.0,-0.53,-0.07,0.02,0.0,0.0,,0.0,0.0,-0.59,-14.16,-0.017,-0.607,-0.06,154634,-0.03,8,0.03,-0.06,2,2,2,1,1,0,0,0,1,0,0,0,0,0,0,1,0,0,0,0.5,0.5,0.5,1.0,0.222,180.0,3000
301,최경모,23 3B,-0.262,22,4,69.0,33,13,15,5,0.848,3.652,-1.9,0.0,-0.82,0.14,0.0,,0.0,0.0,-2.58,-16.887,0.009,-2.571,-0.263,141514,-0.49,28,-0.23,-0.26,20,20,20,6,3,0,0,0,3,1,2,0,0,0,0,5,0,0,0,0.15,0.15,0.15,0.3,-0.05,-41.8,5000
302,최주환,23 2B,-0.501,125,103,833.0,600,396,195,9,0.985,6.385,-5.96,0.0,-0.49,0.71,0.0,,0.0,0.0,-5.54,-6.382,0.625,-4.915,-0.565,101824,0.97,134,1.53,-0.56,478,474,426,48,100,24,0,20,184,63,0,0,44,4,4,94,6,1,3,0.235,0.31,0.432,0.742,0.12,99.3,65000
303,김주원,23 SS,0.842,133,122,1045.0,539,187,322,30,0.944,4.384,0.98,0.0,-2.49,0.83,0.0,,0.0,0.0,-0.67,-0.725,8.92,8.25,-0.068,147655,2.23,127,2.3,-0.07,474,466,403,56,94,9,2,10,137,54,15,3,44,15,1,106,6,8,4,0.233,0.328,0.34,0.668,0.106,89.8,9000
304,강현우,23 C,0.227,47,24,236.0,189,176,11,2,0.989,7.131,-0.56,0.0,-0.38,0.0,-0.41,,1.38,0.0,-0.19,-0.582,2.417,2.227,-0.019,146038,-0.27,53,-0.26,-0.02,111,110,103,11,20,6,0,1,29,11,0,1,6,1,0,17,3,1,0,0.194,0.245,0.282,0.527,0.046,38.1,3000
305,황재균,23 3B,0.436,109,103,900.0,259,83,165,11,0.958,2.48,3.52,0.0,1.09,-0.21,0.0,,0.0,0.0,4.27,5.641,0.001,4.271,0.436,104078,3.14,109,2.7,0.44,457,454,407,62,120,26,2,6,168,49,3,3,45,1,1,64,15,3,1,0.295,0.366,0.413,0.779,0.142,116.0,100000
306,알포드,23 LF,-0.057,113,110,863.0,217,209,5,3,0.986,2.232,5.1,-1.23,0.05,0.0,0.0,,0.0,0.0,3.92,4.995,-4.48,-0.56,0.4,151448,3.85,133,3.45,0.4,547,546,491,83,142,31,3,15,224,70,17,4,47,6,1,140,6,0,3,0.289,0.356,0.456,0.812,0.15,123.5,100000
307,김석환,23 LF,-0.155,9,5,51.0,34,33,1,0,1.0,6.0,-1.26,-0.17,0.09,0.0,0.0,,0.0,0.0,-1.35,-21.6,-0.17,-1.52,-0.138,129170,-0.43,12,-0.3,-0.14,26,25,23,1,3,1,0,0,4,3,0,0,2,0,0,9,1,1,0,0.13,0.2,0.174,0.374,-0.006,-4.7,3500
308,이우성,23 RF,0.185,128,93,793.0,182,177,4,1,0.995,2.054,2.5,0.21,0.98,0.0,0.0,,0.0,0.0,3.69,4.151,-1.878,1.812,0.376,110990,2.3,126,1.92,0.38,400,393,355,39,107,17,0,8,148,58,8,1,31,5,4,81,10,6,3,0.301,0.363,0.417,0.78,0.141,122.4,5500
309,박정우,23 RF,0.197,14,1,30.0,7,7,0,0,1.0,2.1,1.33,0.61,0.05,0.0,0.0,,0.0,0.0,1.99,20.469,-0.056,1.934,0.203,128690,0.24,21,0.03,0.2,12,9,9,2,3,0,0,0,3,0,0,0,0,0,0,1,0,3,0,0.333,0.333,0.333,0.666,0.093,80.3,3600
310,변우혁,23 1B,-0.675,75,56,462.0,368,317,42,9,0.976,6.994,-3.24,0.0,-1.09,0.15,0.0,,0.0,0.0,-4.31,-8.275,-2.303,-6.613,-0.44,141240,-0.33,83,0.11,-0.44,226,226,200,23,45,4,0,7,70,24,0,0,23,3,1,74,4,0,0,0.225,0.314,0.35,0.664,0.1,88.1,3500
311,서동욱,23 RF,0.027,6,5,31.0,10,10,0,0,1.0,2.903,0.87,-0.13,0.07,0.0,-0.29,,-0.27,0.0,0.33,7.92,-0.067,0.263,0.034,156242,-0.12,13,-0.15,0.03,20,20,17,2,2,1,0,0,3,0,0,0,3,0,0,5,1,0,0,0.118,0.25,0.176,0.426,0.029,24.2,3000
312,전준우,23 LF,-0.493,47,43,336.0,107,101,4,2,0.981,2.812,-2.79,-0.26,0.1,0.0,0.0,,0.0,0.0,-3.3,-10.111,-1.533,-4.833,-0.337,102662,3.41,138,3.75,-0.34,559,556,493,80,154,21,3,17,232,77,9,2,52,7,4,65,12,0,7,0.312,0.381,0.471,0.852,0.163,134.5,50000
313,이정훈,23 LF,-0.332,14,11,80.0,37,33,3,1,0.973,4.05,-1.88,-0.73,-0.35,0.0,0.0,,0.0,0.0,-2.96,-30.446,-0.29,-3.25,-0.302,129162,0.08,59,0.38,-0.3,171,171,152,17,45,7,0,1,55,17,1,1,13,3,0,28,1,0,3,0.296,0.357,0.362,0.719,0.122,101.2,4000
314,신윤후,23 LF,0.029,21,6,72.0,20,18,0,2,0.9,2.25,1.73,-0.4,-0.86,0.0,0.0,,0.0,0.0,0.45,3.086,-0.162,0.288,0.046,141692,-0.38,28,-0.43,0.05,27,27,25,2,1,0,0,0,1,1,1,0,0,2,0,8,0,0,0,0.04,0.111,0.04,0.151,-0.086,-72.6,5300
315,김수윤,23 3B,-0.157,13,3,33.0,18,14,3,1,0.944,4.636,-1.4,0.0,0.08,-0.22,0.0,,0.0,0.0,-1.54,-17.058,0.0,-1.54,-0.157,129035,-0.23,16,-0.07,-0.16,15,15,14,0,3,0,0,0,3,2,0,0,1,0,0,4,0,0,0,0.214,0.267,0.214,0.481,0.033,28.4,3100
316,박건우,23 RF,-0.582,93,92,727.0,150,147,3,0,1.0,1.857,-3.29,-0.45,1.37,0.0,0.0,,0.0,0.0,-2.36,-3.654,-3.34,-5.7,-0.241,101895,3.93,130,4.17,-0.24,533,532,458,70,146,34,2,12,220,85,7,5,56,9,0,71,14,1,9,0.319,0.397,0.48,0.877,0.176,149.2,90000
317,김재호,23 SS,0.905,87,71,613.0,296,119,167,10,0.966,4.199,3.53,0.0,-0.54,0.13,0.0,,0.0,0.0,3.12,5.164,5.753,8.873,0.318,101741,2.87,91,2.56,0.32,302,287,247,32,70,13,0,3,92,29,4,0,30,8,2,24,11,15,2,0.283,0.376,0.372,0.748,0.137,123.0,50000
318,박석민,23 3B,-0.371,25,23,164.0,44,19,22,3,0.932,2.25,-3.3,0.0,-0.12,-0.22,0.0,,0.0,0.0,-3.63,-20.909,-0.01,-3.64,-0.37,103225,-0.53,30,-0.16,-0.37,107,106,88,9,17,1,0,1,21,8,0,0,14,3,0,22,4,1,1,0.193,0.321,0.239,0.56,0.078,66.4,5000
319,김선빈,23 2B,0.252,116,111,897.0,457,180,270,7,0.985,4.515,-3.2,0.0,1.43,-0.33,0.0,,0.0,0.0,-2.1,-2.607,4.57,2.47,-0.214,100080,2.62,119,2.83,-0.21,473,465,419,41,134,16,0,0,150,48,3,1,38,5,0,26,10,8,3,0.32,0.381,0.358,0.739,0.132,114.9,45000
320,박주찬,23 3B,-0.124,6,3,35.0,12,8,3,1,0.917,2.829,-1.25,0.0,0.08,0.0,0.0,,0.0,0.0,-1.18,-28.32,-0.04,-1.22,-0.12,142195,-0.31,5,-0.19,-0.12,14,14,14,1,2,0,0,0,2,0,0,0,0,0,0,2,0,0,0,0.143,0.143,0.143,0.286,-0.056,-49.0,3000
321,김도영,23 3B,0.501,85,84,722.0,230,71,146,13,0.943,2.705,4.32,0.0,-0.31,0.65,0.0,,0.0,0.0,4.9,8.301,0.014,4.914,0.5,150560,3.64,84,3.14,0.5,385,382,340,72,103,20,5,7,154,47,25,4,38,1,1,62,14,2,4,0.303,0.371,0.453,0.824,0.156,134.4,5000
322,조현진,23 SS,-0.045,8,0,14.0,6,1,5,0,1.0,3.857,-0.39,0.0,0.03,-0.14,0.0,,0.0,0.0,-0.49,-8.82,0.052,-0.437,-0.05,148775,-0.11,10,-0.06,-0.05,5,5,5,0,1,0,0,0,1,0,0,0,0,0,0,1,1,0,0,0.2,0.2,0.2,0.4,-0.011,-9.4,3000
323,박찬호,23 SS,1.483,129,121,1045.0,524,206,303,15,0.971,4.384,4.27,0.0,0.97,-0.75,0.0,,0.0,0.0,4.49,5.012,10.042,14.532,0.458,112610,4.09,130,3.64,0.46,507,500,452,73,136,18,4,3,171,52,30,8,40,2,0,56,13,7,6,0.301,0.356,0.378,0.734,0.127,109.5,20000
324,한동희,23 3B,-0.899,99,82,681.0,255,142,101,12,0.953,3.211,-8.57,0.0,-0.45,0.29,0.0,,0.0,0.0,-8.6,-12.509,-0.209,-8.809,-0.877,131452,-1.81,108,-0.94,-0.88,353,351,319,30,71,11,0,5,97,32,1,3,26,1,0,58,16,2,5,0.223,0.279,0.304,0.583,0.067,55.5,19260
325,손아섭,23 RF,0.039,58,52,409.0,92,89,1,2,0.978,1.98,1.88,0.4,-0.21,0.0,0.0,,0.0,0.0,2.08,5.164,-1.699,0.381,0.212,102615,4.32,140,4.11,0.21,609,608,551,97,187,36,3,5,244,65,14,3,50,2,2,67,10,1,5,0.339,0.393,0.443,0.836,0.162,137.1,50000
326,오태양,23 2B,-0.187,9,1,12.0,4,1,2,1,0.75,2.25,-1.3,-0.06,-0.47,0.0,0.0,,0.0,0.0,-1.84,-29.44,0.006,-1.834,-0.188,147665,-0.41,21,-0.22,-0.19,3,3,3,4,0,0,0,0,0,0,3,3,0,0,0,3,0,0,0,0.0,0.0,0.0,0.0,-0.167,-141.6,3100
327,권희동,23 LF,-0.582,92,84,697.0,165,161,2,2,0.988,2.105,-1.89,-0.97,0.25,0.0,0.0,,0.0,0.0,-2.61,-4.085,-3.092,-5.702,-0.266,111725,2.0,96,2.26,-0.27,373,369,309,33,88,16,0,7,125,63,2,0,49,6,0,50,4,4,5,0.285,0.388,0.405,0.793,0.153,128.2,9000
328,오장한,23 RF,0.002,4,2,17.0,4,4,0,0,1.0,2.118,-0.3,0.33,0.03,0.0,0.0,,0.0,0.0,0.06,2.16,-0.038,0.022,0.006,147675,-0.01,3,-0.02,0.01,8,8,7,2,1,0,0,0,1,0,0,0,1,0,0,5,0,0,0,0.143,0.25,0.143,0.393,0.014,11.4,3300
329,박영빈,23 CF,0.174,21,0,34.0,12,12,0,0,1.0,3.176,1.57,0.09,0.05,0.0,0.0,,0.0,0.0,1.71,11.726,-0.003,1.707,0.174,146615,0.03,41,-0.14,0.17,17,15,14,11,1,1,0,0,2,0,4,2,1,0,0,6,0,2,0,0.071,0.133,0.143,0.276,-0.046,-38.6,3000
330,마틴,23 CF,0.012,113,109,914.0,244,240,1,3,0.988,2.373,-1.07,1.68,-0.2,0.0,0.0,,0.0,0.0,0.41,0.522,-0.29,0.12,0.042,155375,3.44,118,3.39,0.04,503,502,435,55,123,20,2,17,198,90,15,3,57,1,2,107,8,0,10,0.283,0.36,0.455,0.815,0.149,125.5,72000
331,윤수녕,23 RF,-0.024,3,1,13.0,2,2,0,0,1.0,1.385,0.11,-0.34,0.03,0.0,0.0,,0.0,0.0,-0.21,-10.08,-0.023,-0.233,-0.021,156272,-0.05,3,-0.03,-0.02,4,4,4,0,1,0,0,0,1,1,0,0,0,0,0,1,0,0,0,0.25,0.25,0.25,0.5,0.028,23.0,3000
332,류승민,23 RF,-0.294,21,16,123.0,23,22,0,1,0.957,1.61,-1.91,-0.27,-0.25,0.0,0.0,,0.0,0.0,-2.43,-16.663,-0.456,-2.886,-0.248,155033,-0.5,24,-0.25,-0.25,57,55,52,5,11,3,0,0,14,5,0,0,2,1,0,19,0,2,0,0.212,0.255,0.269,0.524,0.046,37.7,3000
333,피렐라,23 LF,-1.333,118,114,950.0,211,203,6,2,0.991,1.98,-8.88,-1.25,0.72,0.0,0.0,,0.0,0.0,-9.41,-11.483,-3.651,-13.061,-0.96,147573,0.64,139,1.6,-0.96,605,605,557,66,159,28,1,16,237,80,6,4,42,4,5,69,20,0,2,0.285,0.339,0.425,0.764,0.13,107.9,120000
334,최준우,23 2B,0.356,24,13,100.0,61,26,35,0,1.0,5.49,2.69,0.0,0.27,0.01,0.0,,0.0,0.0,3.08,18.48,0.412,3.492,0.314,131284,0.36,38,0.05,0.31,69,69,60,5,16,1,0,0,17,6,0,1,8,0,0,10,3,0,1,0.267,0.348,0.283,0.631,0.096,80.1,4500
335,문상준,23 2B,-0.192,3,1,10.0,2,1,0,1,0.5,0.9,-1.45,0.0,-0.47,0.0,0.0,,0.0,0.0,-1.92,-92.16,0.033,-1.887,-0.196,147208,-0.25,2,-0.05,-0.2,5,5,5,1,1,0,0,0,1,0,0,0,0,0,0,4,0,0,0,0.2,0.2,0.2,0.4,-0.011,-9.0,3100
336,김헌곤,23 LF,-0.101,5,0,5.0,0,0,0,0,,0.0,-1.19,0.19,0.01,0.0,0.0,,0.0,0.0,-0.99,-28.512,-0.002,-0.992,-0.101,106403,-0.2,6,-0.1,-0.1,4,4,4,0,0,0,0,0,0,0,0,0,0,0,0,1,0,0,0,0.0,0.0,0.0,0.0,-0.167,-151.6,12000
337,박민석,23 2B,-0.055,3,1,11.0,5,1,3,1,0.8,3.273,-0.68,0.0,0.03,0.09,0.0,,0.0,0.0,-0.57,-27.36,0.027,-0.543,-0.058,141108,-0.08,4,-0.02,-0.06,4,4,4,1,1,0,0,0,1,0,0,0,0,0,0,3,0,0,0,0.25,0.25,0.25,0.5,0.028,21.6,3000
338,에레디아,23 LF,-0.168,114,108,938.0,238,222,11,5,0.979,2.236,3.61,-0.68,-0.86,0.0,0.0,,0.0,0.0,2.07,2.615,-3.721,-1.651,0.211,155304,3.82,122,3.61,0.21,523,519,473,76,153,29,0,12,218,76,12,8,39,9,4,75,13,1,1,0.323,0.385,0.461,0.846,0.163,135.9,90000
339,김강민,23 CF,-0.087,37,23,216.0,63,60,3,0,1.0,2.625,-1.32,0.2,0.29,0.0,0.0,,0.0,0.0,-0.84,-3.269,-0.009,-0.849,-0.086,101084,0.12,70,0.2,-0.09,166,163,137,20,31,3,0,2,40,7,2,1,23,1,1,38,2,2,3,0.226,0.335,0.292,0.627,0.095,78.3,16000
340,이정범,23 RF,-0.058,6,5,25.0,6,5,1,0,1.0,2.16,-0.39,-0.15,0.04,0.0,0.0,,0.0,0.0,-0.5,-12.0,-0.07,-0.57,-0.051,131944,-0.43,15,-0.38,-0.05,33,33,29,2,5,0,0,0,5,4,0,0,2,0,0,6,1,0,2,0.172,0.212,0.172,0.384,-0.009,-7.0,3000
341,고명준,23 1B,0.085,2,1,6.0,7,7,0,0,1.0,10.5,0.85,0.0,0.01,0.0,0.0,,0.0,0.0,0.86,61.92,-0.03,0.83,0.088,148074,-0.02,2,-0.11,0.09,4,4,4,0,0,0,0,0,0,0,0,0,0,0,0,3,0,0,0,0.0,0.0,0.0,0.0,-0.167,-132.5,3000
342,김병희,23 3B,0.064,4,1,16.0,3,0,3,0,1.0,1.688,0.58,0.0,0.04,0.0,0.0,,0.0,0.0,0.62,22.32,0.002,0.622,0.063,113308,-0.09,5,-0.15,0.06,9,9,8,0,0,0,0,0,0,0,0,0,1,0,0,4,0,0,0,0.0,0.111,0.0,0.111,-0.093,-73.8,4700
343,강민성,23 3B,0.168,11,7,60.0,24,7,15,2,0.917,3.3,1.82,0.0,-0.35,-0.28,0.0,,0.0,0.0,1.65,21.6,-0.002,1.648,0.168,141918,0.18,12,0.01,0.17,27,26,22,2,4,1,0,0,5,0,0,0,4,0,0,10,0,1,0,0.182,0.308,0.227,0.535,0.069,56.4,3300
344,강백호,23 RF,-0.203,29,26,210.0,84,76,7,1,0.988,3.557,-0.63,-0.93,0.4,0.0,0.0,,0.0,0.0,-1.16,-5.76,-0.833,-1.993,-0.118,131688,0.74,71,0.85,-0.12,271,269,238,32,63,10,1,8,99,39,3,0,31,0,4,55,1,0,2,0.265,0.347,0.416,0.763,0.131,106.5,29000
345,구자욱,23 RF,0.145,92,91,772.0,179,174,5,0,1.0,2.087,2.92,-0.41,1.46,0.0,0.0,,0.0,0.0,3.98,6.23,-2.555,1.425,0.406,108923,5.26,119,4.85,0.41,515,511,453,65,152,37,1,11,224,71,12,4,53,4,2,81,5,2,3,0.336,0.407,0.494,0.901,0.185,154.3,200000
346,조민성,23 1B,-0.003,9,6,47.0,51,48,3,0,1.0,9.766,0.23,-0.02,0.09,0.0,0.0,,0.0,0.0,0.29,4.64,-0.321,-0.031,0.03,150403,-0.32,15,-0.35,0.03,29,29,29,1,6,2,0,0,8,5,0,1,0,0,0,6,1,0,0,0.207,0.207,0.276,0.483,0.019,15.9,3300
347,김현준,23 CF,-0.23,105,102,880.0,312,303,4,5,0.984,3.14,-1.52,0.62,-1.34,0.0,0.0,,0.0,0.0,-2.25,-3.086,-0.0,-2.25,-0.23,148673,0.63,109,0.85,-0.23,479,471,433,62,119,10,6,3,150,46,5,5,30,5,0,84,5,8,3,0.275,0.327,0.346,0.673,0.102,85.2,8000
348,공민규,23 1B,-0.175,19,7,75.0,41,36,5,0,1.0,4.92,-1.01,0.0,0.16,0.0,0.0,,0.0,0.0,-1.61,-12.202,-0.105,-1.715,-0.164,131643,-0.39,22,-0.22,-0.16,33,33,31,0,6,1,1,0,9,2,0,0,2,0,0,13,1,0,0,0.194,0.242,0.29,0.532,0.047,39.6,4000
349,김태훈,23 1B,-0.017,10,6,52.0,26,23,3,0,1.0,4.5,0.6,0.03,0.09,0.0,0.0,,0.0,0.0,-0.07,-1.008,-0.1,-0.17,-0.007,113363,-0.46,11,-0.45,-0.01,22,21,21,0,2,1,0,0,3,1,0,1,0,0,0,9,1,1,0,0.095,0.095,0.143,0.238,-0.075,-61.6,4300
350,송준석,23 LF,-0.024,4,2,9.0,1,1,0,0,1.0,1.0,0.07,-0.3,0.02,0.0,0.0,,0.0,0.0,-0.22,-7.92,-0.02,-0.24,-0.022,112003,-0.07,7,-0.05,-0.02,8,8,8,0,2,0,0,0,2,1,0,0,0,0,0,0,0,0,0,0.25,0.25,0.25,0.5,0.028,24.8,4500
351,김재상,23 3B,0.013,8,3,32.0,18,9,8,1,0.944,4.781,0.01,0.0,0.08,0.0,0.0,,0.0,0.0,0.09,1.62,0.035,0.125,0.009,154993,-0.02,17,-0.03,0.01,22,22,20,1,3,0,0,1,6,2,0,0,2,0,0,4,1,0,0,0.15,0.227,0.3,0.527,0.043,35.1,3000
352,강준서,23 CF,-0.016,9,4,39.0,8,8,0,0,1.0,1.846,-0.28,0.09,0.06,0.0,0.0,,0.0,0.0,-0.13,-2.08,-0.027,-0.157,-0.013,155013,-0.07,10,-0.06,-0.01,15,15,14,2,3,1,0,0,4,0,0,1,1,0,0,2,0,0,0,0.214,0.267,0.286,0.553,0.058,48.3,3000
353,이원석,23 1B,-0.811,48,42,371.0,344,305,31,8,0.977,8.151,-4.96,0.0,-0.29,0.0,0.0,,0.0,0.0,-5.18,-15.54,-2.765,-7.945,-0.529,101807,-1.9,70,-1.38,-0.53,273,272,247,16,54,6,0,1,63,20,0,0,20,3,1,59,8,1,2,0.219,0.283,0.255,0.538,0.053,46.0,20000
354,윌리엄스,23 LF,-0.609,58,57,462.0,109,103,3,3,0.972,2.065,-2.75,-1.31,-0.64,0.0,0.0,,0.0,0.0,-4.7,-11.669,-1.272,-5.972,-0.48,156479,-0.63,68,-0.15,-0.48,273,273,258,29,63,14,0,9,104,45,1,1,8,4,0,63,6,0,3,0.244,0.275,0.403,0.678,0.093,78.5,25000
355,오그레디,23 LF,-0.098,19,17,145.0,41,39,1,1,0.976,2.483,-0.04,-0.2,-0.24,0.0,0.0,,0.0,0.0,-0.48,-3.638,-0.481,-0.961,-0.049,155419,-0.98,22,-0.93,-0.05,86,86,80,3,10,3,0,0,13,8,1,0,5,0,0,40,0,0,1,0.125,0.174,0.163,0.337,-0.025,-20.8,70000
356,이명기,23 LF,0.015,4,2,23.0,9,8,0,1,0.889,3.13,0.72,-0.06,-0.45,0.0,0.0,,0.0,0.0,0.21,7.56,-0.06,0.15,0.021,101199,-0.37,14,-0.39,0.02,42,42,40,2,7,1,0,0,8,5,1,0,2,0,0,9,0,0,0,0.175,0.214,0.2,0.414,0.003,2.7,5000
357,김건희,23 1B,-0.168,9,3,30.0,26,22,3,1,0.962,7.5,-1.03,0.0,-0.44,0.0,0.0,,0.0,0.0,-1.48,-23.68,-0.171,-1.651,-0.151,154727,-0.23,9,-0.08,-0.15,13,13,11,0,2,0,0,0,2,0,0,0,2,0,0,4,1,0,0,0.182,0.308,0.182,0.49,0.055,47.8,3000
358,김재성,23 C,0.3,48,23,236.0,184,172,12,0,1.0,7.017,-0.5,0.0,0.57,0.0,1.13,,0.16,0.0,1.32,3.96,1.617,2.937,0.135,113443,0.45,57,0.32,0.13,125,123,99,7,19,3,0,1,25,7,0,1,19,5,1,31,4,2,0,0.192,0.35,0.253,0.603,0.1,82.3,7500
359,노수광,23 LF,-0.054,30,19,183.0,37,37,0,0,1.0,1.82,0.0,-0.3,0.3,0.0,0.0,,0.0,0.0,0.0,0.0,-0.529,-0.529,0.0,112689,-0.08,30,-0.08,0.0,94,92,77,6,17,5,0,0,22,4,2,1,13,0,0,27,3,2,2,0.221,0.326,0.286,0.612,0.091,76.7,10900
360,이원석,23 CF,0.167,76,27,336.0,106,101,3,2,0.981,2.786,1.59,0.11,-0.04,0.0,0.0,,0.0,0.0,1.66,3.145,-0.024,1.636,0.169,131389,-0.01,81,-0.18,0.17,138,138,116,20,22,1,1,0,25,8,13,3,21,1,0,33,3,0,0,0.19,0.319,0.216,0.535,0.071,60.5,3300
361,노시환,23 3B,0.352,125,121,1069.0,364,116,229,19,0.948,2.905,3.92,0.0,-0.49,-0.11,0.0,,0.0,0.0,3.45,3.974,-0.0,3.45,0.352,141259,6.53,131,6.17,0.35,595,590,514,85,153,30,1,31,278,101,2,1,74,4,5,118,13,0,3,0.298,0.388,0.541,0.929,0.188,160.0,13100
