Rank,Name,Team,WAAwithPOS,G,GS,IP,TC,PO,Ass,E,F%,RF9,Range RAA,Arm RAA,Err RAA,DP RAA,Bt RAA,CS RAA,Blk RAA,Frm RAA,종합 RAA,/144,POSAdj,RAAwithPOS,WAAwoPOS,pid
2,최재훈,23 C,1.18,120,106,884.1,774,704,67,3,99.6,7.85,0.65,,0.8,,-0.02,0.36,0.23,,1.95,2.24,9.62,11.57,0.199,101709
4,박상언,23 C,0.347,79,38,388.2,368,333,34,1,99.7,8.5,-0.39,,0.51,,-0.02,-0.17,-0.12,,-0.15,-0.24,3.55,3.41,-0.015,125879
6,정은원,23 2B,0.32,101,92,797.2,441,188,245,8,98.2,4.89,-2.03,,0.67,0.43,,,,,-0.93,-1.09,4.06,3.13,-0.095,131379
11,최인호,23 LF,0.137,37,35,271.1,77,76,0,1,98.7,2.52,3.09,-0.3,-0.01,,,,,,2.78,9.77,-1.44,1.34,0.284,147079
22,이민준,23 SS,0.054,4,0,8.0,2,1,1,0,100.0,2.25,0.47,,0.02,,,,,,0.49,17.69,0.04,0.53,0.05,154239
27,이재용,23 C,0.039,2,0,4.0,2,2,0,0,100.0,4.5,0.0,,0.01,,,,0.46,,0.33,23.9,0.05,0.38,0.034,129029
31,유상빈,23 RF,0.022,1,1,8.0,1,1,0,0,100.0,1.13,0.23,,0.02,,,,,,0.24,11.74,-0.03,0.21,0.025,151419
42,이성곤,23 1B,-0.045,1,0,3.0,3,3,0,0,100.0,9.0,-0.43,,0.01,,,,,,-0.42,-7.6,-0.02,-0.44,-0.043,112069
47,이상혁,23 CF,-0.098,2,0,6.0,2,2,0,0,100.0,3.0,-0.66,-0.31,0.01,,,,,,-0.96,-19.72,0.0,-0.96,-0.098,151399
50,허관회,23 C,-0.136,8,0,14.2,15,14,0,1,93.3,8.59,-0.88,,0.04,,,-0.19,-0.57,,-1.43,-20.63,0.1,-1.34,-0.146,142049
51,하주석,23 SS,-0.154,23,4,84.0,36,11,23,2,94.4,3.64,-2.73,,0.2,0.38,,,,,-2.15,-12.36,0.64,-1.51,-0.219,109139
63,박상원,23 P,,55,0,61.2,18,3,14,1,94.4,2.48,,,,,,,,,0.0,0.0,,,0.0,128719
63,장지승,23 LF,,1,0,2.0,0,0,0,0,0.0,0.0,-0.38,,0.0,,,,,,-0.38,-18.19,,,-0.039,148809
63,정우람,23 P,,52,0,40.1,1,0,1,0,100.0,0.22,,,,,,,,,0.0,,,,0.0,101569
63,윤대경,23 P,,47,0,47.2,7,1,6,0,100.0,1.32,,,,,,,,,0.0,0.0,,,0.0,111109
63,이태양,23 P,,50,12,100.1,19,6,13,0,100.0,1.7,,,,,,,,,0.0,0.0,,,0.0,106099
63,박준영,23 P,,4,0,4.1,1,0,1,0,100.0,2.08,,,,,,,,,0.0,0.0,,,0.0,150149
63,김서현,23 P,,20,1,22.1,4,0,4,0,100.0,1.61,,,,,,,,,0.0,0.0,,,0.0,154219
63,강재민,23 P,,43,0,43.1,5,0,5,0,100.0,1.04,,,,,,,,,0.0,,,,0.0,147089
1,오지환,23 SS,1.36,125,115,1010.2,465,176,275,14,97.0,4.02,3.31,,-0.59,0.68,,,,,3.4,3.88,9.94,13.34,0.346,104756
2,박동원,23 C,1.24,128,112,982.0,831,751,72,8,99.0,7.54,-0.64,,-1.42,,0.14,1.9,1.55,,1.07,1.18,11.09,12.15,0.109,103876
3,박해민,23 CF,0.92,142,136,1187.2,343,338,2,3,99.1,2.58,8.18,0.81,0.03,,,,,,9.02,9.02,0.0,9.02,0.92,111906
8,허도환,23 C,0.195,45,21,212.0,176,168,8,0,100.0,7.47,-0.2,,0.55,,,-0.63,0.48,,0.06,0.18,1.85,1.91,0.006,106846
20,전준호,23 C,0.005,2,0,3.0,4,4,0,0,100.0,12.0,0.0,,0.01,,,-0.04,0.08,,0.02,1.51,0.02,0.05,0.002,128646
26,이천웅,23 LF,-0.03,2,0,2.0,0,0,0,0,0.0,0.0,-0.29,,0.0,,,,,,-0.28,-10.19,-0.01,-0.29,-0.029,109356
30,송대현,23 SS,-0.082,3,0,6.0,3,1,1,1,66.7,3.0,-0.86,,0.01,,,,,,-0.84,-30.37,0.04,-0.8,-0.086,154926
44,김범석,23 1B,-0.251,5,5,43.0,45,38,5,2,95.6,9.0,-0.85,,-0.42,,-0.79,,,,-2.06,-29.73,-0.4,-2.46,-0.211,154846
46,문보경,23 3B,-0.33,128,126,1090.2,308,104,184,20,93.5,2.38,-2.45,,-0.94,0.49,-0.34,,,,-3.24,-3.56,0.0,-3.24,-0.33,141376
48,서건창,23 2B,-0.351,35,25,237.0,123,53,61,9,92.7,4.33,-1.4,,-1.83,-1.32,,,,,-4.55,-14.89,1.11,-3.44,-0.464,108556
49,김기연,23 C,-0.367,27,11,96.1,96,85,7,4,95.8,8.6,-0.05,,-1.73,,,-1.23,-2.12,,-4.49,-23.09,0.89,-3.6,-0.458,125496
51,김대현,23 P,,5,0,3.1,0,0,0,0,0.0,0.0,,,,,,,,,0.0,0.0,,,0.0,125326
51,김동규,23 P,,1,0,0.1,0,0,0,0,0.0,0.0,,,,,,,,,0.0,0.0,,,0.0,154856
51,고우석,23 P,,44,0,44.0,9,3,5,1,88.9,1.64,,,,,,,,,0.0,0.0,,,0.0,129076
51,박명근,23 P,,55,1,51.1,6,2,4,0,100.0,1.05,,,,,,,,,0.0,0.0,,,0.0,154866
51,최동환,23 P,,43,0,42.1,6,1,5,0,100.0,1.28,,,,,,,,,0.0,0.0,,,0.0,105356
51,채지선,23 P,,1,0,0.2,0,0,0,0,0.0,0.0,,,,,,,,,0.0,0.0,,,0.0,113876
51,오석주,23 P,,9,0,10.0,0,0,0,0,0.0,0.0,,,,,,,,,0.0,0.0,,,0.0,128606
51,이정용,23 P,,37,13,86.2,12,3,8,1,91.7,1.14,,,,,,,,,0.0,0.0,,,0.0,141346
1,유강남,23 C,0.911,109,98,821.0,778,714,60,4,99.5,8.48,0.32,,0.64,,-0.03,-2.81,2.72,,0.03,0.03,8.9,8.93,0.003,107532
2,노진혁,23 SS,0.72,107,95,827.0,373,142,220,11,97.1,3.94,-2.87,,0.96,1.48,,,,,-0.44,-0.56,7.5,7.06,-0.045,111652
3,손성빈,23 C,0.407,44,20,201.2,180,166,13,1,99.4,7.99,1.05,,0.03,,-0.01,1.54,-0.74,,2.09,6.7,1.9,3.99,0.213,147962
6,정보근,23 C,0.185,51,23,228.2,216,191,24,1,99.5,8.46,-0.52,,0.59,,,1.15,-2.42,,-0.47,-1.22,2.28,1.81,-0.048,131542
10,지시완,23 C,0.148,2,2,15.0,15,10,5,0,100.0,9.0,0.38,,0.04,,,0.4,0.71,,1.31,31.49,0.14,1.46,0.134,114132
23,국해성,23 LF,0.01,1,0,2.0,0,0,0,0,0.0,0.0,0.1,,0.0,,,,,,0.11,2.58,-0.01,0.1,0.011,101722
43,정대선,23 2B,-0.136,18,11,101.0,40,14,26,0,100.0,3.56,-1.36,,0.27,-0.68,,,,,-1.77,-13.4,0.43,-1.34,-0.18,154432
57,김민석,23 CF,-0.629,125,107,933.2,247,243,3,1,99.6,2.37,-7.19,-0.17,1.19,,,,,,-6.17,-6.89,0.0,-6.17,-0.629,152532
58,정훈,23 1B,-0.896,65,47,410.1,372,344,23,5,98.7,8.05,-5.25,,0.74,,-0.25,,,,-4.76,-8.58,-4.02,-8.78,-0.486,102532
59,김상수,23 P,,65,0,52.0,8,2,5,1,87.5,1.21,,,,,,,,,0.0,0.0,,,0.0,104272
59,최영환,23 P,,8,0,10.0,4,1,3,0,100.0,3.6,,,,,,,,,0.0,0.0,,,0.0,112762
59,김원중,23 P,,63,0,63.2,11,4,7,0,100.0,1.55,,,,,,,,,0.0,0.0,,,0.0,108252
3,김호령,23 CF,0.552,68,22,288.1,98,97,0,1,99.0,3.03,5.75,-0.22,-0.13,,,,,,5.41,10.25,0.0,5.41,0.552,112980
5,한준수,23 C,0.418,45,22,208.2,166,151,15,0,100.0,7.16,-0.2,,0.54,,-0.23,0.71,1.68,,1.99,5.97,2.11,4.1,0.203,131130
7,김태군,23 C,0.353,63,52,438.0,374,334,36,4,98.9,7.6,0.19,,-0.85,,0.01,1.16,-2.37,,-1.15,-1.45,4.61,3.46,-0.117,104590
8,신범수,23 C,0.28,35,26,238.0,201,191,10,0,100.0,7.6,0.68,,0.61,,0.39,-1.02,-0.37,,0.41,1.65,2.33,2.74,0.042,125410
10,한승택,23 C,0.141,48,32,273.1,243,223,18,2,99.2,7.94,-1.0,,0.21,,0.0,-0.83,0.8,,-1.06,-3.12,2.45,1.39,-0.108,111190
15,김선우,23 C,0.115,5,1,21.0,19,18,1,0,100.0,8.14,0.0,,0.05,,,0.19,1.03,,0.96,27.67,0.17,1.13,0.098,148220
17,주효상,23 C,0.082,18,11,90.0,95,88,7,0,100.0,9.5,0.3,,0.23,,0.19,-0.2,-0.76,,-0.02,-0.12,0.82,0.8,-0.002,125670
25,윤도현,23 3B,-0.037,1,0,5.0,2,1,0,1,50.0,1.8,0.12,,-0.48,,,,,,-0.36,-51.61,0.0,-0.36,-0.037,150580
38,오선우,23 1B,-0.156,29,4,82.2,93,89,3,1,98.9,10.02,-1.22,,0.15,,0.06,,,,-1.0,-4.38,-0.52,-1.52,-0.102,141810
39,황대인,23 1B,-0.157,54,50,389.1,391,355,33,3,99.2,8.97,2.69,,-0.28,,-0.33,,,,2.08,4.99,-3.62,-1.54,0.212,113060
41,고종욱,23 LF,-0.259,45,35,248.1,59,54,3,2,96.6,2.07,-0.63,-0.52,-0.05,,,,,,-1.2,-1.51,-1.34,-2.54,-0.122,106590
44,최형우,23 LF,-0.442,15,14,107.0,19,18,0,1,94.7,1.51,-3.2,-0.26,-0.31,,,,,,-3.76,-4.47,-0.57,-4.33,-0.383,103440
45,나성범,23 RF,-0.531,50,49,410.2,93,88,4,1,98.9,2.02,-4.09,0.27,0.79,,,,,,-3.03,-7.53,-2.17,-5.2,-0.309,111620
48,정해영,23 P,,52,0,49.1,11,3,7,1,90.9,1.82,,,,,,,,,0.0,0.0,,,0.0,146080
48,윤중현,23 P,,30,0,28.0,5,2,3,0,100.0,1.61,,,,,,,,,0.0,0.0,,,0.0,131220
48,황동하,23 P,,12,6,31.1,8,3,5,0,100.0,2.3,,,,,,,,,0.0,0.0,,,0.0,150630
48,박준표,23 P,,33,0,28.0,5,0,5,0,100.0,1.61,,,,,,,,,0.0,0.0,,,0.0,110700
48,김기훈,23 P,,27,0,31.1,2,0,2,0,100.0,0.57,,,,,,,,,0.0,0.0,,,0.0,141760
1,장성우,23 C,1.178,116,104,886.0,768,719,43,6,99.2,7.74,0.72,,-0.19,,0.01,-0.06,1.28,,1.37,1.51,10.18,11.55,0.14,102358
2,김상수,23 SS,0.613,129,123,1020.1,441,176,259,6,98.6,3.84,-3.58,,0.92,-1.5,,,,,-4.17,-4.65,10.18,6.01,-0.425,103208
19,김병준,23 CF,0.103,1,1,5.0,3,3,0,0,100.0,5.4,0.66,0.34,0.01,,,,,,1.01,48.41,0.0,1.01,0.103,150978
22,박경수,23 2B,0.087,101,52,503.0,301,118,179,4,98.7,5.31,-2.08,,0.86,0.03,,,,,-1.19,-1.6,2.04,0.85,-0.121,104698
38,배정대,23 CF,0.011,97,93,800.0,253,246,6,1,99.6,2.84,-2.66,1.75,1.02,,,,,,0.11,0.16,0.0,0.11,0.011,112128
41,문상인,23 C,-0.018,1,0,3.0,2,2,0,0,100.0,6.0,0.0,,0.01,,,,-0.3,,-0.2,-29.5,0.02,-0.18,-0.021,132278
44,박병호,23 1B,-0.03,92,89,730.1,735,669,61,5,99.3,9.0,6.2,,1.32,,-0.16,,,,7.37,8.03,-7.66,-0.29,0.751,104708
53,김준태,23 C,-0.082,35,16,162.2,123,108,11,4,96.7,6.58,0.26,,-1.56,,-0.01,0.48,-2.36,,-2.48,-5.18,1.68,-0.8,-0.253,108358
68,하준호,23 P,,12,0,13.0,2,0,2,0,100.0,1.38,,,,,,,,,0.0,0.0,,,0.0,103048
68,김민,23 P,,16,4,29.0,6,3,3,0,100.0,1.86,,,,,,,,,0.0,0.0,,,0.0,131678
68,김영현,23 P,,31,0,33.0,9,1,6,2,77.8,1.91,,,,,,,,,0.0,0.0,,,0.0,148698
68,이채호,23 P,,21,0,24.2,4,3,0,1,75.0,1.09,,,,,,,,,0.0,0.0,,,0.0,131308
68,이상동,23 P,,36,0,40.2,6,2,4,0,100.0,1.33,,,,,,,,,0.0,0.0,,,0.0,141098
68,김재윤,23 P,,59,0,65.2,13,5,7,1,92.3,1.64,,,,,,,,,0.0,0.0,,,0.0,114898
68,이선우,23 P,,22,4,37.1,6,1,5,0,100.0,1.45,,,,,,,,,0.0,0.0,,,0.0,141118
68,박영현,23 P,,67,0,75.1,12,5,7,0,100.0,1.43,,,,,,,,,0.0,0.0,,,0.0,150898
1,이재현,23 SS,1.301,140,135,1156.1,583,222,341,20,96.6,4.38,1.82,,0.74,-0.44,,,,,2.11,2.13,10.64,12.75,0.216,150343
2,강민호,23 C,0.646,101,94,786.2,631,579,49,3,99.5,7.18,-0.6,,0.55,,-0.56,-1.84,-0.71,,-2.95,-3.4,9.29,6.34,-0.301,102323
3,김태군,23 C,0.408,24,20,181.0,139,128,11,0,100.0,6.91,-0.28,,0.47,,-0.01,0.44,1.95,,1.98,2.51,2.02,4.0,0.202,104593
30,김도환,23 C,0.034,8,3,31.0,25,24,1,0,100.0,7.26,-0.09,,0.08,,,-0.1,0.38,,0.16,2.58,0.17,0.33,0.016,141153
36,이병헌,23 C,0.012,21,9,85.1,66,63,3,0,100.0,6.96,-0.09,,0.22,,,0.56,-1.84,,-0.61,-3.79,0.72,0.11,-0.062,141173
37,이상민,23 P,0.0,23,0,18.0,3,1,2,0,100.0,1.5,,,,,,,,,0.0,0.0,0.0,0.0,0.0,111693
40,김민수,23 C,-0.012,2,0,3.0,3,3,0,0,100.0,9.0,0.0,,0.01,,,-0.19,0.06,,-0.14,-10.18,0.02,-0.12,-0.014,112663
46,오재일,23 1B,-0.077,88,80,700.0,717,656,53,8,98.9,9.12,4.85,,0.28,,0.64,,,,5.77,7.84,-6.52,-0.75,0.588,104003
62,김지찬,23 2B,-0.16,91,85,696.1,410,170,224,16,96.1,5.09,-3.87,,0.39,-1.53,,,,,-5.0,-7.28,3.43,-1.57,-0.51,146183
65,이태훈,23 1B,-0.167,7,3,22.2,18,17,0,1,94.4,6.75,-1.02,,-0.45,,,,,,-1.48,-17.72,-0.16,-1.64,-0.151,131603
68,김동엽,23 LF,-0.271,8,6,44.0,11,10,0,1,90.9,2.05,-1.48,-0.51,-0.42,,,,,,-2.41,-5.02,-0.25,-2.66,-0.246,125483
73,이승현,23 P,,45,0,43.1,7,2,5,0,100.0,1.45,,,,,,,,,0.0,0.0,,,0.0,147983
73,오승환,23 P,,58,1,62.2,16,4,12,0,100.0,2.3,,,,,,,,,0.0,0.0,,,0.0,103673
73,이승현,23 P,,60,0,60.0,8,4,4,0,100.0,1.2,,,,,,,,,0.0,0.0,,,0.0,105273
73,김대우,23 P,,44,5,64.0,13,3,8,2,84.6,1.55,,,,,,,,,0.0,0.0,,,0.0,106853
73,이재익,23 P,,49,0,41.0,9,3,5,1,88.9,1.76,,,,,,,,,0.0,0.0,,,0.0,132443
73,김태훈,23 P,,63,0,55.2,17,4,13,0,100.0,2.75,,,,,,,,,0.0,0.0,,,0.0,108713
73,김서준,23 P,,8,1,7.2,0,0,0,0,0.0,0.0,,,,,,,,,0.0,0.0,,,0.0,150393
1,박성한,23 SS,1.447,128,124,1090.1,605,218,368,19,96.9,4.84,5.62,,-0.9,-1.1,,,,,3.62,4.08,10.56,14.18,0.37,129224
2,김민식,23 C,1.249,121,87,786.2,664,601,62,1,99.8,7.59,0.99,,1.54,,0.11,1.9,0.39,,4.81,5.67,7.44,12.25,0.49,107074
6,조형우,23 C,0.254,55,38,312.2,293,258,30,5,98.3,8.29,0.19,,-1.17,,-0.01,0.62,-0.14,,-0.47,-1.08,2.95,2.49,-0.047,148064
14,이재원,23 C,0.059,27,15,134.0,118,105,12,1,99.2,7.86,0.3,,-0.15,,-0.01,-1.54,1.2,,-0.55,-2.94,1.13,0.58,-0.056,100824
21,김건웅,23 1B,0.006,1,1,9.0,6,6,0,0,100.0,6.0,0.1,,0.02,,,,,,0.11,16.46,-0.06,0.05,0.012,154654
41,이흥련,23 C,-0.202,16,4,55.0,48,45,2,1,97.9,7.69,0.0,,-0.35,,-0.01,-0.98,-1.45,,-2.36,-21.25,0.38,-1.98,-0.241,111084
44,최정,23 3B,-0.256,114,112,934.1,258,70,175,13,95.0,2.36,-4.87,,1.67,0.69,0.01,,,,-2.51,-2.82,0.0,-2.51,-0.256,101064
49,전의산,23 1B,-0.322,45,37,296.0,292,268,20,4,98.6,8.76,-1.1,,0.54,,0.06,,,,-0.5,-1.29,-2.66,-3.16,-0.051,146994
50,추신수,23 RF,-0.324,25,24,187.1,43,42,1,0,100.0,2.07,-2.66,0.21,0.36,,,,,,-2.09,-2.69,-1.08,-3.17,-0.213,148884
53,문승원,23 P,,50,12,105.0,28,6,21,1,96.4,2.31,,,,,,,,,0.0,0.0,,,0.0,107834
53,서진용,23 P,,69,0,73.0,5,1,4,0,100.0,0.62,,,,,,,,,0.0,0.0,,,0.0,107844
53,고효준,23 P,,70,0,58.0,11,1,8,2,81.8,1.4,,,,,,,,,0.0,0.0,,,0.0,101244
53,이건욱,23 P,,27,1,38.2,7,1,5,1,85.7,1.4,,,,,,,,,0.0,0.0,,,0.0,112424
53,최민준,23 P,,52,0,60.0,9,3,6,0,100.0,1.35,,,,,,,,,0.0,0.0,,,0.0,131264
53,백승건,23 P,,24,2,38.0,6,0,5,1,83.3,1.18,,,,,,,,,0.0,0.0,,,0.0,141454
53,노경은,23 P,,74,0,83.0,15,6,8,1,93.3,1.52,,,,,,,,,0.0,0.0,,,0.0,102034
53,임준섭,23 P,,39,0,32.2,3,1,2,0,100.0,0.83,,,,,,,,,0.0,0.0,,,0.0,107954
2,박민우,23 2B,0.84,114,108,874.2,475,196,264,15,96.8,4.73,5.73,,-1.1,-1.1,,,,,3.53,4.1,4.71,8.24,0.36,111375
3,박세혁,23 C,0.809,86,72,620.0,566,524,41,1,99.8,8.2,0.38,,1.11,,0.28,-1.17,0.99,,1.29,2.1,6.65,7.93,0.131,108915
5,김형준,23 C,0.35,24,19,180.0,169,160,7,2,98.8,8.35,0.12,,-0.52,,,0.16,2.62,,1.59,8.8,1.85,3.44,0.162,130815
21,안중열,23 C,0.036,74,50,411.2,399,373,21,5,98.7,8.61,-0.22,,-1.41,,-0.3,1.06,-3.93,,-3.63,-6.78,3.98,0.36,-0.37,113295
25,박한결,23 LF,0.022,5,1,14.0,5,5,0,0,100.0,3.21,0.91,-0.64,0.02,,,,,,0.3,3.57,-0.08,0.22,0.03,154515
30,전사민,23 P,0.0,9,0,17.0,7,3,3,1,85.7,3.18,,,,,,,,,0.0,0.0,0.0,0.0,0.0,141565
31,박대온,23 C,-0.004,24,3,69.2,71,64,4,3,95.8,8.78,-0.09,,-0.81,,,-0.04,0.33,,-0.71,-4.1,0.67,-0.04,-0.073,112465
43,윤형준,23 1B,-0.15,74,57,476.0,470,431,35,4,99.1,8.81,3.63,,-0.62,,-0.16,,,,2.85,5.01,-4.32,-1.47,0.291,111355
48,오영수,23 1B,-0.243,66,61,482.0,450,417,25,8,98.2,8.25,2.37,,-0.12,,-0.06,,,,2.2,4.52,-4.58,-2.38,0.224,130825
54,배민서,23 P,,6,0,6.2,2,2,0,0,100.0,2.7,,,,,,,,,0.0,,,,0.0,141585
54,김시훈,23 P,,60,0,52.2,8,1,6,1,87.5,1.2,,,,,,,,,0.0,0.0,,,0.0,130805
54,류진욱,23 P,,70,0,67.0,16,2,14,0,100.0,2.15,,,,,,,,,0.0,0.0,,,0.0,113555
54,한재승,23 P,,10,0,9.2,1,0,0,1,0.0,0.0,,,,,,,,,0.0,0.0,,,0.0,147645
54,이용찬,23 P,,60,0,61.0,17,7,9,1,94.1,2.36,,,,,,,,,0.0,0.0,,,0.0,102175
54,채지선,23 P,,2,0,2.2,1,1,0,0,100.0,3.38,,,,,,,,,0.0,0.0,,,0.0,113875
1,양의지,23 C,1.361,97,94,773.0,686,635,48,3,99.6,7.95,0.14,,1.5,,-0.08,1.63,1.62,,4.32,4.82,9.02,13.34,0.44,101651
3,허경민,23 3B,0.499,126,116,997.2,250,90,155,5,98.0,2.21,3.33,,1.81,-0.43,0.18,,,,4.9,5.42,0.0,4.9,0.499,101841
5,정수빈,23 CF,0.469,135,131,1111.0,326,318,8,0,100.0,2.64,2.32,0.86,1.41,,,,,,4.6,4.83,0.0,4.6,0.469,101951
9,장승현,23 C,0.298,75,37,390.1,343,312,29,2,99.4,7.86,-0.86,,0.51,,-0.01,-0.32,-0.21,,-0.82,-1.55,3.74,2.93,-0.083,110971
22,강진성,23 1B,0.037,2,0,2.0,4,4,0,0,100.0,18.0,0.4,,0.0,,,,,,0.4,1.0,-0.04,0.36,0.041,111481
23,김민혁,23 1B,0.024,12,5,56.0,57,52,4,1,98.2,9.0,1.02,,-0.39,,0.06,,,,0.69,4.73,-0.46,0.23,0.07,129701
34,박유연,23 C,-0.028,10,5,41.1,38,36,1,1,97.4,8.06,-0.09,,-0.39,,-0.01,0.32,-0.67,,-0.64,-9.15,0.36,-0.28,-0.065,128921
49,안승한,23 C,-0.256,21,8,80.0,57,52,3,2,96.5,6.19,-0.15,,-0.78,,-0.01,-1.63,-0.73,,-3.08,-20.17,0.58,-2.51,-0.314,113281
54,양석환,23 1B,-0.519,111,111,920.2,859,785,64,10,98.8,8.3,4.03,,0.18,,-0.18,,,,4.03,4.15,-9.12,-5.09,0.411,112131
55,김재환,23 LF,-0.59,58,55,440.0,118,114,3,1,99.2,2.39,-3.12,-0.7,0.29,,,,,,-3.53,-3.85,-2.26,-5.79,-0.36,106431
58,박신지,23 P,,14,1,26.0,0,0,0,0,0.0,0.0,,,,,,,,,0.0,0.0,,,0.0,130701
58,홍건희,23 P,,64,0,61.2,10,1,7,2,80.0,1.17,,,,,,,,,0.0,0.0,,,0.0,106961
58,최승용,23 P,,34,20,111.0,23,3,19,1,95.7,1.78,,,,,,,,,0.0,0.0,,,0.0,147701
58,정철원,23 P,,67,0,72.2,17,6,9,2,88.2,1.86,,,,,,,,,0.0,0.0,,,0.0,130711
58,김정우,23 P,,7,0,6.2,0,0,0,0,0.0,0.0,,,,,,,,,0.0,0.0,,,0.0,131241
58,박정수,23 P,,25,0,36.2,9,2,7,0,100.0,2.21,,,,,,,,,0.0,0.0,,,0.0,113001
58,박치국,23 P,,60,0,52.2,5,2,3,0,100.0,0.85,,,,,,,,,0.0,0.0,,,0.0,128501
58,김민규,23 P,,6,1,8.1,0,0,0,0,0.0,0.0,,,,,,,,,0.0,,,,0.0,130721
58,이형범,23 P,,23,0,27.2,5,2,1,2,60.0,0.98,,,,,,,,,0.0,0.0,,,0.0,111591
2,이정후,23 CF,0.739,81,80,698.0,210,204,5,1,99.5,2.69,5.52,1.34,0.39,,,,,,7.25,12.14,0.0,7.25,0.739,129067
3,이지영,23 C,0.691,78,69,539.0,503,467,32,4,99.2,8.33,-0.26,,-0.59,,0.02,0.92,1.6,,1.2,2.14,5.57,6.77,0.123,103127
4,김동헌,23 C,0.457,100,48,522.0,424,377,43,4,99.1,7.24,-0.53,,-0.14,,-0.02,0.29,-0.96,,-1.07,-1.5,5.54,4.48,-0.109,154737
7,김시앙,23 C,0.252,32,24,198.1,147,134,13,0,100.0,6.67,-0.06,,0.51,,-0.01,-0.64,0.99,,0.51,2.2,1.97,2.47,0.052,148517
8,러셀,23 SS,0.22,51,49,407.2,184,68,113,3,98.4,4.0,-3.31,,0.46,0.92,,,,,-1.93,-4.7,4.08,2.15,-0.196,147427
31,이승원,23 SS,-0.069,4,2,11.0,6,2,3,1,83.3,4.09,-0.63,,-0.47,0.36,,,,,-0.74,-26.66,0.06,-0.68,-0.076,154767
47,김재현,23 C,-0.152,8,3,29.0,16,16,0,0,100.0,4.97,-0.09,,0.07,,,-0.57,-1.64,,-1.73,-31.2,0.24,-1.49,-0.177,108707
58,김웅빈,23 1B,-0.241,13,9,73.2,76,68,6,2,97.4,9.04,-1.66,,0.13,,-0.16,,,,-1.68,-8.35,-0.68,-2.36,-0.171,125037
64,이형종,23 RF,-0.575,77,61,571.2,123,117,4,2,98.4,1.9,-3.42,0.52,0.11,,,,,,-2.79,-4.05,-2.85,-5.64,-0.284,125167
67,원종현,23 P,,20,0,18.2,4,2,2,0,100.0,1.93,,,,,,,,,0.0,0.0,,,0.0,111617
67,김동혁,23 P,,35,2,39.1,8,1,6,1,87.5,1.6,,,,,,,,,0.0,0.0,,,0.0,146747
67,김성진,23 P,,55,0,47.0,7,1,5,1,85.7,1.15,,,,,,,,,0.0,0.0,,,0.0,148497
67,후라도,23 P,,30,30,183.2,50,13,37,0,100.0,2.45,,,,,,,,,0.0,0.0,,,0.0,155317
67,문성현,23 P,,31,0,28.1,5,2,3,0,100.0,1.59,,,,,,,,,0.0,0.0,,,0.0,104377
67,김재웅,23 P,,66,0,59.2,9,1,8,0,100.0,1.36,,,,,,,,,0.0,0.0,,,0.0,128587
67,임창민,23 P,,51,0,46.2,4,2,2,0,100.0,0.77,,,,,,,,,0.0,0.0,,,0.0,104527
67,하영민,23 P,,57,0,52.1,15,1,11,3,80.0,2.06,,,,,,,,,0.0,0.0,,,0.0,112227
67,김선기,23 P,,17,7,43.2,14,3,9,2,85.7,2.47,,,,,,,,,0.0,0.0,,,0.0,130927
67,이명종,23 P,,45,2,57.0,10,2,8,0,100.0,1.58,,,,,,,,,0.0,0.0,,,0.0,150737
67,김태훈,23 P,,8,0,7.2,1,0,1,0,100.0,1.17,,,,,,,,,0.0,0.0,,,0.0,108717
67,김준형,23 P,,7,0,7.2,0,0,0,0,0.0,0.0,,,,,,,,,0.0,0.0,,,0.0,148487
67,김동규,23 P,,3,1,4.0,0,0,0,0,0.0,0.0,,,,,,,,,0.0,0.0,,,0.0,154857
67,윤정현,23 P,,4,0,6.0,1,0,1,0,100.0,1.5,,,,,,,,,0.0,0.0,,,0.0,141317
67,양현,23 P,,54,0,57.0,14,3,11,0,100.0,2.21,,,,,,,,,0.0,0.0,,,0.0,107307
5,신민재,23 2B,0.489,113,76,732.0,411,171,231,9,0.978,4.943,1.2,0.25,0.44,0.41,0.0,,0.0,0.0,2.3,2.931,2.492,4.792,0.235,130566
17,이상호,23 2B,-0.07,63,10,173.0,82,45,36,1,0.988,4.214,-0.98,0.0,0.42,-0.23,0.0,,0.0,0.0,-0.8,-1.829,0.117,-0.683,-0.082,111478
32,구드럼,23 3B,-0.73,55,45,383.0,130,39,78,13,0.9,2.749,-7.16,-0.32,-0.6,0.57,0.0,,0.0,0.0,-7.39,-19.348,0.234,-7.156,-0.754,156512
60,김태진,23 3B,-0.36,63,42,382.0,162,70,84,8,0.951,3.628,-2.69,0.0,-0.56,-1.1,0.0,,0.0,0.0,-3.78,-8.64,0.25,-3.53,-0.386,112447
12,박승욱,23 2B,-0.097,139,81,774.0,390,138,241,11,0.972,4.407,-2.14,0.0,-0.5,0.38,0.0,,0.0,0.0,-2.17,-2.248,1.223,-0.947,-0.221,108042
47,전민재,23 3B,-0.143,17,3,47.0,15,8,7,0,1.0,2.872,-1.94,0.0,0.12,0.35,0.0,,0.0,0.0,-1.42,-12.028,0.017,-1.403,-0.145,130731
29,손호영,23 SS,-0.107,27,10,106.0,64,29,30,5,0.922,5.009,-2.06,0.0,-0.24,0.95,0.0,,0.0,0.0,-1.35,-7.2,0.305,-1.045,-0.138,145906
42,정주현,23 1B,-0.881,92,12,262.0,171,114,47,10,0.942,5.531,-6.64,0.0,-0.41,-1.39,0.0,,0.0,0.0,-8.38,-13.117,-0.25,-8.63,-0.855,104806
39,김호재,23 3B,0.026,76,35,333.0,174,107,65,2,0.989,4.649,-0.7,0.0,0.76,0.34,0.0,,0.0,0.0,0.3,0.568,-0.049,0.251,0.031,132403
7,강한울,23 3B,0.292,74,58,507.0,169,60,102,7,0.959,2.876,2.7,0.0,0.7,-0.39,0.0,,0.0,0.0,2.82,5.488,0.043,2.863,0.288,112553
64,이성규,23 RF,0.233,96,36,406.0,169,160,6,3,0.982,3.68,2.2,0.61,-0.36,0.0,0.0,,0.0,0.0,2.52,3.78,-0.236,2.284,0.257,125623
19,도태훈,23 1B,0.516,133,66,716.0,419,313,102,4,0.99,5.216,5.41,0.0,0.54,0.12,0.0,,0.0,0.0,6.02,6.518,-0.965,5.055,0.614,125605
59,문현빈,23 CF,-0.033,134,111,926.0,344,217,118,9,0.974,3.256,0.01,0.63,-1.23,-0.48,0.0,,0.0,0.0,-1.09,-1.171,0.764,-0.326,-0.111,154229
13,최정용,23 2B,0.342,49,7,128.0,74,24,49,1,0.986,5.133,2.64,0.0,0.33,-0.22,0.0,,0.0,0.0,3.18,9.345,0.174,3.354,0.324,114070
47,최원준,23 1B,-0.298,70,56,511.0,372,349,15,8,0.978,6.411,0.45,-0.29,-1.12,0.0,0.0,,0.0,0.0,-0.96,-1.975,-1.957,-2.917,-0.098,125340
32,김규성,23 2B,0.27,105,46,472.0,280,151,121,8,0.971,5.186,0.62,0.0,-0.33,1.61,0.0,,0.0,0.0,1.94,2.661,0.702,2.642,0.198,125400
42,이창진,23 LF,-0.159,91,56,517.0,125,118,6,1,0.992,2.159,-0.76,0.27,0.43,0.0,0.0,,0.0,0.0,-0.06,-0.095,-1.502,-1.562,-0.006,112330
4,김민성,23 2B,0.536,120,79,665.0,364,201,155,8,0.978,4.818,3.41,0.0,0.62,0.42,0.0,,0.0,0.0,4.73,5.676,0.52,5.25,0.483,102386
58,오선진,23 SS,-0.203,84,43,401.0,166,78,84,4,0.976,3.636,-1.6,0.0,0.44,-1.7,0.0,,0.0,0.0,-2.86,-4.903,0.871,-1.989,-0.292,105579
44,권광민,23 LF,-0.402,55,11,180.0,62,57,2,3,0.952,2.95,-3.64,0.56,-0.7,0.0,0.0,,0.0,0.0,-3.76,-9.844,-0.183,-3.943,-0.384,136769
67,문상철,23 1B,-0.504,37,17,178.0,146,135,9,2,0.986,7.281,-3.98,0.08,-0.18,0.0,0.0,,0.0,0.0,-4.01,-15.606,-0.926,-4.936,-0.409,113338
45,오태곤,23 1B,-0.322,129,67,676.0,514,468,40,6,0.988,6.763,-0.84,0.82,-0.76,0.0,0.0,,0.0,0.0,-0.72,-0.804,-2.432,-3.152,-0.073,102494
40,김태연,23 1B,0.452,77,58,458.0,287,245,39,3,0.99,5.581,5.1,-0.2,0.42,0.28,0.0,,0.0,0.0,5.51,10.304,-1.077,4.433,0.562,125859
61,윤정빈,23 1B,-0.059,28,11,103.0,54,52,2,0,1.0,4.718,-0.59,-0.08,0.18,0.0,0.0,,0.0,0.0,-0.43,-2.211,-0.147,-0.577,-0.044,131613
26,박정현,23 SS,-0.095,54,27,262.0,121,60,52,9,0.926,3.847,-1.27,0.0,-0.38,-0.13,0.0,,0.0,0.0,-1.79,-4.773,0.863,-0.927,-0.183,147049
38,송재선,23 RF,-0.086,5,1,13.0,1,1,0,0,1.0,0.692,-0.66,-0.2,0.02,0.0,0.0,,0.0,0.0,-0.83,-23.904,-0.008,-0.838,-0.085,154777
27,신성현,23 1B,0.01,7,2,27.0,17,16,1,0,1.0,5.667,-0.01,0.16,0.05,0.0,0.0,,0.0,0.0,0.19,3.909,-0.09,0.1,0.019,114921
52,김건,23 1B,-0.169,3,1,11.0,5,3,1,1,0.8,3.273,-1.17,0.0,-0.48,0.0,0.0,,0.0,0.0,-1.64,-78.72,-0.02,-1.66,-0.167,142099
56,장진혁,23 CF,-0.19,73,40,388.0,87,85,1,1,0.989,1.995,-1.21,-0.47,0.13,0.0,0.0,,0.0,0.0,-1.56,-3.077,-0.302,-1.862,-0.159,125839
17,최승민,23 CF,0.013,21,1,52.0,16,16,0,0,1.0,2.769,1.17,-1.11,0.07,0.0,0.0,,0.0,0.0,0.14,0.96,-0.012,0.128,0.014,141876
53,김주형,23 SS,-0.193,42,21,222.0,92,22,68,2,0.978,3.649,-0.81,0.0,0.03,-2.35,0.0,,0.0,0.0,-3.13,-10.731,1.235,-1.895,-0.319,142147
14,김준완,23 LF,0.006,72,44,414.0,104,101,3,0,1.0,2.261,-0.67,0.97,0.74,0.0,0.0,,0.0,0.0,1.05,2.1,-0.991,0.059,0.107,111827
63,임지열,23 1B,-0.667,71,46,426.0,318,290,22,6,0.981,6.592,-4.6,0.86,-0.71,0.0,0.0,,0.0,0.0,-4.73,-9.593,-1.804,-6.534,-0.483,112257
32,박준태,23 RF,-0.186,13,4,49.0,8,7,0,1,0.875,1.286,-1.07,-0.75,0.09,0.0,0.0,,0.0,0.0,-1.73,-19.163,-0.089,-1.819,-0.177,112607
5,황성빈,23 LF,0.592,76,46,414.0,123,120,2,1,0.992,2.652,5.64,1.14,0.21,0.0,0.0,,0.0,0.0,6.98,13.225,-1.177,5.803,0.712,146422
14,안권수,23 LF,0.467,117,68,613.0,195,186,6,3,0.985,2.819,5.69,0.33,-0.45,0.0,0.0,,0.0,0.0,5.57,6.855,-0.989,4.581,0.568,145712
7,박준영,23 3B,0.68,50,33,296.0,120,39,77,4,0.967,3.527,5.31,0.0,-0.3,1.2,0.0,,0.0,0.0,6.3,18.144,0.368,6.668,0.643,125221
52,홍성호,23 RF,-0.413,14,10,86.0,18,17,0,1,0.944,1.779,-1.77,-1.71,-0.33,0.0,0.0,,0.0,0.0,-3.82,-39.291,-0.231,-4.051,-0.39,126061
15,조수행,23 RF,0.428,144,49,580.0,163,159,2,2,0.988,2.498,3.57,1.31,0.01,0.0,0.0,,0.0,0.0,4.89,4.89,-0.695,4.195,0.499,125241
12,천재환,23 CF,0.189,82,33,391.0,104,101,3,0,1.0,2.394,1.52,-0.08,0.57,0.0,0.0,,0.0,0.0,2.0,3.512,-0.146,1.854,0.204,132615
17,김동혁,23 RF,0.069,12,2,21.0,4,4,0,0,1.0,1.714,0.9,-0.22,0.03,0.0,0.0,,0.0,0.0,0.71,8.52,-0.038,0.672,0.072,156452
36,최보성,23 3B,-0.126,12,4,44.0,18,12,5,1,0.944,3.477,-1.3,0.0,0.09,0.0,0.0,,0.0,0.0,-1.2,-14.4,-0.032,-1.232,-0.122,130875
6,소크라테스,23 CF,0.324,200,140,1207.0,355,345,3,7,0.98,2.595,4.94,-0.14,-1.2,0.0,0.0,,0.0,0.0,3.61,2.599,-0.43,3.18,0.368,149960
37,김민수,23 3B,-0.235,21,14,119.0,60,44,14,2,0.967,4.387,-1.86,0.0,-0.24,-0.15,0.0,,0.0,0.0,-2.14,-14.674,-0.162,-2.302,-0.218,129312
25,이학주,23 3B,-0.249,110,30,350.0,153,51,93,9,0.941,3.703,-1.24,0.0,-0.67,-1.21,0.0,,0.0,0.0,-3.04,-3.98,0.598,-2.442,-0.31,141142
7,이호연,23 2B,0.348,86,60,463.0,264,116,139,9,0.966,4.957,0.79,0.0,-0.28,1.58,0.0,,0.0,0.0,2.18,3.65,1.23,3.41,0.222,131518
4,서호철,23 3B,0.751,128,101,884.0,322,111,197,14,0.957,3.136,5.09,0.0,0.14,1.47,0.0,,0.0,0.0,7.11,7.999,0.247,7.357,0.725,142205
5,송민섭,23 RF,0.407,64,1,124.0,42,42,0,0,1.0,3.048,3.28,0.57,0.22,0.0,0.0,,0.0,0.0,4.07,9.158,-0.079,3.991,0.415,113428
6,정준영,23 LF,0.21,36,7,128.0,44,41,2,1,0.977,3.023,1.56,0.86,-0.3,0.0,0.0,,0.0,0.0,2.15,8.6,-0.089,2.061,0.219,155198
14,장준원,23 SS,0.291,75,26,288.0,113,39,72,2,0.982,3.469,-0.04,0.0,0.67,1.46,0.0,,0.0,0.0,2.18,4.186,0.667,2.847,0.222,112148
43,예진원,23 LF,-0.374,15,7,68.0,15,14,1,0,1.0,1.985,-3.91,0.25,0.13,0.0,0.0,,0.0,0.0,-3.55,-34.08,-0.119,-3.669,-0.362,130937
5,박수종,23 RF,0.295,21,11,111.0,38,37,1,0,1.0,3.081,2.7,0.33,0.22,0.0,0.0,,0.0,0.0,3.22,22.08,-0.327,2.893,0.329,151327
10,홍창기,23 RF,0.569,143,130,1123.0,285,276,7,2,0.993,2.268,7.6,0.4,1.1,0.0,0.0,,0.0,0.0,9.11,9.174,-3.534,5.576,0.929,125466
6,송성문,23 3B,0.289,120,93,848.0,362,211,141,10,0.972,3.736,3.4,0.0,-0.09,-0.52,0.0,,0.0,0.0,3.13,3.756,-0.3,2.83,0.319,113767
62,임병욱,23 RF,-0.19,68,48,454.0,119,114,2,3,0.975,2.3,-1.6,0.98,-0.72,0.0,0.0,,0.0,0.0,-1.32,-2.795,-0.545,-1.865,-0.135,112267
11,문성주,23 LF,0.461,142,107,990.0,268,260,5,3,0.989,2.409,6.85,-0.63,0.82,0.0,0.0,,0.0,0.0,7.04,7.139,-2.519,4.521,0.718,131126
30,유로결,23 RF,-0.0,27,14,134.0,25,24,1,0,1.0,1.679,0.11,-0.15,0.24,0.0,0.0,,0.0,0.0,0.19,1.013,-0.191,-0.001,0.019,141269
11,안재석,23 SS,0.257,23,15,139.0,70,27,42,1,0.986,4.468,0.69,0.0,0.34,1.02,0.0,,0.0,0.0,2.04,12.772,0.476,2.516,0.208,147711
48,박계범,23 SS,-0.101,76,44,422.0,201,72,120,9,0.955,4.095,1.08,0.0,-0.95,-2.76,0.0,,0.0,0.0,-2.62,-4.964,1.633,-0.987,-0.267,111981
33,안익훈,23 RF,0.005,14,4,56.0,13,13,0,0,1.0,2.089,0.38,-0.35,0.1,0.0,0.0,,0.0,0.0,0.14,1.44,-0.091,0.049,0.014,113476
12,이유찬,23 2B,0.455,100,62,582.0,340,143,181,16,0.953,5.01,4.89,0.0,-2.45,0.52,0.0,,0.0,0.0,2.95,4.248,1.506,4.456,0.301,128941
30,박지훈,23 1B,-0.096,17,4,52.0,38,36,2,0,1.0,6.577,-0.56,0.0,0.1,-0.26,0.0,,0.0,0.0,-0.73,-6.184,-0.209,-0.939,-0.074,147361
31,김태근,23 RF,-0.393,38,11,154.0,40,34,2,4,0.9,2.104,-2.39,0.48,-1.7,0.0,0.0,,0.0,0.0,-3.62,-13.718,-0.231,-3.851,-0.369,141751
41,이재원,23 LF,-0.197,42,28,205.0,70,64,4,2,0.971,2.985,-0.77,0.11,-0.62,0.0,0.0,,0.0,0.0,-1.23,-4.217,-0.702,-1.932,-0.125,131046
15,이주형,23 CF,0.0,32,31,268.0,91,91,0,0,1.0,3.056,1.24,-1.57,0.38,0.0,0.0,,0.0,0.0,0.06,0.27,-0.056,0.004,0.006,145917
59,박주홍,23 LF,-0.119,20,16,106.0,63,61,2,0,1.0,5.349,-1.32,0.3,0.19,0.0,0.0,,0.0,0.0,-0.82,-5.904,-0.348,-1.168,-0.084,145807
55,신준우,23 SS,-0.171,23,4,52.0,31,11,18,2,0.935,5.019,-1.74,0.0,-0.37,0.28,0.0,,0.0,0.0,-1.83,-11.457,0.155,-1.675,-0.187,146957
66,조용호,23 RF,-0.256,61,39,345.0,66,62,3,1,0.985,1.696,-2.51,1.1,0.16,0.0,0.0,,0.0,0.0,-1.25,-2.951,-1.26,-2.51,-0.128,129438
46,류현인,23 2B,-0.184,16,5,60.0,25,8,16,1,0.96,3.6,-1.27,0.0,0.15,0.03,0.0,,0.0,0.0,-1.85,-16.65,0.045,-1.805,-0.189,155238
48,김찬형,23 3B,-0.051,36,10,140.0,59,18,38,3,0.949,3.6,0.12,0.0,-0.65,0.26,0.0,,0.0,0.0,-0.53,-2.12,0.034,-0.496,-0.054,126224
8,하재훈,23 LF,0.221,70,48,468.0,114,107,5,2,0.982,2.154,3.35,0.01,-0.13,0.0,0.0,,0.0,0.0,3.21,6.603,-1.046,2.164,0.328,141474
16,최상민,23 RF,0.216,42,6,114.0,36,36,0,0,1.0,2.842,2.16,-0.16,0.18,0.0,0.0,,0.0,0.0,2.19,7.509,-0.069,2.121,0.223,131954
43,김상민,23 RF,-0.241,8,3,31.0,14,14,0,0,1.0,4.065,-2.72,0.33,0.06,0.0,0.0,,0.0,0.0,-2.33,-41.94,-0.03,-2.36,-0.238,150423
59,홍현빈,23 CF,-0.05,45,20,200.0,63,62,1,0,1.0,2.835,-0.73,-0.01,0.28,0.0,0.0,,0.0,0.0,-0.46,-1.472,-0.028,-0.488,-0.047,129418
11,신본기,23 SS,0.079,49,19,198.0,97,42,52,3,0.969,4.273,0.38,0.0,0.0,0.13,0.0,,0.0,0.0,0.49,1.44,0.285,0.775,0.05,108408
31,이해승,23 3B,0.049,9,1,19.0,9,4,5,0,1.0,4.263,0.55,0.0,0.04,-0.22,0.0,,0.0,0.0,0.47,7.52,0.013,0.483,0.048,141213
1,이도윤,23 SS,1.278,115,92,809.0,406,172,226,8,0.98,4.428,4.89,0.0,0.92,1.33,0.0,,0.0,0.0,7.15,8.953,5.375,12.525,0.73,114149
5,김동진,23 2B,0.496,51,31,302.0,173,65,102,6,0.965,4.977,3.19,0.0,-0.2,1.06,0.0,,0.0,0.0,4.06,11.464,0.803,4.863,0.414,148633
7,이진영,23 RF,0.213,132,95,845.0,231,215,11,5,0.978,2.407,5.17,-0.48,-1.0,0.0,0.0,,0.0,0.0,3.7,4.036,-1.614,2.086,0.378,125399
51,류지혁,23 3B,-0.055,81,61,520.0,274,191,81,2,0.993,4.708,-0.66,0.0,1.14,-0.97,0.0,,0.0,0.0,-0.02,-0.036,-0.519,-0.539,-0.002,108943
10,김성윤,23 RF,0.414,100,55,548.0,152,147,3,2,0.987,2.464,4.42,0.42,-0.05,0.0,0.0,,0.0,0.0,4.79,6.898,-0.734,4.056,0.489,129363
3,김성현,23 2B,0.276,121,84,790.0,419,176,229,14,0.967,4.614,1.97,0.0,-0.47,-0.26,0.0,,0.0,0.0,1.33,1.583,1.375,2.705,0.136,106364
44,안주형,23 2B,-0.339,35,16,155.0,84,40,42,2,0.976,4.761,-4.76,0.0,0.41,0.7,0.0,,0.0,0.0,-3.67,-15.099,0.349,-3.321,-0.374,129883
18,안상현,23 2B,-0.065,52,14,182.0,98,39,57,2,0.98,4.747,-0.64,0.0,-0.01,-0.46,0.0,,0.0,0.0,-1.12,-3.102,0.485,-0.635,-0.114,126134
29,이시원,23 RF,0.008,25,6,89.0,28,28,0,0,1.0,2.831,0.68,-0.61,0.16,0.0,0.0,,0.0,0.0,0.21,1.21,-0.128,0.082,0.021,125268
36,오윤석,23 1B,0.077,87,57,496.0,406,309,95,2,0.995,7.331,2.02,0.0,1.06,-1.1,0.0,,0.0,0.0,2.04,3.377,-1.281,0.759,0.208,113978
27,손민석,23 2B,0.044,12,3,35.0,23,10,12,1,0.957,5.657,0.28,0.0,0.09,0.0,0.0,,0.0,0.0,0.37,4.44,0.062,0.432,0.038,155208
65,안치영,23 RF,-0.198,71,33,329.0,66,62,2,2,0.97,1.751,-0.82,0.21,-0.36,0.0,0.0,,0.0,0.0,-0.99,-2.008,-0.946,-1.936,-0.101,130068
43,류지혁,23 3B,-0.621,67,57,472.0,156,62,90,4,0.974,2.898,-4.83,0.0,0.11,-1.21,0.0,,0.0,0.0,-6.1,-13.11,0.01,-6.09,-0.622,108940
19,홍종표,23 2B,0.055,24,1,39.0,19,8,11,0,1.0,4.385,0.29,0.0,0.1,0.1,0.0,,0.0,0.0,0.49,2.94,0.05,0.54,0.05,146120
9,김민혁,23 RF,0.644,122,98,767.0,195,190,1,4,0.979,2.241,9.18,-1.04,-0.68,0.0,0.0,,0.0,0.0,7.48,8.829,-1.169,6.311,0.763,113398
9,한석현,23 LF,0.125,30,13,146.0,46,44,0,2,0.957,2.712,2.77,-0.56,-0.76,0.0,0.0,,0.0,0.0,1.45,6.96,-0.22,1.23,0.148,132505
20,김성욱,23 RF,0.021,102,41,441.0,99,98,1,0,1.0,2.02,-1.53,1.43,0.73,0.0,0.0,,0.0,0.0,0.63,0.889,-0.425,0.205,0.064,111535
41,최정원,23 CF,0.045,24,9,106.0,45,22,23,0,1.0,3.821,0.54,0.12,0.23,-0.58,0.0,,0.0,0.0,0.3,1.8,0.137,0.438,0.031,142215
29,강진성,23 1B,-0.089,39,31,254.0,240,224,15,1,0.996,8.469,-0.01,0.19,0.46,0.0,0.0,,0.0,0.0,0.7,2.585,-1.574,-0.874,0.071,111484
56,고승민,23 1B,-0.454,94,71,605.0,456,417,37,2,0.996,6.754,-1.92,-0.63,1.1,0.0,0.0,,0.0,0.0,-1.29,-1.976,-3.158,-4.448,-0.132,141602
13,장두성,23 CF,0.201,22,1,51.0,12,12,0,0,1.0,2.118,1.88,0.03,0.06,0.0,0.0,,0.0,0.0,1.97,12.895,-0.0,1.97,0.201,131552
15,배영빈,23 SS,-0.019,17,5,51.0,24,8,14,2,0.917,3.882,0.43,0.0,-0.38,-0.43,0.0,,0.0,0.0,-0.38,-3.219,0.191,-0.189,-0.039,156252
27,윤동희,23 RF,-0.29,116,89,809.0,188,182,2,4,0.979,2.047,0.38,0.2,-0.47,0.0,0.0,,0.0,0.0,0.12,0.149,-2.963,-2.843,0.012,150482
42,최항,23 1B,-0.387,11,6,48.0,38,31,3,4,0.895,6.375,-3.33,0.0,-0.41,0.0,0.0,,0.0,0.0,-3.63,-47.52,-0.165,-3.795,-0.37,108104
43,최지훈,23 CF,-0.361,129,110,966.0,257,249,5,3,0.988,2.366,-3.98,0.68,-0.2,0.0,0.0,,0.0,0.0,-3.48,-3.885,-0.062,-3.542,-0.355,145874
7,김한별,23 SS,0.202,80,23,289.0,124,32,87,5,0.96,3.706,0.88,0.0,0.2,-0.18,0.0,,0.0,0.0,0.91,1.638,1.066,1.976,0.093,147165
9,김영웅,23 3B,0.323,56,21,260.0,80,19,55,6,0.925,2.562,2.98,0.0,0.1,0.36,0.0,,0.0,0.0,3.09,7.946,0.072,3.162,0.315,150353
51,렉스,23 RF,-0.369,41,40,323.0,64,61,1,2,0.969,1.728,-2.52,0.16,-0.38,0.0,0.0,,0.0,0.0,-2.74,-9.623,-0.876,-3.616,-0.28,151522
8,강승호,23 2B,0.241,135,109,964.0,639,396,227,16,0.975,5.816,0.23,0.0,-0.09,0.49,0.0,,0.0,0.0,0.7,0.747,1.663,2.363,0.071,110871
13,송승환,23 LF,0.123,22,18,141.0,41,40,1,0,1.0,2.617,1.26,0.05,0.26,0.0,0.0,,0.0,0.0,1.58,10.342,-0.37,1.21,0.161,141721
50,김인태,23 RF,-0.097,30,21,184.0,46,45,0,1,0.978,2.201,-1.15,0.84,-0.15,0.0,0.0,,0.0,0.0,-0.46,-2.208,-0.49,-0.95,-0.047,110981
38,이주형,23 LF,-0.177,9,1,29.0,5,5,0,0,1.0,1.552,-1.8,0.06,0.06,0.0,0.0,,0.0,0.0,-1.69,-27.04,-0.043,-1.733,-0.172,145916
24,송찬의,23 1B,-0.106,6,3,21.0,18,16,1,1,0.944,7.286,-0.97,0.0,0.04,0.0,0.0,,0.0,0.0,-0.94,-22.56,-0.098,-1.038,-0.096,131096
50,오스틴,23 1B,-0.904,116,114,939.0,919,833,72,14,0.985,8.674,1.92,-0.19,-1.26,0.0,0.0,,0.0,0.0,0.65,0.807,-9.514,-8.864,0.066,155326
47,김현수,23 LF,-0.175,37,36,273.0,112,98,12,2,0.982,3.626,-0.78,0.09,-0.01,0.0,0.0,,0.0,0.0,-0.69,-2.685,-1.024,-1.714,-0.07,101876
26,양찬열,23 RF,0.069,40,22,222.0,55,52,3,0,1.0,2.23,1.17,-0.15,0.43,0.0,0.0,,0.0,0.0,1.45,5.22,-0.77,0.68,0.148,147381
25,서예일,23 3B,-0.03,4,2,21.0,9,4,4,1,0.889,3.429,-0.38,0.0,0.06,0.0,0.0,,0.0,0.0,-0.32,-11.52,0.03,-0.29,-0.033,125231
36,김주성,23 SS,-0.111,8,0,20.0,7,2,3,2,0.714,2.25,-0.99,0.0,0.04,-0.24,0.0,,0.0,0.0,-1.18,-21.24,0.088,-1.092,-0.12,125456
1,김혜성,23 2B,0.584,131,129,1104.0,661,258,386,17,0.974,5.25,-0.78,0.0,1.49,-0.41,0.0,,0.0,0.0,0.28,0.308,5.441,5.721,0.029,129057
57,김인환,23 1B,-0.222,59,48,422.0,392,357,30,5,0.987,8.254,1.32,0.11,0.27,0.0,0.0,,0.0,0.0,1.76,4.296,-3.932,-2.172,0.18,125899
49,장운호,23 RF,-0.137,4,3,28.0,6,6,0,0,1.0,1.929,-1.14,-0.19,0.05,0.0,0.0,,0.0,0.0,-1.28,-46.08,-0.068,-1.348,-0.131,111229
30,김병휘,23 2B,-0.021,10,6,55.0,28,14,13,1,0.964,4.418,-0.17,0.0,-0.35,0.17,0.0,,0.0,0.0,-0.35,-5.04,0.144,-0.206,-0.036,145777
19,이병규,23 1B,0.045,5,3,25.0,23,22,1,0,1.0,8.28,0.57,0.0,0.04,0.0,0.0,,0.0,0.0,0.62,17.856,-0.176,0.444,0.063,128597
62,채은성,23 1B,-0.658,99,90,774.0,611,574,32,5,0.992,7.047,-2.52,0.41,0.44,0.0,0.0,,0.0,0.0,-1.54,-2.24,-4.91,-6.45,-0.157,112159
45,주성원,23 RF,0.004,21,20,144.0,38,35,2,1,0.974,2.312,1.4,-0.67,-0.22,0.0,0.0,,0.0,0.0,0.51,3.497,-0.468,0.042,0.052,141337
25,박찬혁,23 LF,-0.091,29,26,218.0,53,51,1,1,0.981,2.147,-0.41,0.07,0.39,0.0,0.0,,0.0,0.0,0.04,0.199,-0.935,-0.895,0.004,150687
66,도슨,23 CF,-0.582,48,45,390.0,106,102,0,4,0.962,2.354,-3.4,-0.52,-1.41,0.0,0.0,,0.0,0.0,-5.33,-15.99,-0.376,-5.706,-0.544,156527
20,김휘집,23 SS,-0.062,117,99,873.0,352,121,213,18,0.949,3.443,-6.68,0.0,0.06,2.28,0.0,,0.0,0.0,-4.26,-5.243,3.656,-0.604,-0.435,147857
46,전병우,23 1B,-0.002,38,11,152.0,156,144,10,2,0.987,9.118,0.31,0.0,0.28,0.37,0.0,,0.0,0.0,1.02,3.865,-1.044,-0.024,0.104,114227
57,김수환,23 1B,-0.332,43,25,222.0,205,194,10,1,0.995,8.27,-1.66,0.0,-0.09,0.0,0.0,,0.0,0.0,-1.49,-4.99,-1.76,-3.25,-0.152,130967
56,이용규,23 LF,-0.327,37,30,256.0,53,53,0,0,1.0,1.863,-1.94,-0.6,0.45,0.0,0.0,,0.0,0.0,-2.09,-8.134,-1.115,-3.205,-0.213,100357
36,권민석,23 SS,-0.038,2,0,4.0,0,0,0,0,,0.0,-0.14,0.0,0.01,-0.26,0.0,,0.0,0.0,-0.39,-28.08,0.02,-0.37,-0.04,130791
56,김대한,23 RF,-0.709,31,21,189.0,39,35,1,3,0.923,1.714,-4.27,-0.76,-1.12,0.0,0.0,,0.0,0.0,-6.15,-28.568,-0.803,-6.953,-0.627,141701
57,로하스,23 LF,-0.985,100,93,738.0,165,159,4,2,0.988,1.988,-8.15,-0.19,0.85,0.0,0.0,,0.0,0.0,-7.49,-10.786,-2.164,-9.654,-0.764,155391
11,안치홍,23 2B,-0.252,127,109,910.0,600,376,220,4,0.993,5.895,-5.64,0.0,1.28,-0.25,0.0,,0.0,0.0,-4.54,-5.148,2.07,-2.47,-0.463,100142
52,한유섬,23 RF,-0.882,90,77,662.0,131,122,5,4,0.969,1.727,-5.28,-0.13,-0.71,0.0,0.0,,0.0,0.0,-6.12,-9.792,-2.526,-8.646,-0.624,108154
27,김정민,23 RF,-0.062,6,0,9.0,2,2,0,0,1.0,2.0,-0.53,-0.07,0.02,0.0,0.0,,0.0,0.0,-0.59,-14.16,-0.017,-0.607,-0.06,154634
38,최경모,23 3B,-0.262,22,4,69.0,33,13,15,5,0.848,3.652,-1.9,0.0,-0.82,0.14,0.0,,0.0,0.0,-2.58,-16.887,0.009,-2.571,-0.263,141514
28,최주환,23 2B,-0.501,125,103,833.0,600,396,195,9,0.985,6.385,-5.96,0.0,-0.49,0.71,0.0,,0.0,0.0,-5.54,-6.382,0.625,-4.915,-0.565,101824
1,김주원,23 SS,0.842,133,122,1045.0,539,187,322,30,0.944,4.384,0.98,0.0,-2.49,0.83,0.0,,0.0,0.0,-0.67,-0.725,8.92,8.25,-0.068,147655
4,강현우,23 C,0.227,47,24,236.0,189,176,11,2,0.989,7.131,-0.56,0.0,-0.38,0.0,-0.41,,1.38,0.0,-0.19,-0.582,2.417,2.227,-0.019,146038
3,황재균,23 3B,0.436,109,103,900.0,259,83,165,11,0.958,2.48,3.52,0.0,1.09,-0.21,0.0,,0.0,0.0,4.27,5.641,0.001,4.271,0.436,104078
10,알포드,23 LF,-0.057,113,110,863.0,217,209,5,3,0.986,2.232,5.1,-1.23,0.05,0.0,0.0,,0.0,0.0,3.92,4.995,-4.48,-0.56,0.4,151448
24,김석환,23 LF,-0.155,9,5,51.0,34,33,1,0,1.0,6.0,-1.26,-0.17,0.09,0.0,0.0,,0.0,0.0,-1.35,-21.6,-0.17,-1.52,-0.138,129170
16,이우성,23 RF,0.185,128,93,793.0,182,177,4,1,0.995,2.054,2.5,0.21,0.98,0.0,0.0,,0.0,0.0,3.69,4.151,-1.878,1.812,0.376,110990
11,박정우,23 RF,0.197,14,1,30.0,7,7,0,0,1.0,2.1,1.33,0.61,0.05,0.0,0.0,,0.0,0.0,1.99,20.469,-0.056,1.934,0.203,128690
46,변우혁,23 1B,-0.675,75,56,462.0,368,317,42,9,0.976,6.994,-3.24,0.0,-1.09,0.15,0.0,,0.0,0.0,-4.31,-8.275,-2.303,-6.613,-0.44,141240
16,서동욱,23 RF,0.027,6,5,31.0,10,10,0,0,1.0,2.903,0.87,-0.13,0.07,0.0,-0.29,,-0.27,0.0,0.33,7.92,-0.067,0.263,0.034,156242
52,전준우,23 LF,-0.493,47,43,336.0,107,101,4,2,0.981,2.812,-2.79,-0.26,0.1,0.0,0.0,,0.0,0.0,-3.3,-10.111,-1.533,-4.833,-0.337,102662
47,이정훈,23 LF,-0.332,14,11,80.0,37,33,3,1,0.973,4.05,-1.88,-0.73,-0.35,0.0,0.0,,0.0,0.0,-2.96,-30.446,-0.29,-3.25,-0.302,129162
28,신윤후,23 LF,0.029,21,6,72.0,20,18,0,2,0.9,2.25,1.73,-0.4,-0.86,0.0,0.0,,0.0,0.0,0.45,3.086,-0.162,0.288,0.046,141692
42,김수윤,23 3B,-0.157,13,3,33.0,18,14,3,1,0.944,4.636,-1.4,0.0,0.08,-0.22,0.0,,0.0,0.0,-1.54,-17.058,0.0,-1.54,-0.157,129035
52,박건우,23 RF,-0.582,93,92,727.0,150,147,3,0,1.0,1.857,-3.29,-0.45,1.37,0.0,0.0,,0.0,0.0,-2.36,-3.654,-3.34,-5.7,-0.241,101895
2,김재호,23 SS,0.905,87,71,613.0,296,119,167,10,0.966,4.199,3.53,0.0,-0.54,0.13,0.0,,0.0,0.0,3.12,5.164,5.753,8.873,0.318,101741
51,박석민,23 3B,-0.371,25,23,164.0,44,19,22,3,0.932,2.25,-3.3,0.0,-0.12,-0.22,0.0,,0.0,0.0,-3.63,-20.909,-0.01,-3.64,-0.37,103225
9,김선빈,23 2B,0.252,116,111,897.0,457,180,270,7,0.985,4.515,-3.2,0.0,1.43,-0.33,0.0,,0.0,0.0,-2.1,-2.607,4.57,2.47,-0.214,100080
33,박주찬,23 3B,-0.124,6,3,35.0,12,8,3,1,0.917,2.829,-1.25,0.0,0.08,0.0,0.0,,0.0,0.0,-1.18,-28.32,-0.04,-1.22,-0.12,142195
2,김도영,23 3B,0.501,85,84,722.0,230,71,146,13,0.943,2.705,4.32,0.0,-0.31,0.65,0.0,,0.0,0.0,4.9,8.301,0.014,4.914,0.5,150560
35,조현진,23 SS,-0.045,8,0,14.0,6,1,5,0,1.0,3.857,-0.39,0.0,0.03,-0.14,0.0,,0.0,0.0,-0.49,-8.82,0.052,-0.437,-0.05,148775
1,박찬호,23 SS,1.483,129,121,1045.0,524,206,303,15,0.971,4.384,4.27,0.0,0.97,-0.75,0.0,,0.0,0.0,4.49,5.012,10.042,14.532,0.458,112610
53,한동희,23 3B,-0.899,99,82,681.0,255,142,101,12,0.953,3.211,-8.57,0.0,-0.45,0.29,0.0,,0.0,0.0,-8.6,-12.509,-0.209,-8.809,-0.877,131452
27,손아섭,23 RF,0.039,58,52,409.0,92,89,1,2,0.978,1.98,1.88,0.4,-0.21,0.0,0.0,,0.0,0.0,2.08,5.164,-1.699,0.381,0.212,102615
46,오태양,23 2B,-0.187,9,1,12.0,4,1,2,1,0.75,2.25,-1.3,-0.06,-0.47,0.0,0.0,,0.0,0.0,-1.84,-29.44,0.006,-1.834,-0.188,147665
53,권희동,23 LF,-0.582,92,84,697.0,165,161,2,2,0.988,2.105,-1.89,-0.97,0.25,0.0,0.0,,0.0,0.0,-2.61,-4.085,-3.092,-5.702,-0.266,111725
24,오장한,23 RF,0.002,4,2,17.0,4,4,0,0,1.0,2.118,-0.3,0.33,0.03,0.0,0.0,,0.0,0.0,0.06,2.16,-0.038,0.022,0.006,147675
18,박영빈,23 CF,0.174,21,0,34.0,12,12,0,0,1.0,3.176,1.57,0.09,0.05,0.0,0.0,,0.0,0.0,1.71,11.726,-0.003,1.707,0.174,146615
47,마틴,23 CF,0.012,113,109,914.0,244,240,1,3,0.988,2.373,-1.07,1.68,-0.2,0.0,0.0,,0.0,0.0,0.41,0.522,-0.29,0.12,0.042,155375
29,윤수녕,23 RF,-0.024,3,1,13.0,2,2,0,0,1.0,1.385,0.11,-0.34,0.03,0.0,0.0,,0.0,0.0,-0.21,-10.08,-0.023,-0.233,-0.021,156272
71,류승민,23 RF,-0.294,21,16,123.0,23,22,0,1,0.957,1.61,-1.91,-0.27,-0.25,0.0,0.0,,0.0,0.0,-2.43,-16.663,-0.456,-2.886,-0.248,155033
50,이원석,23 3B,-0.042,17,15,112.0,49,30,17,2,0.959,3.777,-0.66,0.0,-0.25,1.11,0.0,,0.0,0.0,-0.34,-2.88,-0.076,-0.416,-0.035,101803
72,피렐라,23 LF,-1.333,118,114,950.0,211,203,6,2,0.991,1.98,-8.88,-1.25,0.72,0.0,0.0,,0.0,0.0,-9.41,-11.483,-3.651,-13.061,-0.96,147573
4,최준우,23 2B,0.356,24,13,100.0,61,26,35,0,1.0,5.49,2.69,0.0,0.27,0.01,0.0,,0.0,0.0,3.08,18.48,0.412,3.492,0.314,131284
56,문상준,23 2B,-0.192,3,1,10.0,2,1,0,1,0.5,0.9,-1.45,0.0,-0.47,0.0,0.0,,0.0,0.0,-1.92,-92.16,0.033,-1.887,-0.196,147208
73,김헌곤,23 LF,-0.101,5,0,5.0,0,0,0,0,,0.0,-1.19,0.19,0.01,0.0,0.0,,0.0,0.0,-0.99,-28.512,-0.002,-0.992,-0.101,106403
68,박민석,23 2B,-0.055,3,1,11.0,5,1,3,1,0.8,3.273,-0.68,0.0,0.03,0.09,0.0,,0.0,0.0,-0.57,-27.36,0.027,-0.543,-0.058,141108
47,에레디아,23 LF,-0.168,114,108,938.0,238,222,11,5,0.979,2.236,3.61,-0.68,-0.86,0.0,0.0,,0.0,0.0,2.07,2.615,-3.721,-1.651,0.211,155304
19,김강민,23 CF,-0.087,37,23,216.0,63,60,3,0,1.0,2.625,-1.32,0.2,0.29,0.0,0.0,,0.0,0.0,-0.84,-3.269,-0.009,-0.849,-0.086,101084
17,이정범,23 RF,-0.058,6,5,25.0,6,5,1,0,1.0,2.16,-0.39,-0.15,0.04,0.0,0.0,,0.0,0.0,-0.5,-12.0,-0.07,-0.57,-0.051,131944
13,고명준,23 1B,0.085,2,1,6.0,7,7,0,0,1.0,10.5,0.85,0.0,0.01,0.0,0.0,,0.0,0.0,0.86,61.92,-0.03,0.83,0.088,148074
25,김병희,23 3B,0.064,4,1,16.0,3,0,3,0,1.0,1.688,0.58,0.0,0.04,0.0,0.0,,0.0,0.0,0.62,22.32,0.002,0.622,0.063,113308
16,강민성,23 3B,0.168,11,7,60.0,24,7,15,2,0.917,3.3,1.82,0.0,-0.35,-0.28,0.0,,0.0,0.0,1.65,21.6,-0.002,1.648,0.168,141918
61,강백호,23 RF,-0.203,29,26,210.0,84,76,7,1,0.988,3.557,-0.63,-0.93,0.4,0.0,0.0,,0.0,0.0,-1.16,-5.76,-0.833,-1.993,-0.118,131688
49,구자욱,23 RF,0.145,92,91,772.0,179,174,5,0,1.0,2.087,2.92,-0.41,1.46,0.0,0.0,,0.0,0.0,3.98,6.23,-2.555,1.425,0.406,108923
14,조민성,23 1B,-0.003,9,6,47.0,51,48,3,0,1.0,9.766,0.23,-0.02,0.09,0.0,0.0,,0.0,0.0,0.29,4.64,-0.321,-0.031,0.03,150403
69,김현준,23 CF,-0.23,105,102,880.0,312,303,4,5,0.984,3.14,-1.52,0.62,-1.34,0.0,0.0,,0.0,0.0,-2.25,-3.086,-0.0,-2.25,-0.23,148673
28,공민규,23 1B,-0.175,19,7,75.0,41,36,5,0,1.0,4.92,-1.01,0.0,0.16,0.0,0.0,,0.0,0.0,-1.61,-12.202,-0.105,-1.715,-0.164,131643
27,김태훈,23 1B,-0.017,10,6,52.0,26,23,3,0,1.0,4.5,0.6,0.03,0.09,0.0,0.0,,0.0,0.0,-0.07,-1.008,-0.1,-0.17,-0.007,113363
26,송준석,23 LF,-0.024,4,2,9.0,1,1,0,0,1.0,1.0,0.07,-0.3,0.02,0.0,0.0,,0.0,0.0,-0.22,-7.92,-0.02,-0.24,-0.022,112003
25,김재상,23 3B,0.013,8,3,32.0,18,9,8,1,0.944,4.781,0.01,0.0,0.08,0.0,0.0,,0.0,0.0,0.09,1.62,0.035,0.125,0.009,154993
24,강준서,23 CF,-0.016,9,4,39.0,8,8,0,0,1.0,1.846,-0.28,0.09,0.06,0.0,0.0,,0.0,0.0,-0.13,-2.08,-0.027,-0.157,-0.013,155013
65,이원석,23 1B,-0.811,48,42,371.0,344,305,31,8,0.977,8.151,-4.96,0.0,-0.29,0.0,0.0,,0.0,0.0,-5.18,-15.54,-2.765,-7.945,-0.529,101807
61,윌리엄스,23 LF,-0.609,58,57,462.0,109,103,3,3,0.972,2.065,-2.75,-1.31,-0.64,0.0,0.0,,0.0,0.0,-4.7,-11.669,-1.272,-5.972,-0.48,156479
17,오그레디,23 LF,-0.098,19,17,145.0,41,39,1,1,0.976,2.483,-0.04,-0.2,-0.24,0.0,0.0,,0.0,0.0,-0.48,-3.638,-0.481,-0.961,-0.049,155419
20,이명기,23 LF,0.015,4,2,23.0,9,8,0,1,0.889,3.13,0.72,-0.06,-0.45,0.0,0.0,,0.0,0.0,0.21,7.56,-0.06,0.15,0.021,101199
48,김건희,23 1B,-0.168,9,3,30.0,26,22,3,1,0.962,7.5,-1.03,0.0,-0.44,0.0,0.0,,0.0,0.0,-1.48,-23.68,-0.171,-1.651,-0.151,154727
4,김재성,23 C,0.3,48,23,236.0,184,172,12,0,1.0,7.017,-0.5,0.0,0.57,0.0,1.13,,0.16,0.0,1.32,3.96,1.617,2.937,0.135,113443
54,노수광,23 LF,-0.054,30,19,183.0,37,37,0,0,1.0,1.82,0.0,-0.3,0.3,0.0,0.0,,0.0,0.0,0.0,0.0,-0.529,-0.529,0.0,112689
8,이원석,23 CF,0.167,76,27,336.0,106,101,3,2,0.981,2.786,1.59,0.11,-0.04,0.0,0.0,,0.0,0.0,1.66,3.145,-0.024,1.636,0.169,131389
3,노시환,23 3B,0.352,125,121,1069.0,364,116,229,19,0.948,2.905,3.92,0.0,-0.49,-0.11,0.0,,0.0,0.0,3.45,3.974,-0.0,3.45,0.352,141259
