G_x,GS,IP,WAAwithPOS,TC,PO,Ass,E,F%,RF9,Range RAA,Arm RAA,Err RAA,DP RAA,Bt RAA,CS RAA,Blk RAA,Frm RAA,종합 RAA,/144,POSAdj,RAAwithPOS,WAAwoPOS,pid,연도,기존pid_x,WAR,G_y,oWAR,dWAR,PA,ePA,AB,R,H,2B,3B,HR,TB,RBI,SB,CS,BB,HP,IB,SO,GDP,SH,SF,AVG,OBP,SLG,OPS,R/ePA,wRC+,수상횟수,현재 연봉,이후 연봉,예측연봉
115,95,791.2,0.902,811.0,746.0,60.0,5.0,99.4,9.16,0.35,0.0,0.35,0.0,0.19,1.24,-0.79,0.0,1.57,1.95,8.3,9.88,0.144,101709,2024,10170,1.82,116,1.69,0.13,348,340,280,34,72,10,0,4,94,37,0,0,33,21,0,58,10,8,6,0.257,0.371,0.336,0.707,0.131,96.6,0.0,92000.0,82000.0,72540.07956637807
71,40,354.0,0.277,332.0,304.0,27.0,1.0,99.7,8.42,-0.33,0.0,0.78,0.0,-0.17,0.17,-1.33,0.0,-0.49,-0.99,3.53,3.04,-0.045,100829,2024,10082,-0.29,72,-0.24,-0.05,152,150,134,10,32,4,0,1,39,16,0,0,7,4,1,21,4,2,5,0.239,0.287,0.291,0.578,0.059,44.0,0.0,5000.0,10000.0,5563.585263072213
26,9,113.0,0.09,97.0,91.0,5.0,1.0,99.0,7.65,-0.15,0.0,-0.09,0.0,0.0,-1.29,1.99,0.0,-0.14,-0.76,1.13,0.99,-0.013,125879,2024,12587,0.47,27,0.48,-0.02,52,52,42,4,12,3,0,0,15,4,1,0,9,1,0,12,0,0,0,0.286,0.423,0.357,0.78,0.166,119.8,0.0,4200.0,4200.0,4974.859804365712
1,0,2.0,0.015,2.0,1.0,1.0,0.0,100.0,9.0,-0.13,0.0,0.02,0.25,0.0,0.0,0.0,0.0,0.14,20.42,0.02,0.16,0.013,156339,2024,15633,-0.01,1,-0.02,0.01,1,1,1,0,0,0,0,0,0,0,0,0,0,0,0,1,0,0,0,0.0,0.0,0.0,0.0,-0.19,-151.2,0.0,3000.0,3100.0,3597.272943790346
126,125,1098.1,-0.024,302.0,97.0,196.0,9.0,97.0,2.4,-3.43,0.0,3.03,0.56,-0.43,0.0,0.0,0.0,-0.27,-0.28,0.0,-0.27,-0.024,141259,2024,14125,2.41,136,2.5,-0.08,601,597,526,88,143,20,2,24,239,89,6,0,60,11,9,129,10,0,4,0.272,0.356,0.454,0.81,0.145,106.5,0.0,35000.0,33000.0,37384.735155215225
9,0,16.0,-0.028,10.0,8.0,1.0,1.0,90.0,5.06,0.0,0.0,-0.44,0.0,0.0,-0.11,0.13,0.0,-0.47,-7.54,0.17,-0.3,-0.043,148119,2024,14811,-0.14,9,-0.1,-0.04,7,7,6,0,0,0,0,0,0,0,0,0,1,0,0,1,0,0,0,0.0,0.143,0.0,0.143,-0.086,-63.4,0.0,3200.0,3300.0,5368.611896848477
107,97,858.0,1.027,400.0,150.0,238.0,12.0,97.0,4.07,1.33,0.0,1.59,-0.02,0.0,0.0,0.0,0.0,2.9,3.86,8.34,11.24,0.265,104756,2024,10475,3.0,108,2.67,0.33,428,426,370,67,94,24,2,10,152,59,17,4,51,4,0,106,8,2,1,0.254,0.35,0.411,0.761,0.136,104.5,0.0,30000.0,30000.0,30990.29311896553
33,0,26.2,0.0,6.0,0.0,5.0,1.0,83.3,1.69,0.0,0.0,0.0,0.0,0.0,0.0,0.0,0.0,0.0,0.0,0.0,0.0,0.0,130096,2024,13009,-0.03,3,-0.03,0.0,1,1,1,0,0,0,0,0,0,0,0,0,0,0,0,0,0,0,0,0.0,0.0,0.0,0.0,-0.19,-151.2,0.0,9200.0,7000.0,8772.537445511294
27,0,22.2,0.0,7.0,0.0,7.0,0.0,100.0,2.78,0.0,0.0,0.0,0.0,0.0,0.0,0.0,0.0,0.0,0.0,0.0,0.0,0.0,141366,2024,14136,-0.03,1,-0.03,0.0,1,1,1,0,0,0,0,0,0,0,0,0,0,0,0,1,0,0,0,0.0,0.0,0.0,0.0,-0.19,-127.9,0.0,32000.0,18000.0,30143.534728127466
3,2,17.0,-0.013,4.0,4.0,0.0,0.0,100.0,2.12,0.24,-0.34,0.02,0.0,0.0,0.0,0.0,0.0,-0.08,-1.17,-0.06,-0.14,-0.007,131096,2024,13109,-0.13,10,-0.12,-0.01,21,20,15,2,1,0,0,0,1,1,1,0,3,1,0,6,0,1,1,0.067,0.25,0.067,0.317,0.003,2.3,0.0,3600.0,3500.0,3618.059136393363
3,1,14.0,-0.077,20.0,20.0,0.0,0.0,100.0,12.86,0.0,0.0,0.05,0.0,0.0,-0.42,-0.88,0.0,-0.99,-47.48,0.14,-0.85,-0.09,150816,2024,15081,0.13,3,0.22,-0.09,6,6,6,0,4,2,0,0,6,3,0,0,0,0,0,2,0,0,0,0.667,0.667,1.0,1.667,0.487,367.5,0.0,3000.0,3300.0,7235.51548604232
4,2,16.0,-0.13,8.0,7.0,1.0,0.0,100.0,4.5,-0.09,0.0,0.06,0.0,0.05,-0.3,-1.75,0.0,-1.52,-54.61,0.1,-1.42,-0.139,150856,2024,15085,-0.26,4,-0.12,-0.14,5,5,5,0,0,0,0,0,0,0,0,0,0,0,0,4,0,0,0,0.0,0.0,0.0,0.0,-0.19,-139.9,0.0,3100.0,3100.0,3660.7444805004243
89,42,379.1,0.291,373.0,335.0,34.0,4.0,98.9,8.75,0.41,0.0,-0.64,0.0,0.03,0.39,-0.49,0.0,-0.15,-0.25,3.34,3.18,-0.014,131542,2024,13154,-0.63,89,-0.61,-0.02,140,136,133,9,30,0,1,2,38,7,0,0,3,0,0,31,5,4,0,0.226,0.243,0.286,0.529,0.03,21.4,0.0,7500.0,7700.0,7616.5798776259235
86,52,445.2,0.228,443.0,414.0,25.0,4.0,99.1,8.87,-1.0,0.0,-0.4,0.0,0.22,-1.43,1.43,0.0,-1.61,-2.7,4.1,2.49,-0.147,147962,2024,14796,0.08,86,0.19,-0.11,171,170,152,24,30,6,2,6,58,21,0,0,13,3,0,38,3,1,2,0.197,0.271,0.382,0.653,0.082,58.7,0.0,5000.0,6800.0,6095.041395033465
5,0,7.0,-0.027,6.0,6.0,0.0,0.0,100.0,7.71,-0.09,0.0,0.03,0.0,0.0,0.0,-0.39,0.0,-0.34,-9.82,0.05,-0.29,-0.031,161022,2024,16102,-0.08,5,-0.05,-0.03,2,2,2,0,0,0,0,0,0,0,0,0,0,0,0,1,0,0,0,0.0,0.0,0.0,0.0,-0.19,-127.9,0.0,3000.0,3100.0,3631.5126711398057
32,5,95.0,-0.037,86.0,75.0,10.0,1.0,98.8,8.05,-0.15,0.0,-0.16,0.0,0.05,0.18,-1.35,0.0,-1.03,-4.5,0.62,-0.41,-0.094,156242,2024,15624,-0.45,33,-0.35,-0.1,27,27,26,2,3,1,0,0,4,0,0,0,0,1,0,8,1,0,0,0.115,0.148,0.154,0.302,-0.052,-37.8,0.0,3300.0,3500.0,4205.029573144759
113,111,937.1,-1.582,891.0,813.0,67.0,11.0,98.8,8.45,-6.9,0.0,-0.89,0.0,-0.1,0.0,0.0,0.0,-7.89,-9.39,-9.42,-17.31,-0.721,147972,2024,14797,2.22,121,2.83,-0.61,489,486,407,59,127,35,4,7,191,66,1,0,69,4,1,83,4,2,7,0.312,0.411,0.469,0.88,0.182,129.7,0.0,4000.0,12000.0,13693.394993066346
1,0,1.0,0.0,0.0,0.0,0.0,0.0,0.0,0.0,0.0,0.0,0.01,0.0,0.0,0.0,0.0,0.0,0.01,0.64,0.0,0.0,0.001,160932,2024,16093,0.0,2,0.0,0.0,3,2,2,0,1,0,0,0,1,0,0,1,0,0,0,0,0,1,0,0.5,0.5,0.5,1.0,0.229,173.1,0.0,3000.0,3100.0,7421.487415000078
132,129,1120.1,1.374,564.0,213.0,328.0,23.0,95.9,4.35,4.92,0.0,-0.6,-0.75,0.0,0.0,0.0,0.0,3.57,3.83,11.48,15.05,0.326,112610,2024,11261,2.78,134,2.58,0.2,577,570,515,86,158,24,1,5,199,61,20,13,48,1,1,44,9,7,6,0.307,0.363,0.386,0.749,0.129,95.7,0.0,30000.0,45000.0,36610.1349848509
101,82,640.2,0.858,611.0,567.0,38.0,6.0,99.0,8.5,0.81,0.0,-0.7,0.0,0.11,-1.1,5.58,0.0,3.03,4.15,6.36,9.39,0.277,104590,2024,10459,1.13,105,0.81,0.32,270,259,235,24,62,7,0,7,90,34,0,0,12,11,0,24,14,11,1,0.264,0.328,0.383,0.711,0.115,85.3,0.0,70000.0,70000.0,52221.38862698415
103,60,600.1,0.447,584.0,541.0,39.0,4.0,99.3,8.7,-0.57,0.0,0.16,0.0,0.21,0.75,-3.09,0.0,-1.61,-2.02,6.5,4.89,-0.147,131130,2024,13113,1.54,115,1.66,-0.12,316,316,287,39,88,22,0,7,131,41,0,0,21,2,1,48,7,0,6,0.307,0.351,0.456,0.807,0.141,105.2,0.0,5000.0,14000.0,11595.022874735912
61,9,177.0,0.215,64.0,62.0,0.0,2.0,96.9,3.15,3.13,-0.14,-0.64,0.0,0.0,0.0,0.0,0.0,2.36,5.3,0.0,2.36,0.215,112980,2024,11298,-0.23,64,-0.44,0.21,67,67,59,12,8,2,0,1,13,4,3,2,8,0,0,25,1,0,0,0.136,0.239,0.22,0.459,0.021,16.0,0.0,9000.0,8000.0,7896.763117187601
2,2,10.0,-0.053,10.0,9.0,1.0,0.0,100.0,9.0,-0.51,0.0,0.05,0.0,0.0,0.0,0.0,0.0,-0.46,-22.06,-0.12,-0.58,-0.042,113060,2024,11306,-0.05,3,-0.01,-0.04,7,7,7,1,2,1,0,0,3,3,0,0,0,0,0,1,0,0,0,0.286,0.286,0.429,0.715,0.1,74.4,0.0,8000.0,7000.0,6375.3044567194975
8,3,25.0,-0.096,4.0,4.0,0.0,0.0,100.0,1.44,-0.8,-0.16,0.03,0.0,0.0,0.0,0.0,0.0,-0.93,-4.78,-0.12,-1.05,-0.085,106590,2024,10659,-0.02,28,0.06,-0.09,36,36,32,3,8,2,0,1,13,4,0,0,4,0,0,6,2,0,0,0.25,0.333,0.406,0.739,0.122,92.0,0.0,15000.0,15000.0,11720.287655684433
19,2,47.0,-0.145,52.0,43.0,7.0,2.0,96.2,9.57,0.34,0.0,-0.83,0.0,0.0,0.34,-2.5,0.0,-1.9,-13.65,0.31,-1.58,-0.173,111190,2024,11119,-0.07,20,0.11,-0.17,15,15,11,2,3,0,0,0,3,2,0,0,4,0,0,1,0,0,0,0.273,0.467,0.273,0.74,0.171,128.3,0.0,6500.0,6500.0,6111.149570699029
16,15,117.0,-0.351,16.0,14.0,0.0,2.0,87.5,1.08,-2.74,0.43,-0.87,0.0,0.0,0.0,0.0,0.0,-3.18,-3.95,-0.66,-3.84,-0.291,103440,2024,10344,1.54,116,1.83,-0.29,487,486,425,67,119,23,2,22,212,109,1,1,52,5,4,86,5,0,5,0.28,0.361,0.499,0.86,0.161,119.0,1.0,100000.0,100000.0,85432.96116558443
114,105,856.1,1.046,838.0,780.0,56.0,2.0,99.8,8.79,-0.84,0.0,2.09,0.0,0.32,-3.44,3.83,0.0,0.82,0.9,10.63,11.45,0.075,102358,2024,10235,3.23,131,3.13,0.1,489,486,418,53,112,19,0,19,188,81,5,0,60,1,1,86,8,2,8,0.268,0.355,0.45,0.805,0.144,104.2,0.0,95000.0,95000.0,86543.46669155844
26,12,120.0,0.392,111.0,100.0,11.0,0.0,100.0,8.33,-0.15,0.0,0.43,0.0,0.05,2.57,0.44,0.0,3.21,17.79,1.08,4.29,0.293,131778,2024,13177,0.46,26,0.17,0.29,45,40,36,2,11,2,0,0,13,3,0,0,3,0,0,12,1,5,1,0.306,0.35,0.361,0.711,0.113,81.4,0.0,3100.0,4300.0,5011.079066444578
1,0,2.0,0.037,2.0,2.0,0.0,0.0,100.0,9.0,0.42,0.0,0.01,0.0,0.0,0.0,0.0,0.0,0.43,61.21,-0.02,0.41,0.039,141918,2024,14191,0.01,1,-0.03,0.04,1,1,1,0,0,0,0,0,0,0,0,0,0,0,0,0,0,0,0,0.0,0.0,0.0,0.0,-0.19,-127.9,0.0,3600.0,3700.0,3618.059136393363
17,5,81.0,-0.038,76.0,71.0,3.0,2.0,97.4,8.22,-0.24,0.0,-0.71,0.0,0.0,0.35,-0.9,0.0,-1.23,-9.84,0.82,-0.41,-0.112,146038,2024,14603,0.34,18,0.46,-0.12,36,34,26,4,8,1,0,1,12,8,0,0,8,0,0,10,0,2,0,0.308,0.471,0.462,0.933,0.216,161.1,0.0,5000.0,5000.0,6151.85653370569
12,9,66.0,-0.045,22.0,22.0,0.0,0.0,100.0,3.0,-0.7,0.26,0.2,0.0,0.0,0.0,0.0,0.0,-0.25,-2.72,-0.25,-0.5,-0.022,147798,2024,14779,-0.38,13,-0.35,-0.03,25,25,24,2,3,1,0,0,4,1,0,0,1,0,0,8,0,0,0,0.125,0.16,0.167,0.327,-0.046,-34.1,0.0,3000.0,3300.0,3634.1271156896737
13,6,52.0,-0.097,14.0,13.0,1.0,0.0,100.0,2.42,-1.35,0.46,0.06,0.0,0.0,0.0,0.0,0.0,-0.82,-7.41,-0.24,-1.06,-0.075,150928,2024,15092,-0.07,16,0.01,-0.08,29,29,25,5,5,0,1,1,10,2,0,0,2,1,0,10,0,0,1,0.2,0.276,0.4,0.676,0.091,67.3,0.0,3000.0,3300.0,3703.6936970546785
113,110,958.0,-0.559,276.0,266.0,3.0,7.0,97.5,2.53,-5.7,1.1,-1.52,0.0,0.0,0.0,0.0,0.0,-6.12,-7.8,0.0,-6.12,-0.559,112128,2024,11212,0.88,113,1.41,-0.52,473,464,404,49,111,25,1,7,159,59,9,7,50,4,1,114,5,8,7,0.275,0.355,0.394,0.749,0.129,94.1,0.0,32000.0,34000.0,36882.86185576933
55,43,406.1,-0.783,360.0,339.0,18.0,3.0,99.2,7.91,-4.5,0.0,0.5,0.0,-0.42,0.0,0.0,0.0,-4.41,-6.05,-4.16,-8.57,-0.403,104008,2024,10400,-0.45,83,-0.01,-0.43,272,272,232,27,57,13,0,8,94,37,0,0,30,2,0,70,3,0,8,0.246,0.327,0.405,0.732,0.116,84.3,0.0,50000.0,15000.0,54329.4302798313
107,99,862.1,1.529,409.0,186.0,212.0,11.0,97.3,4.15,7.13,0.0,2.13,-1.29,0.0,0.0,0.0,0.0,7.96,10.52,8.78,16.74,0.727,150343,2024,15034,3.03,109,2.43,0.6,458,457,389,71,101,18,1,14,163,66,2,1,58,8,1,83,8,0,3,0.26,0.365,0.419,0.784,0.146,104.8,0.0,14000.0,21000.0,17350.975369310945
120,96,803.0,1.181,686.0,631.0,53.0,2.0,99.7,7.67,-0.56,0.0,1.9,0.0,-0.1,0.95,1.84,0.0,3.47,3.68,9.46,12.93,0.317,102323,2024,10232,3.32,136,3.02,0.3,452,450,403,48,122,19,1,19,200,77,3,0,35,8,2,52,17,0,6,0.303,0.365,0.496,0.861,0.161,115.6,0.0,70000.0,70000.0,69637.82797946497
90,44,421.2,0.234,365.0,341.0,21.0,3.0,99.2,7.73,-0.5,0.0,0.02,0.0,-0.44,0.01,-0.57,0.0,-1.31,-1.98,3.86,2.56,-0.119,141173,2024,14117,0.1,95,0.23,-0.13,166,164,145,9,36,4,0,1,43,9,0,0,17,2,0,48,0,2,0,0.248,0.335,0.297,0.632,0.094,66.8,0.0,4000.0,6500.0,7275.273191865649
18,18,151.0,0.206,136.0,121.0,14.0,1.0,99.3,8.05,3.48,0.0,0.24,0.0,0.06,0.0,0.0,0.0,3.78,18.77,-1.52,2.26,0.345,161623,2024,16162,0.53,29,0.21,0.32,118,118,110,14,31,5,0,7,57,19,0,0,6,2,0,25,2,0,0,0.282,0.331,0.518,0.849,0.152,107.9,0.0,5000.0,70000.0,5153.013274171255
8,1,23.0,0.001,14.0,12.0,2.0,0.0,100.0,5.48,-0.09,0.0,0.08,0.0,0.0,0.0,-0.22,0.0,-0.16,-2.58,0.17,0.01,-0.015,112663,2024,11266,0.07,9,0.09,-0.02,8,8,8,1,2,0,0,1,5,3,0,0,0,0,0,1,0,0,0,0.25,0.25,0.625,0.875,0.136,99.8,0.0,4600.0,4600.0,4463.085518432515
1,1,6.0,-0.032,5.0,5.0,0.0,0.0,100.0,7.5,-0.09,0.0,0.02,0.0,0.0,-0.14,-0.3,0.0,-0.42,-60.41,0.07,-0.35,-0.038,141153,2024,14115,-0.11,1,-0.07,-0.04,3,3,3,0,0,0,0,0,0,0,0,0,0,0,0,1,0,0,0,0.0,0.0,0.0,0.0,-0.19,-151.2,0.0,5000.0,4700.0,4649.853680223124
31,29,248.2,-0.049,253.0,223.0,28.0,2.0,99.2,9.08,1.37,0.0,0.23,0.0,0.25,0.0,0.0,0.0,1.85,2.22,-2.38,-0.53,0.169,104703,2024,10470,0.53,76,0.4,0.13,285,285,249,42,61,5,0,20,126,60,3,0,31,3,0,83,5,0,2,0.245,0.333,0.506,0.839,0.149,106.8,0.0,70000.0,38000.0,67358.32882134532
117,105,914.2,1.513,987.0,919.0,61.0,7.0,99.3,9.64,1.2,0.0,-0.21,0.0,0.1,1.67,5.34,0.0,6.5,7.61,10.06,16.56,0.594,103124,2024,10312,1.53,123,0.96,0.57,432,425,398,45,111,11,1,5,139,50,8,1,18,7,0,35,10,7,2,0.279,0.32,0.349,0.669,0.097,70.1,0.0,20000.0,15000.0,31079.830395144094
135,128,1115.0,1.059,564.0,209.0,332.0,23.0,95.9,4.37,1.35,0.0,-1.65,0.75,0.0,0.0,0.0,0.0,0.45,0.47,11.14,11.59,0.041,129224,2024,12922,3.6,137,3.5,0.1,564,559,489,78,147,24,0,10,201,67,13,3,64,2,3,86,11,3,6,0.301,0.38,0.411,0.791,0.145,104.0,0.0,30000.0,37000.0,43855.69663187055
40,30,264.2,0.064,240.0,224.0,16.0,0.0,100.0,8.16,0.64,0.0,0.96,0.0,0.03,-1.79,-2.92,0.0,-2.2,-7.05,2.9,0.7,-0.201,107074,2024,10707,-0.26,45,-0.05,-0.21,126,122,106,10,22,5,0,1,30,10,0,0,16,0,0,33,2,4,0,0.208,0.311,0.283,0.594,0.079,56.5,0.0,15000.0,25000.0,12557.226957000858
1,1,4.0,0.041,3.0,3.0,0.0,0.0,100.0,6.75,0.46,0.0,0.01,0.0,0.0,0.0,0.0,0.0,0.47,11.34,-0.02,0.45,0.043,141464,2024,14146,-0.06,6,-0.1,0.04,9,9,7,1,0,0,0,0,0,0,1,0,2,0,0,4,0,0,0,0.0,0.222,0.0,0.222,-0.029,-22.1,0.0,3100.0,3100.0,3564.079304423447
61,0,60.0,0.0,11.0,2.0,9.0,0.0,100.0,1.65,0.0,0.0,0.0,0.0,0.0,0.0,0.0,0.0,0.0,0.0,0.0,0.0,0.0,107834,2024,10783,-0.03,6,-0.03,0.0,1,1,1,0,0,0,0,0,0,0,0,0,0,0,0,1,0,0,0,0.0,0.0,0.0,0.0,-0.19,-140.8,0.0,18000.0,80000.0,22025.444898174344
19,9,90.1,-0.077,86.0,79.0,6.0,1.0,98.8,8.47,-0.01,0.0,-0.18,0.0,0.0,0.12,-2.42,0.0,-1.76,-13.33,0.91,-0.85,-0.161,148064,2024,14806,-0.08,19,0.08,-0.16,38,38,33,4,8,0,0,0,8,4,0,0,1,4,0,6,0,0,0,0.242,0.342,0.242,0.584,0.094,66.6,0.0,6300.0,4000.0,6011.09450479719
119,113,989.2,-0.297,249.0,237.0,5.0,7.0,97.2,2.2,-2.9,1.1,-1.45,0.0,0.0,0.0,0.0,0.0,-3.25,-3.74,0.0,-3.25,-0.297,145874,2024,14587,1.76,125,2.03,-0.27,543,537,483,89,133,22,7,11,202,49,32,5,50,2,0,71,5,6,2,0.275,0.345,0.418,0.763,0.128,92.2,0.0,25000.0,30000.0,33912.924545390786
132,115,1023.2,1.722,501.0,196.0,287.0,18.0,96.4,4.25,9.13,0.0,0.05,0.26,0.0,0.0,0.0,0.0,9.43,10.13,9.42,18.85,0.861,147655,2024,14765,3.75,134,3.07,0.68,475,466,385,61,97,18,2,9,146,49,16,6,51,25,1,111,5,9,5,0.252,0.371,0.379,0.75,0.143,108.4,0.0,16000.0,20000.0,22175.501275870054
116,104,870.1,0.967,832.0,761.0,59.0,12.0,98.6,8.48,0.42,0.0,-2.88,0.0,-0.04,1.15,3.15,0.0,0.86,1.04,9.72,10.58,0.079,130815,2024,13081,0.42,119,0.31,0.11,414,407,354,39,69,12,0,17,132,50,0,0,45,2,0,144,6,7,6,0.195,0.285,0.373,0.658,0.086,64.9,0.0,5800.0,11000.0,9780.649172099313
2,1,9.0,0.139,5.0,5.0,0.0,0.0,100.0,5.0,1.51,0.01,0.03,0.0,0.0,0.0,0.0,0.0,1.55,74.33,-0.03,1.52,0.141,141725,2024,14172,0.09,3,-0.05,0.14,5,5,5,1,1,0,0,0,1,0,0,0,0,0,0,1,0,0,0,0.2,0.2,0.2,0.4,-0.022,-16.6,0.0,3500.0,3200.0,3731.6511927030665
10,6,49.2,0.093,53.0,49.0,4.0,0.0,100.0,9.6,1.21,0.0,0.25,0.0,0.0,0.0,0.0,0.0,1.46,10.51,-0.44,1.02,0.133,130825,2024,13082,0.08,20,-0.04,0.12,34,34,30,4,6,0,0,3,15,5,0,0,2,1,0,6,0,0,1,0.2,0.265,0.5,0.765,0.108,80.8,0.0,7200.0,5100.0,5921.308736222297
1,0,3.0,0.006,4.0,4.0,0.0,0.0,100.0,12.0,0.0,0.0,0.01,0.0,0.0,0.0,0.04,0.0,0.04,2.64,0.02,0.06,0.003,154525,2024,15452,-0.06,2,-0.07,0.0,2,2,2,0,0,0,0,0,0,0,0,0,0,0,0,0,1,0,0,0.0,0.0,0.0,0.0,-0.19,-136.9,0.0,13000.0,3000.0,10267.01650014337
9,4,45.0,-0.015,42.0,39.0,3.0,0.0,100.0,8.4,0.0,0.0,0.16,0.0,0.0,-0.2,-0.92,0.0,-0.69,-9.89,0.53,-0.16,-0.063,113295,2024,11329,0.23,10,0.29,-0.06,25,25,21,5,6,1,0,2,13,4,0,0,3,0,0,7,0,0,1,0.286,0.36,0.619,0.979,0.187,138.4,0.0,7100.0,6600.0,5942.500968286157
21,13,110.1,-0.259,21.0,20.0,0.0,1.0,95.2,1.63,-1.96,0.01,-0.38,0.0,0.0,0.0,0.0,0.0,-2.32,-11.93,-0.52,-2.84,-0.212,154515,2024,15451,-0.28,28,-0.07,-0.21,71,71,65,8,12,1,0,7,34,14,0,0,6,0,0,29,1,0,0,0.185,0.254,0.523,0.777,0.11,84.6,0.0,18100.0,3500.0,13242.991966451717
2,0,3.0,0.0,0.0,0.0,0.0,0.0,0.0,0.0,-0.03,0.0,0.0,0.0,0.0,0.0,0.0,0.0,-0.03,-0.78,0.0,0.0,-0.002,142225,2024,14222,-0.15,5,-0.15,0.0,5,5,5,0,0,0,0,0,0,0,0,0,0,0,0,2,1,0,0,0.0,0.0,0.0,0.0,-0.19,-142.8,0.0,3000.0,3000.0,3546.7515155002307
84,61,579.0,0.895,501.0,474.0,25.0,2.0,99.6,7.76,-0.24,0.0,1.09,0.0,-0.26,1.28,2.43,0.0,3.56,5.4,6.24,9.8,0.325,125491,2024,12549,1.16,95,0.85,0.31,283,279,252,31,70,10,0,5,95,31,0,2,22,2,0,47,5,4,3,0.278,0.337,0.377,0.714,0.113,86.7,0.0,4000.0,11000.0,8076.606020107068
133,131,1114.0,0.471,319.0,313.0,5.0,1.0,99.7,2.57,2.03,1.31,1.82,0.0,0.0,0.0,0.0,0.0,5.15,5.46,0.0,5.15,0.471,101951,2024,10195,2.97,136,2.52,0.45,608,598,510,95,145,21,3,4,184,47,52,13,71,9,1,72,8,10,8,0.284,0.376,0.361,0.737,0.131,100.2,0.0,86666.0,86666.0,74489.00600579975
1,1,9.0,0.046,2.0,0.0,2.0,0.0,100.0,2.0,0.44,0.0,0.06,0.0,0.0,0.0,0.0,0.0,0.5,72.24,0.0,0.5,0.046,160691,2024,16069,-0.01,1,-0.06,0.04,4,4,3,0,0,0,0,0,0,0,0,0,1,0,0,1,0,0,0,0.0,0.25,0.0,0.25,-0.008,-6.5,0.0,3000.0,3100.0,3572.7504171429528
9,7,58.0,0.015,59.0,57.0,2.0,0.0,100.0,9.16,-0.24,0.0,0.21,0.0,0.05,-0.21,-0.27,0.0,-0.38,-6.16,0.55,0.17,-0.035,110971,2024,11097,-0.1,9,-0.07,-0.04,23,22,20,1,4,2,0,0,6,0,0,1,2,0,0,5,0,1,0,0.2,0.273,0.3,0.573,0.061,43.3,0.0,6000.0,4800.0,5685.222278792695
3,0,7.0,0.009,9.0,8.0,1.0,0.0,100.0,11.57,-0.09,0.0,0.03,0.0,0.0,0.0,0.13,0.0,0.02,1.11,0.07,0.1,0.002,145701,2024,14570,-0.02,3,-0.02,0.0,4,4,4,1,1,0,0,0,1,0,0,0,0,0,0,1,0,0,0,0.25,0.25,0.25,0.5,0.02,15.1,0.0,3000.0,3100.0,3603.138763882906
1,0,3.0,0.007,4.0,3.0,1.0,0.0,100.0,12.0,0.0,0.0,0.01,0.0,0.0,0.0,0.07,0.0,0.06,4.18,0.02,0.08,0.005,160761,2024,16076,0.12,2,0.11,0.01,3,3,3,0,2,1,0,0,3,1,0,0,0,0,0,0,0,0,0,0.667,0.667,1.0,1.667,0.487,380.3,0.0,3000.0,3100.0,7639.227630000984
5,2,21.0,0.006,13.0,5.0,8.0,0.0,100.0,5.57,0.14,0.0,0.13,-0.29,0.0,0.0,0.0,0.0,-0.02,-0.4,0.09,0.07,-0.002,160681,2024,16068,-0.03,9,-0.02,-0.01,11,11,10,2,4,0,0,0,4,0,3,0,1,0,0,2,0,0,0,0.4,0.455,0.4,0.855,0.181,140.6,0.0,3000.0,3300.0,4953.759023817645
8,0,9.0,0.0,3.0,1.0,1.0,1.0,66.7,2.0,0.0,0.0,0.0,0.0,0.0,0.0,0.0,0.0,0.0,0.0,0.0,0.0,0.0,136651,2024,13665,-0.03,1,-0.03,0.0,1,1,1,0,0,0,0,0,0,0,0,0,0,0,0,1,0,0,0,0.0,0.0,0.0,0.0,-0.19,-140.8,0.0,3000.0,3700.0,3598.8047753887886
4,1,10.0,-0.008,10.0,10.0,0.0,0.0,100.0,9.0,0.0,0.0,0.04,0.0,0.0,0.0,-0.28,0.0,-0.16,-4.65,0.07,-0.09,-0.015,155151,2024,15515,-0.14,5,-0.12,-0.01,5,5,5,0,0,0,0,0,0,0,0,0,0,0,0,3,0,0,0,0.0,0.0,0.0,0.0,-0.19,-144.6,0.0,7000.0,3100.0,6198.425616534372
131,130,1118.0,-0.711,1038.0,943.0,85.0,10.0,99.0,8.28,2.55,0.0,0.51,0.0,0.21,0.0,0.0,0.0,3.27,3.32,-11.06,-7.79,0.299,112131,2024,11213,2.17,142,1.79,0.37,593,592,533,83,131,25,1,34,260,107,5,3,49,7,1,128,15,1,3,0.246,0.316,0.488,0.804,0.136,104.5,0.0,30000.0,30000.0,38755.37343245644
1,0,1.0,0.0,0.0,0.0,0.0,0.0,0.0,0.0,-0.28,0.0,0.01,0.0,0.0,0.0,0.0,0.0,-0.27,-19.42,0.0,0.0,-0.025,147371,2024,14737,-0.01,2,0.01,-0.02,2,2,1,0,0,0,0,0,0,1,0,0,1,0,0,1,0,0,0,0.0,0.5,0.0,0.5,0.173,130.2,0.0,3100.0,3100.0,6375.64466271509
1,0,1.0,0.0,0.0,0.0,0.0,0.0,0.0,0.0,0.0,0.0,0.0,0.0,0.0,0.0,0.0,0.0,0.0,0.12,0.0,0.0,0.0,129701,2024,12970,0.19,5,0.19,0.0,8,8,5,1,1,0,0,1,4,2,0,0,3,0,0,3,0,0,0,0.2,0.5,0.8,1.3,0.303,237.7,0.0,3800.0,3420.0,7406.109903889678
109,85,758.1,0.787,682.0,627.0,48.0,7.0,99.0,8.01,-1.18,0.0,-0.78,0.0,-0.12,2.21,0.98,0.0,0.81,1.06,7.8,8.61,0.074,108707,2024,10870,-0.07,110,-0.18,0.1,326,316,288,27,70,11,0,0,81,26,1,1,14,10,0,63,8,10,4,0.243,0.297,0.281,0.578,0.067,52.1,0.0,5500.0,10000.0,8991.442217530373
66,49,431.2,0.296,295.0,267.0,24.0,4.0,98.6,6.07,-0.32,0.0,-0.45,0.0,-0.37,-1.12,0.91,0.0,-1.63,-2.83,4.87,3.24,-0.149,154727,2024,15472,0.22,83,0.37,-0.16,283,283,261,27,67,15,0,9,109,38,0,0,18,0,0,82,7,0,4,0.257,0.3,0.418,0.718,0.103,79.2,0.0,25200.0,5200.0,31517.343953253232
29,26,218.2,-0.007,60.0,59.0,0.0,1.0,98.3,2.43,0.87,-0.05,0.16,0.0,0.0,0.0,0.0,0.0,0.98,4.03,-1.06,-0.08,0.09,125167,2024,12516,0.36,35,0.28,0.08,126,125,102,19,22,3,0,4,37,19,1,0,22,1,1,27,1,1,0,0.216,0.36,0.363,0.723,0.128,100.7,0.0,68000.0,60000.0,52841.89752947052
1,0,3.0,-0.012,0.0,0.0,0.0,0.0,0.0,0.0,-0.16,0.0,0.02,0.0,0.0,0.0,0.0,0.0,-0.14,-10.1,0.01,-0.13,-0.013,161307,2024,16130,-0.05,2,-0.03,-0.01,1,1,1,1,0,0,0,0,0,0,0,0,0,0,0,0,0,0,0,0.0,0.0,0.0,0.0,-0.19,-151.2,0.0,3000.0,3000.0,3544.0142329977866
12,4,37.0,-0.047,27.0,24.0,2.0,1.0,96.3,6.32,0.0,0.0,-0.37,0.0,0.0,-0.12,-0.38,0.0,-0.76,-9.08,0.24,-0.52,-0.069,154797,2024,15479,-0.02,12,0.05,-0.07,11,11,9,1,2,1,0,0,3,2,0,0,1,1,0,2,0,0,0,0.222,0.364,0.333,0.697,0.137,110.5,0.0,8000.0,3000.0,6396.334430654435
2,2,14.0,-0.123,11.0,10.0,0.0,1.0,90.9,6.43,0.0,0.0,-0.45,0.0,0.0,-0.73,-0.47,0.0,-1.51,-109.07,0.17,-1.35,-0.138,154737,2024,15473,-0.1,2,0.04,-0.14,7,7,5,0,1,0,0,0,1,1,0,0,1,1,0,0,0,0,0,0.2,0.429,0.2,0.629,0.153,115.9,0.0,4000.0,3800.0,5454.509145435664
12,12,87.0,-0.254,91.0,85.0,4.0,2.0,97.8,9.21,-1.45,0.0,-0.57,0.0,0.0,0.0,0.0,0.0,-2.02,-7.46,-0.76,-2.78,-0.185,101807,2024,10180,-0.53,39,-0.33,-0.2,109,109,91,5,20,4,0,0,24,8,0,0,14,2,0,18,2,0,2,0.22,0.33,0.264,0.594,0.085,66.4,0.0,40000.0,30000.0,27207.300349393554
35,28,221.0,-0.344,98.0,44.0,50.0,4.0,95.9,3.83,-3.25,0.0,-0.05,-2.19,0.0,0.0,0.0,0.0,-5.49,-21.96,1.72,-3.77,-0.501,161247,2024,16124,-1.04,36,-0.55,-0.49,89,88,84,7,16,1,0,1,20,5,0,0,2,2,0,33,0,1,0,0.19,0.227,0.238,0.465,0.013,9.9,0.0,3000.0,3200.0,4725.403090487475
122,116,1027.2,-0.499,972.0,906.0,60.0,6.0,99.4,8.46,2.39,0.0,2.07,0.0,0.29,0.0,0.0,0.0,4.75,5.26,-10.22,-5.47,0.434,101827,2024,10182,-0.03,130,-0.32,0.3,544,544,482,49,124,23,1,13,188,84,0,1,47,6,2,92,12,0,9,0.257,0.325,0.39,0.715,0.111,86.1,0.0,65000.0,30000.0,56735.0983665501
29,15,138.0,-0.041,91.0,73.0,17.0,1.0,0.989,5.87,0.65,-0.29,0.22,-0.17,0.0,0.0,0.0,0.0,-0.25,-1.241,-0.194,-0.444,-0.023,147836,2024,14783,-0.18,31,-0.13,-0.05,71,69,63,11,14,2,0,2,22,12,0,1,4,0,0,20,0,2,2,0.222,0.261,0.349,0.61,0.059,45.5,0.0,5500.0,6000.0,5209.020037466291
110,62,567.0,0.394,221.0,97.0,121.0,3.0,0.986,3.46,2.06,-0.63,1.74,0.36,0.0,0.0,0.0,0.0,4.02,5.263,0.293,4.313,0.367,128941,2024,12894,1.01,103,0.67,0.33,262,255,231,39,64,11,0,3,84,23,16,6,22,1,0,51,9,7,1,0.277,0.341,0.364,0.705,0.115,87.9,0.0,8500.0,10500.0,8920.675596612838
78,37,416.0,0.964,201.0,82.0,115.0,4.0,0.98,4.262,6.27,-0.01,1.3,0.81,0.0,0.0,0.0,0.0,8.38,15.471,2.173,10.553,0.766,112447,2024,11244,-0.04,81,-0.77,0.73,202,197,189,26,42,6,3,0,54,10,0,0,7,0,1,27,1,5,1,0.222,0.249,0.286,0.535,0.035,27.5,0.0,11000.0,9000.0,12890.818856373739
127,58,634.0,-0.16,501.0,458.0,39.0,4.0,0.992,7.055,-1.09,1.1,0.71,0.0,0.0,0.0,0.0,0.0,1.04,1.179,-2.788,-1.748,0.095,102494,2024,10249,1.29,117,1.19,0.09,288,281,247,43,68,16,0,9,111,36,27,4,31,1,2,73,4,6,3,0.275,0.355,0.449,0.804,0.143,102.4,0.0,40000.0,30000.0,35529.99983122239
13,9,80.0,0.067,28.0,28.0,0.0,0.0,1.0,3.15,0.55,0.33,0.12,0.0,0.0,0.0,0.0,0.0,0.99,10.966,-0.259,0.731,0.09,136769,2024,13676,0.4,19,0.31,0.09,51,51,48,10,13,3,0,4,28,9,0,0,3,0,0,17,0,0,0,0.271,0.314,0.583,0.897,0.16,119.1,0.0,3300.0,3800.0,4560.134719503635
20,4,57.0,-0.14,35.0,21.0,12.0,2.0,0.943,5.211,-2.07,0.0,-0.62,1.1,0.0,0.0,0.0,0.0,-1.52,-10.944,-0.012,-1.532,-0.139,129316,2024,12931,-0.33,19,-0.22,-0.11,22,22,20,1,3,0,0,0,3,0,0,0,1,1,0,4,1,0,0,0.15,0.227,0.15,0.377,-0.004,-3.4,0.0,6000.0,6000.0,5700.984130563203
27,3,59.0,-0.513,26.0,6.0,17.0,3.0,0.885,3.508,-4.28,0.0,-1.08,-0.28,0.0,0.0,0.0,0.0,-5.66,-30.187,0.042,-5.618,-0.517,111981,2024,11198,-0.33,24,0.11,-0.44,20,20,15,5,3,1,0,0,4,0,1,0,5,0,0,7,2,0,0,0.2,0.4,0.267,0.667,0.135,102.1,0.0,8500.0,6800.0,6987.39267147218
98,16,302.0,-0.329,148.0,51.0,92.0,5.0,0.966,4.262,-4.95,0.0,-0.42,1.23,0.0,0.0,0.0,0.0,-4.05,-5.951,0.45,-3.6,-0.37,146120,2024,14612,0.16,100,0.48,-0.32,115,112,105,27,31,4,3,0,41,11,5,2,6,1,0,31,0,3,0,0.295,0.339,0.39,0.729,0.12,89.0,0.0,3500.0,6500.0,5701.038048391685
104,31,398.0,0.314,299.0,207.0,89.0,3.0,0.99,6.693,4.44,0.0,0.71,-0.95,0.0,0.0,0.0,0.0,4.27,5.912,-0.833,3.437,0.39,125605,2024,12560,0.06,100,-0.24,0.3,181,177,145,20,31,4,0,0,35,15,1,0,24,6,0,29,5,4,2,0.214,0.345,0.241,0.586,0.092,69.3,0.0,8000.0,8000.0,8058.068834213984
120,112,892.0,-0.121,505.0,209.0,286.0,10.0,0.98,4.994,-4.86,0.0,0.38,-1.27,0.0,0.0,0.0,0.0,-5.75,-6.9,4.428,-1.322,-0.525,100080,2024,10008,2.38,116,2.98,-0.6,466,458,423,48,139,23,0,9,189,57,5,1,30,5,0,39,13,7,0,0.329,0.38,0.447,0.827,0.156,117.4,1.0,60000.0,60000.0,58620.38725457874
26,2,56.0,-0.231,36.0,22.0,11.0,3.0,0.917,5.304,-0.44,0.0,-1.11,-0.99,0.0,0.0,0.0,0.0,-2.54,-14.068,0.014,-2.526,-0.232,125400,2024,12540,-0.19,27,0.05,-0.25,15,14,12,5,3,1,0,0,4,2,1,0,2,0,0,4,0,1,0,0.25,0.357,0.333,0.69,0.119,88.3,0.0,5500.0,6500.0,5720.422122004895
15,5,54.0,-0.4,23.0,7.0,12.0,4.0,0.826,3.167,-2.29,0.0,-1.63,-0.46,0.0,0.0,0.0,0.0,-4.38,-42.048,0.003,-4.377,-0.4,148192,2024,14819,-0.43,17,-0.11,-0.32,25,25,24,7,4,1,0,1,8,2,0,0,1,0,0,9,1,0,0,0.167,0.2,0.333,0.533,0.025,17.0,0.0,3100.0,3200.0,4951.425785296953
31,9,104.0,0.039,47.0,42.0,4.0,1.0,0.979,3.981,1.03,-0.37,-0.19,0.0,0.0,0.0,0.0,0.0,0.52,2.415,-0.09,0.43,0.048,150363,2024,15036,-0.49,35,-0.53,0.04,54,54,49,6,9,2,1,0,13,6,2,2,3,0,0,19,2,0,2,0.184,0.222,0.265,0.487,0.017,11.6,0.0,3000.0,3500.0,4047.135703515733
24,7,80.0,0.101,18.0,6.0,12.0,0.0,1.0,2.025,0.04,0.0,0.59,0.32,0.0,0.0,0.0,0.0,1.03,6.18,0.07,1.1,0.094,158683,2024,15868,-0.4,26,-0.47,0.07,32,32,29,4,2,0,0,0,2,3,0,0,1,1,0,11,1,0,1,0.069,0.125,0.069,0.194,-0.088,-60.7,0.0,3000.0,3250.0,4244.847052462703
33,6,103.0,0.391,33.0,28.0,5.0,0.0,1.0,2.883,1.97,2.21,0.3,0.0,0.0,0.0,0.0,0.0,4.49,19.593,-0.206,4.284,0.41,141692,2024,14169,0.12,39,-0.29,0.41,35,34,31,5,5,0,0,0,5,1,0,0,1,2,0,8,1,1,0,0.161,0.235,0.161,0.396,0.004,2.9,0.0,5200.0,4800.0,5157.054910079111
127,77,690.0,-0.013,319.0,301.0,12.0,6.0,0.981,4.083,2.81,-1.07,-0.77,0.0,0.0,0.0,0.0,0.0,0.97,1.1,-1.111,-0.141,0.089,125623,2024,12562,1.11,122,1.02,0.08,355,351,302,56,73,10,1,22,151,57,9,2,31,15,0,109,5,4,3,0.242,0.339,0.5,0.839,0.149,106.1,0.0,6000.0,13000.0,9670.801485443146
21,3,70.0,0.027,27.0,6.0,20.0,1.0,0.963,3.343,0.36,0.0,-0.04,-0.04,0.0,0.0,0.0,0.0,0.27,1.851,0.03,0.3,0.025,112553,2024,11255,-0.47,18,-0.47,0.01,25,22,21,1,2,0,0,0,2,1,0,0,0,0,0,6,1,3,1,0.095,0.091,0.095,0.186,-0.114,-81.5,0.0,10000.0,7000.0,11358.63929394595
54,40,347.0,-0.142,305.0,265.0,37.0,3.0,0.99,7.833,0.31,0.0,0.34,-0.45,0.0,0.0,0.0,0.0,0.23,0.613,-1.781,-1.551,0.021,102532,2024,10253,0.76,109,0.76,0.0,325,324,285,31,76,20,0,9,123,47,1,1,35,0,0,63,3,1,4,0.267,0.343,0.432,0.775,0.133,94.9,0.0,46666.0,20000.0,53837.61550316351
74,9,187.0,0.32,57.0,52.0,2.0,3.0,0.947,2.599,5.09,-0.4,-1.14,0.0,0.0,0.0,0.0,0.0,3.56,6.928,-0.054,3.506,0.325,128690,2024,12869,0.42,66,0.05,0.37,69,69,65,17,20,3,1,0,25,11,0,1,4,0,0,14,3,0,0,0.308,0.348,0.385,0.733,0.121,89.2,0.0,3800.0,6500.0,5059.886972946672
129,114,970.0,0.421,534.0,243.0,278.0,13.0,0.976,4.834,2.37,0.3,-1.2,-0.43,0.0,0.0,0.0,0.0,1.05,1.172,3.562,4.612,0.096,141602,2024,14160,3.08,120,2.96,0.12,532,531,481,79,148,27,6,14,229,87,5,4,41,1,0,78,10,1,8,0.308,0.358,0.476,0.834,0.152,107.9,0.0,8000.0,18500.0,15676.009981684985
28,21,166.0,-0.11,68.0,20.0,46.0,2.0,0.971,3.578,-2.92,0.0,0.42,0.27,0.0,0.0,0.0,0.0,-2.22,-11.417,1.018,-1.202,-0.203,145777,2024,14577,-0.19,28,0.03,-0.21,71,70,59,6,10,3,0,1,16,3,0,0,6,5,0,26,0,1,0,0.169,0.3,0.271,0.571,0.081,61.7,0.0,3300.0,3500.0,4235.840990946952
24,15,118.0,0.146,40.0,39.0,1.0,0.0,1.0,3.051,1.86,-0.15,0.19,0.0,0.0,0.0,0.0,0.0,1.9,11.4,-0.3,1.6,0.174,145807,2024,14580,-0.27,25,-0.44,0.17,59,59,49,5,5,2,0,0,7,1,2,0,10,0,0,17,1,0,0,0.102,0.254,0.143,0.397,0.016,12.6,0.0,3600.0,3700.0,3800.539288380919
89,63,554.0,-0.574,184.0,55.0,117.0,12.0,0.935,2.794,-3.92,0.0,-2.12,-0.33,0.0,0.0,0.0,0.0,-6.41,-10.371,0.124,-6.286,-0.586,161287,2024,16128,-0.42,94,0.01,-0.43,290,286,254,21,65,12,2,0,81,35,0,0,28,1,0,71,5,4,3,0.256,0.329,0.319,0.648,0.094,73.5,0.0,3000.0,4500.0,6240.309899750978
60,48,425.0,-0.039,119.0,118.0,0.0,1.0,0.992,2.499,-0.25,-0.1,0.32,0.0,0.0,0.0,0.0,0.0,-0.03,-0.072,-0.393,-0.423,-0.003,100357,2024,10035,1.42,60,1.43,-0.01,227,224,183,27,56,5,2,1,68,12,2,2,31,9,0,33,4,3,1,0.306,0.429,0.372,0.801,0.172,136.7,0.0,20000.0,20000.0,21812.82989360483
24,14,126.0,-0.115,36.0,33.0,2.0,1.0,0.972,2.5,-2.11,1.15,-0.23,0.0,0.0,0.0,0.0,0.0,-1.18,-7.08,-0.079,-1.259,-0.108,161367,2024,16136,-0.22,51,-0.16,-0.07,125,124,112,12,28,5,0,2,39,11,2,0,10,0,0,36,2,1,2,0.25,0.306,0.348,0.654,0.087,67.3,0.0,3000.0,4000.0,4326.963037724334
107,91,776.0,0.154,217.0,210.0,4.0,3.0,0.986,2.482,2.41,0.07,0.51,0.0,0.0,0.0,0.0,0.0,2.99,4.024,-1.301,1.689,0.273,145917,2024,14591,1.96,115,1.72,0.25,537,536,473,82,126,19,3,13,190,60,6,0,49,14,1,119,4,0,1,0.266,0.352,0.402,0.754,0.133,103.6,0.0,6600.0,11000.0,13101.692789155284
148,120,1072.0,0.389,431.0,232.0,189.0,10.0,0.977,3.535,2.77,0.0,1.94,-0.27,0.0,0.0,0.0,0.0,4.48,4.359,-0.217,4.263,0.409,113767,2024,11376,6.13,142,5.83,0.29,602,601,527,88,179,29,4,19,273,104,21,0,64,3,2,82,5,0,8,0.34,0.409,0.518,0.927,0.191,148.9,0.0,13000.0,30000.0,33959.19272649573
154,93,883.0,0.647,400.0,145.0,245.0,10.0,0.975,3.975,3.13,0.0,1.56,0.97,0.0,0.0,0.0,0.0,5.6,5.236,1.487,7.087,0.512,141406,2024,14140,1.29,133,0.73,0.56,389,385,339,48,87,14,2,2,111,43,8,4,38,4,0,51,7,4,4,0.257,0.335,0.327,0.662,0.101,77.6,0.0,7000.0,13500.0,13811.188961038963
70,51,458.0,-0.02,217.0,79.0,135.0,3.0,0.986,4.205,-2.99,0.0,1.36,0.14,0.0,0.0,0.0,0.0,-1.48,-3.045,1.265,-0.215,-0.135,154229,2024,15422,0.5,103,0.63,-0.14,289,287,260,29,72,16,2,5,107,47,3,5,24,2,1,53,9,1,2,0.277,0.34,0.412,0.752,0.126,93.2,0.0,23000.0,8800.0,23865.417899247157
33,22,190.0,-0.084,43.0,42.0,0.0,1.0,0.977,1.989,-0.37,-0.4,-0.05,0.0,0.0,0.0,0.0,0.0,-0.81,-3.535,-0.114,-0.924,-0.074,112267,2024,11226,-0.16,42,-0.13,-0.03,92,92,87,14,21,3,0,3,33,10,1,0,4,0,0,32,1,0,1,0.241,0.272,0.379,0.651,0.075,57.9,0.0,7000.0,6000.0,6169.918251745647
51,32,275.0,-0.285,140.0,51.0,82.0,7.0,0.95,4.353,-3.42,0.0,-1.19,-0.32,0.0,0.0,0.0,0.0,-4.86,-13.722,1.745,-3.115,-0.444,109139,2024,10913,0.25,64,0.7,-0.45,151,149,137,16,40,9,1,1,54,11,1,2,10,2,0,33,1,2,0,0.292,0.349,0.394,0.743,0.127,94.7,0.0,7000.0,9000.0,7465.692606246024
50,8,132.0,-0.006,30.0,28.0,0.0,2.0,0.933,1.909,1.43,-0.68,-0.74,0.0,0.0,0.0,0.0,0.0,0.02,0.058,-0.08,-0.06,0.002,150846,2024,15084,0.17,57,0.17,0.0,41,41,37,18,10,2,0,1,15,5,6,4,1,3,0,7,0,0,0,0.27,0.341,0.405,0.746,0.134,102.6,0.0,3000.0,4000.0,4570.0844067767675
85,33,360.0,0.105,124.0,120.0,0.0,4.0,0.968,3.0,2.23,0.37,-1.33,0.0,0.0,0.0,0.0,0.0,1.25,2.118,-0.098,1.152,0.114,151327,2024,15132,0.05,80,-0.05,0.11,148,144,129,23,33,5,1,0,40,6,3,0,13,2,0,17,4,4,0,0.256,0.333,0.31,0.643,0.097,73.8,0.0,4000.0,4500.0,5176.868096778179
33,9,130.0,0.38,35.0,35.0,0.0,0.0,1.0,2.423,4.13,0.07,0.19,0.0,0.0,0.0,0.0,0.0,4.38,19.113,-0.224,4.156,0.4,113476,2024,11347,-0.02,37,-0.42,0.4,56,54,49,8,9,1,0,0,10,3,2,0,4,0,0,13,2,2,1,0.184,0.241,0.204,0.445,0.01,7.8,0.0,5500.0,5200.0,5121.291587748647
11,0,25.0,0.092,5.0,5.0,0.0,0.0,1.0,1.8,0.87,0.09,0.06,0.0,0.0,0.0,0.0,0.0,1.02,13.353,-0.008,1.012,0.093,160136,2024,16013,0.06,17,-0.03,0.09,16,16,15,8,3,1,0,0,4,2,0,0,0,1,0,4,0,0,0,0.2,0.25,0.267,0.517,0.042,31.9,0.0,3000.0,3200.0,3642.5885741758025
124,102,863.0,-1.214,392.0,344.0,39.0,9.0,0.977,3.994,-8.7,-0.66,-1.22,-0.07,0.0,0.0,0.0,0.0,-10.6,-12.31,-2.69,-13.29,-0.968,125859,2024,12585,0.61,126,1.43,-0.82,472,466,413,59,120,24,0,12,180,61,5,2,45,4,0,89,9,6,4,0.291,0.363,0.436,0.799,0.145,106.5,0.0,7800.0,14600.0,16452.572454212455
88,68,584.0,0.402,152.0,146.0,5.0,1.0,0.993,2.327,4.97,0.82,0.42,0.0,0.0,0.0,0.0,0.0,6.22,10.178,-1.822,4.398,0.568,131126,2024,13112,2.41,96,1.85,0.56,361,360,305,47,96,16,2,0,116,48,13,7,49,3,0,38,4,1,3,0.315,0.411,0.38,0.791,0.158,120.8,0.0,20000.0,18000.0,26264.922048596236
129,113,915.0,-0.058,251.0,238.0,11.0,2.0,0.992,2.449,3.48,-0.36,0.16,0.0,0.0,0.0,0.0,0.0,3.28,3.661,-3.917,-0.637,0.3,111725,2024,11172,3.77,123,3.48,0.29,511,509,416,66,125,22,1,13,188,77,4,0,77,10,1,63,10,2,6,0.3,0.417,0.452,0.869,0.182,137.9,0.0,15000.0,22500.0,32337.561037587497
14,5,62.0,-0.049,9.0,8.0,1.0,0.0,1.0,1.306,-0.02,-0.53,0.09,0.0,0.0,0.0,0.0,0.0,-0.45,-4.629,-0.083,-0.533,-0.041,160721,2024,16072,0.3,25,0.34,-0.04,34,34,27,10,9,2,0,0,11,1,1,1,7,0,0,8,0,0,0,0.333,0.471,0.407,0.878,0.202,156.9,0.0,3000.0,3500.0,5928.841473561538
39,14,169.0,-0.317,44.0,39.0,5.0,0.0,1.0,2.343,-4.66,1.01,0.42,0.0,0.0,0.0,0.0,0.0,-3.22,-11.889,-0.25,-3.47,-0.294,132505,2024,13250,-0.52,40,-0.22,-0.3,76,76,73,10,18,4,1,0,24,3,2,1,2,1,0,22,2,0,0,0.247,0.276,0.329,0.605,0.067,50.3,0.0,3900.0,3700.0,4574.8960065129995
39,9,113.0,-0.236,48.0,20.0,27.0,1.0,0.979,3.743,-3.25,0.0,0.42,-0.15,0.0,0.0,0.0,0.0,-2.99,-11.04,0.406,-2.584,-0.273,147165,2024,14716,-0.07,40,0.24,-0.31,50,50,44,8,14,1,0,0,15,3,0,0,2,4,0,9,2,0,0,0.318,0.4,0.341,0.741,0.148,109.8,0.0,3800.0,3800.0,4455.193843268793
7,0,12.0,0.031,5.0,5.0,0.0,0.0,1.0,3.75,0.31,0.0,0.04,0.0,0.0,0.0,0.0,0.0,0.36,7.406,-0.023,0.337,0.033,126061,2024,12606,0.07,15,0.03,0.03,15,15,14,0,4,2,0,0,6,1,1,0,1,0,0,7,0,0,0,0.286,0.333,0.429,0.762,0.129,100.8,0.0,3300.0,3300.0,4015.1804840732807
59,18,221.0,-0.042,55.0,54.0,0.0,1.0,0.982,2.199,-0.23,0.13,-0.01,0.0,0.0,0.0,0.0,0.0,-0.11,-0.268,-0.35,-0.46,-0.01,141701,2024,14170,-0.69,61,-0.7,0.01,89,87,75,10,10,1,0,1,14,7,1,1,8,2,0,26,1,2,2,0.133,0.23,0.187,0.417,0.007,5.6,0.0,3700.0,4200.0,4237.433242949661
60,30,296.0,0.11,141.0,108.0,30.0,3.0,0.979,4.196,0.67,0.04,-0.47,0.77,0.0,0.0,0.0,0.0,1.02,2.448,0.186,1.206,0.093,142215,2024,14221,0.62,65,0.55,0.06,155,154,131,33,37,5,0,1,45,14,7,3,17,4,0,34,1,1,2,0.282,0.377,0.344,0.721,0.131,99.0,0.0,6600.0,7000.0,7746.732945346127
68,27,295.0,0.202,163.0,64.0,97.0,2.0,0.988,4.912,0.45,0.0,0.82,0.38,0.0,0.0,0.0,0.0,1.64,3.473,0.576,2.216,0.15,108102,2024,10810,-0.31,72,-0.41,0.1,143,143,132,17,33,3,1,0,38,12,0,1,10,1,0,32,3,0,0,0.25,0.308,0.288,0.596,0.073,51.3,0.0,3100.0,5000.0,4677.182066133987
135,93,885.0,0.445,252.0,247.0,4.0,1.0,0.996,2.553,5.46,-0.29,1.14,0.0,0.0,0.0,0.0,0.0,6.32,6.741,-1.445,4.875,0.577,125241,2024,12524,0.97,130,0.4,0.57,382,368,328,60,87,5,2,0,96,30,64,8,33,3,1,53,2,14,4,0.265,0.334,0.293,0.627,0.085,65.5,0.0,9500.0,20000.0,14491.223329593788
18,1,41.0,-0.116,10.0,10.0,0.0,0.0,1.0,2.195,-0.64,-0.71,0.1,0.0,0.0,0.0,0.0,0.0,-1.26,-10.08,-0.009,-1.269,-0.115,151399,2024,15139,-0.21,43,-0.09,-0.12,15,15,13,13,2,0,0,0,2,0,5,2,2,0,0,5,0,0,0,0.154,0.267,0.154,0.421,0.019,13.9,0.0,3100.0,3500.0,3702.238387979333
75,28,336.0,0.025,82.0,80.0,1.0,1.0,0.988,2.17,0.9,-0.68,0.17,0.0,0.0,0.0,0.0,0.0,0.39,0.749,-0.117,0.273,0.036,131389,2024,13138,-0.21,87,-0.24,0.03,154,152,133,26,31,4,1,0,37,13,8,2,16,2,0,32,3,2,1,0.233,0.322,0.278,0.6,0.082,61.5,0.0,3600.0,5000.0,4520.93489394774
96,51,494.0,-0.303,104.0,100.0,2.0,2.0,0.981,1.858,-3.51,0.89,0.1,0.0,0.0,0.0,0.0,0.0,-2.52,-3.78,-0.8,-3.32,-0.23,132615,2024,13261,0.37,89,0.56,-0.2,236,233,215,31,61,9,1,5,87,33,8,2,13,4,0,52,7,3,1,0.284,0.335,0.405,0.74,0.121,91.5,0.0,5000.0,7600.0,7212.298937652409
20,6,81.0,0.246,16.0,16.0,0.0,0.0,1.0,1.778,1.95,0.7,0.17,0.0,0.0,0.0,0.0,0.0,2.82,20.304,-0.128,2.692,0.258,141269,2024,14126,0.01,23,-0.23,0.24,39,39,36,6,8,1,0,0,9,4,0,1,3,0,0,11,4,0,0,0.222,0.282,0.25,0.532,0.047,34.4,0.0,3300.0,3500.0,3764.26790308937
89,75,638.0,0.412,286.0,150.0,126.0,10.0,0.965,3.893,3.57,0.0,-0.49,1.04,0.0,0.0,0.0,0.0,4.22,6.828,0.288,4.508,0.386,147855,2024,14785,1.99,89,1.52,0.47,366,364,314,54,86,15,0,11,134,48,4,3,37,7,0,70,7,2,6,0.274,0.357,0.427,0.784,0.141,106.3,0.0,11000.0,17500.0,15997.451746256493
78,57,476.0,0.423,248.0,89.0,156.0,3.0,0.988,4.632,3.38,0.0,1.46,-0.84,0.0,0.0,0.0,0.0,3.33,6.148,1.303,4.633,0.304,160424,2024,16042,1.8,88,1.52,0.28,240,237,215,40,66,8,5,1,87,23,16,5,19,3,0,49,3,3,0,0.307,0.371,0.405,0.776,0.143,103.2,0.0,3000.0,7500.0,6783.177791806346
5,2,24.0,-0.02,10.0,6.0,4.0,0.0,1.0,3.75,-0.39,0.0,0.17,0.0,0.0,0.0,0.0,0.0,-0.24,-6.912,0.016,-0.224,-0.022,126224,2024,12622,-0.26,5,-0.23,-0.03,9,9,9,0,0,0,0,0,0,0,0,0,0,0,0,4,0,0,0,0.0,0.0,0.0,0.0,-0.19,-139.6,0.0,5000.0,3200.0,4578.669036206892
21,8,86.0,-0.087,15.0,15.0,0.0,0.0,1.0,1.57,-1.23,0.16,0.2,0.0,0.0,0.0,0.0,0.0,-0.87,-5.966,-0.085,-0.955,-0.079,160434,2024,16043,-0.25,23,-0.17,-0.08,31,31,29,1,7,0,0,1,10,4,1,0,2,0,0,6,0,0,0,0.241,0.29,0.345,0.635,0.076,53.9,0.0,3000.0,3000.0,3808.5521710005023
13,0,30.0,-0.258,14.0,4.0,7.0,3.0,0.786,3.3,-1.96,0.0,-1.3,0.38,0.0,0.0,0.0,0.0,-2.88,-31.902,0.06,-2.82,-0.263,141108,2024,14110,-0.31,20,-0.14,-0.18,14,14,14,6,3,0,0,0,3,0,0,1,0,0,0,7,0,0,0,0.214,0.214,0.214,0.428,-0.01,-7.4,0.0,3100.0,3400.0,5368.545494707945
36,0,68.0,-0.261,12.0,11.0,0.0,1.0,0.917,1.456,-2.15,-0.31,-0.32,0.0,0.0,0.0,0.0,0.0,-2.79,-11.16,-0.067,-2.857,-0.255,113428,2024,11342,-0.18,36,0.08,-0.26,20,19,14,8,3,0,0,0,3,1,0,1,3,2,0,6,0,1,0,0.214,0.421,0.214,0.635,0.145,105.2,0.0,6500.0,6000.0,7115.357497959613
100,73,666.0,-1.018,140.0,128.0,5.0,7.0,0.95,1.797,-8.65,0.45,-2.04,0.0,0.0,0.0,0.0,0.0,-10.25,-14.76,-0.896,-11.146,-0.937,141474,2024,14147,-0.74,107,0.11,-0.85,317,315,290,40,72,19,0,10,121,36,15,2,18,2,0,90,5,2,5,0.248,0.292,0.417,0.709,0.102,73.9,0.0,10000.0,9000.0,26993.338677673033
6,0,8.0,-0.005,2.0,2.0,0.0,0.0,1.0,2.25,-0.39,0.33,0.01,0.0,0.0,0.0,0.0,0.0,-0.05,-1.2,-0.005,-0.055,-0.005,113514,2024,11351,-0.07,7,-0.06,0.0,3,3,3,2,0,0,0,0,0,0,0,0,0,0,0,1,0,0,0,0.0,0.0,0.0,0.0,-0.19,-133.8,0.0,3000.0,3000.0,3572.388140254686
34,23,193.0,-0.255,96.0,34.0,57.0,5.0,0.948,4.244,-1.84,0.0,-1.31,-0.28,0.0,0.0,0.0,0.0,-3.35,-14.188,0.557,-2.793,-0.306,126134,2024,12613,-0.8,37,-0.58,-0.22,75,74,70,3,12,1,0,0,13,2,1,1,4,0,0,14,0,1,0,0.171,0.216,0.186,0.402,-0.01,-7.2,0.0,4000.0,3200.0,4875.1100400967525
131,83,786.0,0.212,449.0,191.0,246.0,12.0,0.973,5.004,2.76,0.0,-0.52,-2.37,0.0,0.0,0.0,0.0,-0.12,-0.132,2.441,2.321,-0.011,161109,2024,16110,1.39,123,1.38,0.01,389,386,349,52,105,8,4,3,130,35,4,7,31,5,0,56,6,3,1,0.301,0.365,0.372,0.737,0.129,95.1,0.0,3000.0,8300.0,11756.850786888182
123,85,749.0,-0.171,155.0,146.0,5.0,4.0,0.974,1.814,-0.35,-0.19,-0.72,0.0,0.0,0.0,0.0,0.0,-1.25,-1.463,-0.619,-1.869,-0.114,146422,2024,14642,2.33,125,2.46,-0.13,406,400,366,94,117,15,8,4,160,26,51,10,31,2,0,56,3,6,1,0.32,0.375,0.437,0.812,0.153,109.0,0.0,7600.0,15500.0,13842.924572649577
46,21,203.0,0.146,60.0,59.0,0.0,1.0,0.983,2.616,1.99,-0.26,-0.05,0.0,0.0,0.0,0.0,0.0,1.68,5.259,-0.085,1.595,0.153,125399,2024,12539,-0.15,42,-0.3,0.15,103,103,93,20,19,6,0,1,28,13,0,1,8,2,0,27,3,0,0,0.204,0.282,0.301,0.583,0.067,50.9,0.0,7000.0,6200.0,6710.220353007462
155,112,1010.0,-0.335,481.0,166.0,292.0,23.0,0.952,4.081,-9.41,0.0,-2.97,2.75,0.0,0.0,0.0,0.0,-9.19,-8.538,5.524,-3.666,-0.84,108042,2024,10804,1.01,139,1.65,-0.64,468,463,405,57,106,19,1,7,148,53,4,5,47,10,3,120,7,3,3,0.262,0.351,0.365,0.716,0.121,86.4,0.0,13500.0,17000.0,22459.15609399773
135,97,879.0,0.491,405.0,163.0,227.0,15.0,0.963,3.993,-1.5,0.0,-0.0,1.27,0.0,0.0,0.0,0.0,-0.22,-0.235,5.593,5.373,-0.02,114149,2024,11414,0.59,134,0.74,-0.14,374,368,336,49,93,10,3,1,112,46,6,4,26,3,0,56,5,6,3,0.277,0.332,0.333,0.665,0.098,72.4,0.0,7500.0,11000.0,13323.086641136642
53,3,105.0,0.011,30.0,29.0,0.0,1.0,0.967,2.486,0.65,-0.2,-0.28,0.0,0.0,0.0,0.0,0.0,0.17,0.462,-0.045,0.125,0.016,131552,2024,13155,-0.12,71,-0.14,0.01,37,37,32,23,5,0,0,0,5,1,14,3,3,2,0,9,2,0,0,0.156,0.27,0.156,0.426,0.028,19.8,0.0,4000.0,4600.0,4407.189543386993
105,93,787.0,-0.598,262.0,90.0,159.0,13.0,0.95,2.848,-4.54,0.0,-1.13,-0.86,0.0,0.0,0.0,0.0,-6.67,-9.147,0.121,-6.549,-0.609,145902,2024,14590,2.4,100,2.96,-0.57,428,425,396,70,126,26,4,18,214,78,7,4,17,9,2,65,5,1,5,0.318,0.356,0.54,0.896,0.17,121.7,0.0,4500.0,12500.0,12654.216950738302
89,42,420.0,-0.181,228.0,94.0,131.0,3.0,0.987,4.821,-3.78,0.0,1.19,-0.57,0.0,0.0,0.0,0.0,-3.16,-5.113,1.175,-1.985,-0.289,129883,2024,12988,-0.92,82,-0.57,-0.35,166,154,142,24,31,2,0,0,33,8,4,2,11,1,0,39,3,12,0,0.218,0.279,0.232,0.511,0.041,29.2,0.0,5200.0,7000.0,6511.325737799467
36,17,176.0,0.035,51.0,49.0,2.0,0.0,1.0,2.608,1.03,-0.96,0.42,0.0,0.0,0.0,0.0,0.0,0.49,1.96,-0.105,0.385,0.045,129363,2024,12936,-0.03,32,-0.07,0.04,89,86,74,15,18,4,0,0,22,6,3,1,9,1,0,16,1,3,2,0.243,0.326,0.297,0.623,0.088,65.0,0.0,10000.0,7000.0,9002.081486833245
118,66,621.0,0.076,166.0,165.0,0.0,1.0,0.994,2.391,0.87,0.46,0.79,0.0,0.0,0.0,0.0,0.0,2.12,2.587,-1.292,0.828,0.194,106403,2024,10640,1.05,117,0.87,0.18,311,307,281,43,85,8,1,9,122,34,4,2,22,3,0,50,5,4,1,0.302,0.358,0.434,0.792,0.142,101.0,0.0,6000.0,10000.0,11552.933337265875
18,7,77.0,0.064,38.0,18.0,20.0,0.0,1.0,4.442,-0.67,0.0,0.55,0.66,0.0,0.0,0.0,0.0,0.53,4.24,0.171,0.701,0.048,158753,2024,15875,0.04,16,0.01,0.03,29,28,23,5,4,0,1,0,6,2,0,0,5,0,0,8,0,1,0,0.174,0.321,0.261,0.582,0.085,58.1,0.0,3000.0,3500.0,4266.746946427853
63,35,348.0,0.299,97.0,95.0,2.0,0.0,1.0,2.509,2.9,0.38,1.05,0.0,0.0,0.0,0.0,0.0,4.34,9.92,-1.071,3.269,0.397,131613,2024,13161,1.05,69,0.67,0.38,188,188,161,26,46,4,1,7,73,20,1,3,22,3,0,47,1,0,2,0.286,0.378,0.453,0.831,0.159,113.7,0.0,3700.0,7400.0,5515.850561724668
38,1,63.0,0.131,25.0,23.0,2.0,0.0,1.0,3.571,0.13,1.17,0.16,0.0,0.0,0.0,0.0,0.0,1.45,5.495,-0.021,1.429,0.132,131954,2024,13195,0.12,43,-0.01,0.13,13,13,12,9,2,2,0,0,4,1,2,1,0,1,0,5,0,0,0,0.167,0.231,0.333,0.564,0.058,42.6,0.0,3200.0,3200.0,4280.671561140705
78,39,390.0,-0.405,178.0,64.0,108.0,6.0,0.966,3.969,-4.03,0.0,-0.24,-0.83,0.0,0.0,0.0,0.0,-5.04,-9.305,0.609,-4.431,-0.46,106364,2024,10636,-0.49,71,0.03,-0.53,167,162,141,21,32,3,1,1,40,15,2,0,16,4,0,28,7,5,1,0.227,0.321,0.284,0.605,0.085,60.3,0.0,20000.0,15000.0,19658.849687711026
132,114,979.0,0.82,356.0,141.0,200.0,15.0,0.958,3.135,7.06,0.0,0.27,1.29,0.0,0.0,0.0,0.0,8.13,8.869,0.844,8.974,0.743,150353,2024,15035,2.29,126,1.59,0.71,509,508,456,65,115,16,3,28,221,79,9,2,45,3,0,155,2,1,4,0.252,0.321,0.485,0.806,0.137,97.8,0.0,3800.0,15000.0,12420.063323779397
53,34,292.0,0.404,102.0,47.0,52.0,3.0,0.971,3.051,3.18,0.0,0.46,0.96,0.0,0.0,0.0,0.0,4.43,12.036,-0.005,4.425,0.405,114223,2024,11422,0.3,58,-0.07,0.36,128,128,111,17,25,5,0,5,45,14,0,1,14,1,0,42,3,0,2,0.225,0.313,0.405,0.718,0.11,77.9,0.0,6000.0,7500.0,6909.100221735683
104,87,692.0,-0.079,165.0,161.0,1.0,3.0,0.982,2.107,3.5,-1.43,-0.55,0.0,0.0,0.0,0.0,0.0,1.51,2.091,-2.378,-0.868,0.138,113398,2024,11339,2.2,115,2.08,0.12,393,389,351,47,124,14,3,1,147,34,4,2,35,1,1,45,9,3,3,0.353,0.41,0.419,0.829,0.164,118.0,0.0,24000.0,30000.0,30242.47842772734
77,48,454.0,0.409,226.0,81.0,142.0,3.0,0.987,4.421,1.4,0.0,1.25,0.23,0.0,0.0,0.0,0.0,2.95,5.517,1.527,4.477,0.27,113978,2024,11397,1.52,73,1.36,0.16,201,198,174,33,51,12,2,6,85,27,0,1,18,4,0,41,7,3,2,0.293,0.369,0.489,0.858,0.166,120.7,0.0,14000.0,16000.0,17728.714331561732
190,111,1024.0,-0.305,242.0,233.0,5.0,4.0,0.983,2.092,-3.73,0.74,0.5,0.0,0.0,0.0,0.0,0.0,-2.49,-1.887,-0.844,-3.334,-0.228,125340,2024,12534,2.17,136,2.43,-0.26,508,501,438,75,128,23,3,9,184,56,21,9,50,8,0,66,6,7,5,0.292,0.371,0.42,0.791,0.147,110.1,0.0,22000.0,40000.0,30037.883519965308
30,13,125.0,0.048,26.0,26.0,0.0,0.0,1.0,1.872,0.32,-0.06,0.28,0.0,0.0,0.0,0.0,0.0,0.56,2.688,-0.037,0.523,0.051,130068,2024,13006,-0.22,31,-0.26,0.05,48,46,44,12,11,0,0,0,11,3,0,1,2,0,0,12,0,2,0,0.25,0.283,0.25,0.533,0.042,30.8,0.0,5000.0,4500.0,4556.990601435153
22,8,77.0,-0.037,27.0,12.0,15.0,0.0,1.0,3.156,-1.07,0.0,0.5,0.11,0.0,0.0,0.0,0.0,-0.46,-3.011,0.058,-0.402,-0.042,131518,2024,13151,-0.61,27,-0.55,-0.06,43,42,41,3,6,1,0,0,7,0,0,0,1,0,0,12,2,1,0,0.146,0.167,0.171,0.338,-0.044,-32.6,0.0,8500.0,7000.0,6721.867561209406
31,4,68.0,0.007,24.0,22.0,2.0,0.0,1.0,3.176,0.89,-0.95,0.16,0.0,0.0,0.0,0.0,0.0,0.1,0.465,-0.019,0.081,0.009,150978,2024,15097,0.16,35,0.15,0.01,16,16,14,9,5,0,0,0,5,1,0,0,2,0,0,2,0,0,0,0.357,0.438,0.357,0.795,0.162,121.4,0.0,3100.0,3600.0,4306.585554929781
90,78,641.0,0.169,620.0,564.0,50.0,6.0,0.99,8.621,8.24,0.11,0.16,0.0,0.0,0.0,0.0,0.0,8.19,13.104,-6.336,1.854,0.748,113338,2024,11333,1.64,125,0.96,0.68,403,401,347,50,89,11,0,17,151,58,6,1,45,7,2,86,8,1,3,0.256,0.351,0.435,0.786,0.139,101.7,0.0,11000.0,17000.0,21969.61721565061
95,56,489.0,-0.362,118.0,117.0,0.0,1.0,0.992,2.153,-2.17,-1.02,0.39,0.0,0.0,0.0,0.0,0.0,-2.8,-4.244,-1.165,-3.965,-0.256,112330,2024,11233,0.54,103,0.8,-0.26,247,242,191,36,50,10,0,1,63,18,4,3,45,2,0,36,6,5,4,0.262,0.401,0.33,0.731,0.144,107.0,0.0,12000.0,14000.0,11458.923260457179
29,0,58.0,0.009,23.0,21.0,0.0,2.0,0.913,3.259,1.21,-0.23,-0.87,0.0,0.0,0.0,0.0,0.0,0.1,0.497,-0.005,0.095,0.009,156452,2024,15645,0.16,39,0.15,0.01,17,17,15,8,3,0,1,0,5,1,3,1,2,0,0,5,0,0,0,0.2,0.294,0.333,0.627,0.086,60.6,0.0,3100.0,3300.0,4166.171731415434
7,6,53.0,0.186,19.0,8.0,11.0,0.0,1.0,3.226,1.3,0.0,0.37,0.28,0.0,0.0,0.0,0.0,1.95,40.114,0.084,2.034,0.178,150580,2024,15058,0.5,6,0.33,0.16,27,27,27,5,11,2,0,1,16,8,1,0,0,0,0,9,0,0,0,0.407,0.407,0.593,1.0,0.212,154.7,0.0,3000.0,3200.0,5603.717916212083
17,8,72.0,-0.058,39.0,10.0,23.0,6.0,0.846,4.125,0.66,0.0,-2.46,0.96,0.0,0.0,0.0,0.0,-0.84,-7.115,0.209,-0.631,-0.077,146110,2024,14611,-0.01,16,0.0,-0.01,30,30,29,5,8,4,0,0,12,2,0,1,1,0,0,7,0,0,0,0.276,0.3,0.414,0.714,0.105,77.5,0.0,3500.0,3800.0,4606.507156689798
120,106,865.0,-0.923,695.0,651.0,36.0,8.0,0.988,7.148,-4.32,-0.31,-0.17,0.0,0.0,0.0,0.0,0.0,-5.1,-6.12,-5.006,-10.106,-0.466,110990,2024,11099,0.18,112,0.73,-0.55,449,449,399,56,115,16,1,9,160,54,7,1,44,3,0,89,17,0,3,0.288,0.361,0.401,0.762,0.134,99.8,0.0,13000.0,17000.0,32250.02240659917
115,85,685.0,-0.113,306.0,158.0,141.0,7.0,0.977,3.928,-2.78,0.0,1.23,-1.2,0.0,0.0,0.0,0.0,-2.65,-3.318,1.416,-1.234,-0.242,108943,2024,10894,0.09,100,0.42,-0.34,348,343,302,43,78,9,1,3,98,36,11,4,33,6,0,70,7,5,2,0.258,0.341,0.325,0.666,0.106,76.0,0.0,20000.0,60000.0,19878.52656933599
37,35,283.0,-0.102,69.0,66.0,3.0,0.0,1.0,2.194,-1.37,-0.06,0.74,0.0,0.0,0.0,0.0,0.0,-0.7,-2.724,-0.422,-1.122,-0.064,147847,2024,14784,-0.33,38,-0.25,-0.07,139,139,119,14,20,3,0,4,35,13,0,0,17,3,0,64,2,0,0,0.168,0.288,0.294,0.582,0.072,55.7,0.0,4000.0,4600.0,4402.609598341713
17,14,105.0,-0.296,19.0,19.0,0.0,0.0,1.0,1.629,-3.3,0.04,0.24,0.0,0.0,0.0,0.0,0.0,-3.0,-25.412,-0.245,-3.245,-0.274,112257,2024,11225,-0.87,22,-0.59,-0.28,57,57,49,4,5,0,0,1,8,5,0,0,7,0,0,16,2,0,1,0.102,0.211,0.163,0.374,-0.011,-8.3,0.0,7200.0,5800.0,6234.405903397025
29,1,54.0,0.191,20.0,18.0,2.0,0.0,1.0,3.333,1.22,0.85,0.09,0.0,0.0,0.0,0.0,0.0,2.17,10.775,-0.083,2.087,0.198,141876,2024,14187,-0.09,57,-0.29,0.2,16,15,13,20,1,0,0,0,1,1,11,7,2,0,0,3,0,1,0,0.077,0.2,0.077,0.277,-0.037,-28.6,0.0,4000.0,4300.0,4354.197179950852
10,3,28.0,0.061,10.0,2.0,7.0,1.0,0.9,2.893,1.19,0.0,-0.28,-0.28,0.0,0.0,0.0,0.0,0.62,8.928,0.05,0.67,0.057,125456,2024,12545,0.12,12,0.07,0.05,9,9,6,1,1,0,0,0,1,0,0,0,3,0,0,0,0,0,0,0.167,0.444,0.167,0.611,0.145,110.3,0.0,3500.0,3500.0,5084.358897456266
20,13,114.0,0.064,39.0,36.0,1.0,2.0,0.949,2.921,1.22,0.52,-0.7,0.0,0.0,0.0,0.0,0.0,1.04,7.488,-0.342,0.698,0.095,141337,2024,14133,-0.13,27,-0.23,0.09,62,61,55,7,11,1,0,1,15,5,0,0,6,0,0,18,2,1,0,0.2,0.279,0.273,0.552,0.054,42.4,0.0,3500.0,3800.0,4035.5345532992706
46,37,329.0,0.285,95.0,94.0,0.0,1.0,0.989,2.571,5.5,-1.26,-0.03,0.0,0.0,0.0,0.0,0.0,4.21,13.179,-1.087,3.123,0.385,132237,2024,13223,-0.2,77,-0.58,0.38,232,232,219,16,55,3,1,5,75,21,0,0,11,1,0,51,4,0,1,0.251,0.289,0.342,0.631,0.075,57.6,0.0,4800.0,5500.0,5329.678562313579
3,0,6.0,-0.101,5.0,1.0,3.0,1.0,0.8,6.0,-0.99,0.0,-0.47,0.33,0.0,0.0,0.0,0.0,-1.12,-53.76,0.013,-1.107,-0.102,146756,2024,14675,-0.13,4,-0.08,-0.06,3,3,3,0,0,0,0,0,0,0,0,0,0,0,0,2,0,0,0,0.0,0.0,0.0,0.0,-0.19,-136.0,0.0,3000.0,3100.0,5457.328017427791
32,21,174.0,0.043,49.0,14.0,33.0,2.0,0.959,2.431,-0.59,0.0,0.18,0.51,0.0,0.0,0.0,0.0,0.46,2.07,0.006,0.466,0.042,102382,2024,10238,0.1,35,0.06,0.03,84,84,70,6,14,5,0,2,25,8,0,1,10,3,0,18,1,0,1,0.2,0.321,0.357,0.678,0.109,79.9,0.0,20000.0,20000.0,21906.254908226474
8,1,20.0,0.017,9.0,1.0,8.0,0.0,1.0,4.05,0.49,0.0,0.15,-0.5,0.0,0.0,0.0,0.0,0.14,2.52,0.045,0.185,0.013,160912,2024,16091,0.11,12,0.1,0.01,7,7,6,5,2,1,1,0,5,3,0,0,1,0,0,1,0,0,0,0.333,0.429,0.833,1.262,0.307,214.0,0.0,3000.0,3100.0,6135.514267721459
104,99,813.0,-1.017,172.0,165.0,0.0,7.0,0.959,1.827,-6.0,-0.06,-1.08,0.0,0.0,0.0,0.0,0.0,-7.14,-9.886,-3.993,-11.133,-0.652,108154,2024,10815,-0.23,132,0.43,-0.67,523,519,464,64,109,29,0,24,210,87,0,1,46,9,3,142,2,1,3,0.235,0.314,0.453,0.767,0.125,89.3,0.0,90000.0,90000.0,80830.26276298701
93,87,668.0,-0.348,631.0,584.0,42.0,5.0,0.992,8.434,1.77,0.0,0.8,0.0,0.0,0.0,0.0,0.0,2.62,4.057,-6.43,-3.81,0.239,148074,2024,14807,-0.76,106,-0.97,0.21,366,366,340,33,85,13,0,11,131,45,3,4,25,1,0,90,4,0,0,0.25,0.303,0.385,0.688,0.095,68.1,0.0,3000.0,8000.0,9610.662285610995
149,135,1151.0,0.171,318.0,310.0,4.0,4.0,0.987,2.455,1.4,0.65,0.81,0.0,0.0,0.0,0.0,0.0,2.87,2.774,-1.003,1.867,0.262,150482,2024,15048,3.13,141,2.9,0.23,613,610,532,97,156,35,4,14,241,85,7,8,67,7,1,114,10,2,5,0.293,0.376,0.453,0.829,0.159,113.1,0.0,9000.0,20000.0,17590.743650793655
14,6,53.0,-0.082,29.0,11.0,16.0,2.0,0.931,4.585,-0.39,0.0,-0.68,0.0,0.0,0.0,0.0,0.0,-1.06,-10.903,0.157,-0.903,-0.097,131284,2024,13128,0.17,18,0.28,-0.11,34,34,25,2,6,2,0,0,8,5,0,0,9,0,0,8,0,0,0,0.24,0.441,0.32,0.761,0.171,126.9,0.0,4500.0,3200.0,4868.649532229317
63,50,444.0,-0.28,256.0,115.0,133.0,8.0,0.969,5.027,-4.36,0.0,-1.3,0.92,0.0,0.0,0.0,0.0,-4.74,-10.834,1.68,-3.06,-0.433,160384,2024,16038,0.09,76,0.49,-0.4,249,246,228,33,63,9,2,4,88,21,8,3,12,3,0,61,3,3,3,0.276,0.317,0.386,0.703,0.106,75.2,0.0,3000.0,6200.0,6046.137708048688
7,1,16.0,-0.037,4.0,4.0,0.0,0.0,1.0,2.25,-0.09,0.0,0.12,-0.48,0.0,0.0,0.0,0.0,-0.45,-9.257,0.049,-0.401,-0.041,160585,2024,16058,-0.1,7,-0.06,-0.05,5,5,4,0,0,0,0,0,0,0,0,0,1,0,0,2,0,0,0,0.0,0.2,0.0,0.2,-0.045,-35.0,0.0,3000.0,3000.0,3636.2584430876395
4,0,5.0,-0.032,3.0,3.0,0.0,0.0,1.0,5.4,-0.01,0.0,0.03,0.0,0.0,0.0,0.0,0.0,-0.33,-11.88,-0.015,-0.345,-0.03,146595,2024,14659,-0.08,7,-0.05,-0.03,9,9,9,1,2,1,0,0,3,1,0,0,0,0,0,3,0,0,0,0.222,0.222,0.333,0.555,0.036,26.9,0.0,4000.0,3000.0,3945.363336916475
11,0,18.0,-0.23,1.0,1.0,0.0,0.0,1.0,0.5,-2.53,0.03,0.02,0.0,0.0,0.0,0.0,0.0,-2.47,-32.335,-0.049,-2.519,-0.226,146615,2024,14661,-0.09,19,0.13,-0.23,7,7,6,3,3,2,0,0,5,1,2,1,1,0,0,3,0,0,0,0.5,0.571,0.833,1.404,0.374,278.2,0.0,3200.0,3100.0,7630.016418886245
156,131,1131.0,0.99,677.0,360.0,304.0,13.0,0.981,5.284,7.05,0.0,0.16,-0.06,0.0,0.0,0.0,0.0,7.21,6.655,3.624,10.834,0.659,110871,2024,11087,3.71,140,2.9,0.81,566,561,521,81,146,34,7,18,248,81,16,5,32,7,4,158,8,2,4,0.28,0.328,0.476,0.804,0.136,104.3,0.0,25500.0,37000.0,40175.864362806285
181,132,1155.0,-0.125,450.0,235.0,202.0,13.0,0.971,3.405,-1.31,0.0,1.06,-0.63,0.0,0.0,0.0,0.0,-0.94,-0.748,-0.431,-1.371,-0.086,141376,2024,14137,4.32,144,4.47,-0.15,602,597,519,80,156,35,3,22,263,101,7,6,65,2,3,112,14,3,13,0.301,0.372,0.507,0.879,0.169,130.4,0.0,30000.0,41000.0,51303.26863542253
141,124,1053.0,0.16,357.0,134.0,209.0,14.0,0.961,2.932,1.95,0.0,0.53,-0.8,0.0,0.0,0.0,0.0,1.47,1.501,0.278,1.748,0.134,142205,2024,14220,1.39,141,1.28,0.11,567,561,512,68,146,19,3,10,201,61,1,3,30,16,0,101,15,6,3,0.285,0.342,0.393,0.735,0.123,93.3,0.0,12000.0,17500.0,21423.19016787919
51,31,311.0,-0.222,80.0,73.0,5.0,2.0,0.975,2.257,-2.41,0.51,-0.22,0.0,0.0,0.0,0.0,0.0,-2.12,-5.986,-0.311,-2.431,-0.194,145975,2024,14597,-0.46,55,-0.26,-0.2,158,156,141,17,33,5,1,2,46,17,3,0,14,0,0,46,2,2,1,0.234,0.301,0.326,0.627,0.08,60.9,0.0,3000.0,12000.0,4632.732457596925
66,52,461.0,0.889,229.0,87.0,138.0,4.0,0.983,4.393,3.22,0.0,2.04,1.03,0.0,0.0,0.0,0.0,6.35,13.855,3.385,9.735,0.58,125221,2024,12522,1.47,65,0.91,0.56,212,211,186,25,42,9,2,7,76,28,2,0,21,3,0,58,3,1,1,0.226,0.313,0.409,0.722,0.114,86.6,0.0,7000.0,8500.0,8253.389117082792
39,21,178.0,-0.163,179.0,162.0,14.0,3.0,0.983,8.899,0.45,0.0,-0.69,0.0,-0.26,0.0,-1.26,0.0,-1.14,-4.209,-0.647,-1.787,-0.104,154846,2024,15484,-0.33,70,-0.25,-0.08,180,179,162,14,39,4,0,6,61,24,0,0,14,2,2,49,4,0,2,0.241,0.306,0.377,0.683,0.095,71.7,0.0,28300.0,4700.0,29548.814927338502
8,6,44.0,-0.167,7.0,7.0,0.0,0.0,1.0,1.432,-2.2,0.48,0.06,0.0,0.0,0.0,0.0,0.0,-1.66,-29.88,-0.162,-1.822,-0.152,110981,2024,11098,-0.39,10,-0.24,-0.15,26,26,23,3,4,0,0,1,7,2,0,0,2,0,0,7,1,0,1,0.174,0.231,0.304,0.535,0.031,22.0,0.0,9000.0,7200.0,8398.161055902043
9,2,15.0,-0.078,9.0,9.0,0.0,0.0,1.0,5.4,-0.84,0.0,0.08,0.0,0.0,0.0,0.0,0.0,-0.76,-12.16,-0.089,-0.849,-0.069,141416,2024,14141,-0.07,14,0.01,-0.07,16,16,15,1,4,0,0,1,7,2,0,0,1,0,0,4,1,0,0,0.267,0.313,0.467,0.78,0.123,94.7,0.0,3100.0,3300.0,3843.1975553769907
139,129,1098.0,0.019,288.0,271.0,7.0,10.0,0.965,2.279,6.39,0.73,-1.76,0.0,0.0,0.0,0.0,0.0,5.37,5.563,-5.162,0.208,0.491,125466,2024,12546,5.06,139,4.48,0.59,637,635,524,96,176,18,3,5,215,73,10,11,96,12,3,93,8,1,4,0.336,0.447,0.41,0.857,0.185,142.3,0.0,51000.0,65000.0,57862.27399711398
125,113,987.0,0.024,567.0,257.0,299.0,11.0,0.981,5.07,-3.68,0.0,0.43,-1.05,0.0,0.0,0.0,0.0,-4.3,-4.954,4.563,0.263,-0.393,130566,2024,13056,2.64,128,3.11,-0.47,474,459,387,78,115,11,6,0,138,40,32,11,64,5,1,47,7,15,3,0.297,0.401,0.357,0.758,0.148,114.2,0.0,11500.0,20000.0,18228.81068998708
6,3,23.0,0.004,5.0,5.0,0.0,0.0,1.0,1.957,0.11,-0.05,0.03,0.0,0.0,0.0,0.0,0.0,0.09,2.16,-0.047,0.043,0.008,146806,2024,14680,-0.19,15,-0.2,0.01,17,16,14,3,2,0,0,0,2,0,0,0,2,0,0,3,1,1,0,0.143,0.25,0.143,0.393,0.006,4.4,0.0,3000.0,3200.0,3572.388140254686
135,132,1113.0,-0.397,323.0,77.0,216.0,30.0,0.907,2.369,2.45,0.0,-6.91,-0.06,0.0,0.0,0.0,0.0,-4.34,-4.629,0.0,-4.34,-0.397,150560,2024,15056,8.32,141,8.51,-0.18,625,619,544,143,189,29,10,38,352,109,40,4,66,7,7,110,10,1,7,0.347,0.42,0.647,1.067,0.232,172.5,1.0,10000.0,50000.0,34871.22218537019
3,2,15.0,-0.248,8.0,2.0,4.0,2.0,0.75,3.6,-1.93,0.0,-0.89,0.05,0.0,0.0,0.0,0.0,-2.76,-132.48,0.047,-2.713,-0.252,160860,2024,16086,-0.15,3,0.1,-0.26,6,6,5,2,2,0,0,0,2,0,0,0,0,1,0,0,0,0,0,0.4,0.5,0.4,0.9,0.229,164.9,0.0,3000.0,3100.0,7231.869343160427
6,2,24.0,-0.09,8.0,3.0,4.0,1.0,0.875,2.625,-0.69,0.0,-0.35,0.0,0.0,0.0,0.0,0.0,-1.05,-25.2,0.06,-0.99,-0.096,114070,2024,11407,-0.2,6,-0.1,-0.1,12,12,11,0,2,0,0,0,2,1,0,0,1,0,0,4,1,0,0,0.182,0.25,0.182,0.432,0.01,7.5,0.0,4300.0,4500.0,4602.885535552412
68,43,388.0,-0.256,312.0,283.0,26.0,3.0,0.99,7.168,-1.24,0.0,0.56,0.32,0.0,0.0,0.0,0.0,-0.64,-1.355,-2.167,-2.807,-0.058,141240,2024,14124,0.72,69,0.77,-0.04,187,187,168,22,51,9,2,5,79,21,1,0,16,2,0,48,8,0,1,0.304,0.369,0.47,0.839,0.159,119.0,0.0,6000.0,8500.0,7680.671947046887
85,43,434.0,-0.213,361.0,275.0,81.0,5.0,0.986,7.382,-0.91,0.0,-0.19,0.22,0.0,0.0,0.0,0.0,-1.03,-1.745,-1.304,-2.334,-0.094,108550,2024,10855,1.51,94,1.54,-0.02,248,245,203,40,63,14,1,1,82,26,3,1,36,3,0,31,2,3,3,0.31,0.416,0.404,0.82,0.169,124.5,0.0,5000.0,12000.0,7353.828276579239
3,0,4.0,0.0,0.0,0.0,0.0,0.0,0.0,0.0,0.0,0.0,0.0,0.0,0.0,0.0,0.0,0.0,0.0,0.0,0.0,0.0,0.0,146902,2024,14690,0.1,5,0.1,0.0,5,5,4,0,2,0,0,0,2,2,0,0,0,1,0,1,0,0,0,0.5,0.6,0.5,1.1,0.313,217.3,0.0,3000.0,3100.0,7617.915487391503
7,5,41.0,-0.031,33.0,29.0,3.0,1.0,0.97,7.024,0.24,0.0,-0.29,0.0,0.0,0.0,0.0,0.0,-0.05,-1.029,-0.291,-0.341,-0.005,148663,2024,14866,-0.24,9,-0.23,-0.01,21,21,21,1,4,1,0,0,5,2,0,0,0,0,0,4,0,0,0,0.19,0.19,0.238,0.428,-0.013,-9.2,0.0,3000.0,3300.0,4108.4346631081835
8,3,34.0,-0.179,27.0,23.0,3.0,1.0,0.963,6.882,-0.56,0.0,-0.38,0.0,-0.82,0.0,-0.75,0.0,-2.22,-39.96,0.261,-1.959,-0.203,113443,2024,11344,-0.24,10,-0.08,-0.16,23,23,20,3,4,1,0,0,5,1,0,0,3,0,0,5,1,0,0,0.2,0.304,0.25,0.554,0.066,47.7,0.0,7000.0,5500.0,6368.572804218212
6,4,34.0,0.167,19.0,8.0,11.0,0.0,1.0,5.029,1.08,0.0,0.2,0.43,0.0,0.0,0.0,0.0,1.72,41.28,0.108,1.828,0.157,141163,2024,14116,-0.17,7,-0.32,0.15,15,14,13,0,0,0,0,0,0,1,0,0,1,0,0,6,1,1,0,0.0,0.071,0.0,0.071,-0.138,-92.5,0.0,3700.0,4000.0,4336.861553450367
7,2,31.0,0.087,6.0,6.0,0.0,0.0,1.0,1.742,0.64,0.32,0.07,0.0,0.0,0.0,0.0,0.0,1.03,21.189,-0.073,0.957,0.094,113363,2024,11336,-0.05,12,-0.14,0.09,21,21,20,2,4,1,0,0,5,1,0,0,0,1,0,3,1,0,0,0.2,0.238,0.25,0.488,0.027,18.5,0.0,4100.0,4500.0,3971.1517713597805
11,4,38.0,-0.115,16.0,6.0,9.0,1.0,0.938,3.553,-1.01,0.0,-0.26,0.0,0.0,0.0,0.0,0.0,-1.25,-16.364,-0.004,-1.254,-0.114,131643,2024,13164,-0.16,12,-0.08,-0.08,17,17,14,1,1,0,0,1,4,2,0,0,1,2,0,9,1,0,0,0.071,0.235,0.286,0.521,0.056,39.5,0.0,4100.0,4300.0,4454.884706677157
3,1,13.0,-0.038,6.0,4.0,1.0,1.0,0.833,3.462,0.09,-0.01,-0.46,0.0,0.0,0.0,0.0,0.0,-0.38,-18.24,-0.033,-0.413,-0.035,141810,2024,14181,-0.07,3,-0.03,-0.04,7,7,7,0,2,0,0,0,2,1,0,0,0,0,0,3,0,0,0,0.286,0.286,0.286,0.572,0.049,36.1,0.0,3300.0,3400.0,4452.861866984415
35,22,193.0,-0.217,160.0,139.0,17.0,4.0,0.975,7.275,-1.17,-0.03,-1.32,0.0,0.95,0.0,-3.71,0.0,-4.16,-17.115,1.786,-2.374,-0.38,131688,2024,13168,2.12,144,2.46,-0.34,614,612,550,92,159,27,0,26,264,96,6,2,59,3,4,127,6,0,2,0.289,0.36,0.48,0.84,0.154,112.3,0.0,29000.0,70000.0,51433.929103779104
10,4,39.0,-0.117,6.0,2.0,3.0,1.0,0.833,1.154,-1.13,0.0,-0.23,0.0,0.0,0.0,0.0,0.0,-1.29,-18.576,0.004,-1.286,-0.118,146058,2024,14605,-0.23,13,-0.15,-0.08,18,18,17,3,3,2,0,0,5,0,0,0,1,0,0,6,0,0,0,0.176,0.222,0.294,0.516,0.03,21.9,0.0,3000.0,3500.0,3888.729039640205
116,106,863.0,0.356,445.0,192.0,239.0,14.0,0.969,4.495,-0.05,0.0,-0.17,-0.05,0.0,0.0,0.0,0.0,-0.26,-0.323,4.16,3.9,-0.024,103208,2024,10320,1.89,113,1.77,0.13,420,413,369,60,102,18,4,4,140,45,3,2,37,6,0,59,12,7,1,0.276,0.351,0.379,0.73,0.126,91.5,0.0,50000.0,50000.0,53156.427284271296
127,103,873.0,0.426,266.0,262.0,1.0,3.0,0.989,2.711,4.08,0.22,0.36,0.0,0.0,0.0,0.0,0.0,4.66,5.284,0.004,4.664,0.426,146183,2024,14618,3.98,135,3.58,0.41,535,521,453,102,143,16,3,3,174,36,42,4,60,9,2,40,5,12,1,0.316,0.405,0.384,0.789,0.157,112.7,0.0,16000.0,28000.0,26174.56532416964
8,2,28.0,-0.052,15.0,6.0,8.0,1.0,0.933,4.5,-0.09,0.0,-0.32,-0.23,0.0,0.0,0.0,0.0,-0.64,-11.52,0.07,-0.57,-0.058,147778,2024,14777,-0.09,9,-0.03,-0.07,10,10,9,3,2,0,0,0,2,0,0,0,1,0,0,2,0,0,0,0.222,0.3,0.222,0.522,0.05,37.9,0.0,4600.0,4600.0,4688.303303399921
15,5,57.0,0.122,18.0,11.0,7.0,0.0,1.0,2.842,0.94,0.0,0.46,-0.17,0.0,0.0,0.0,0.0,1.23,11.808,0.103,1.333,0.112,112148,2024,11214,-0.04,17,-0.13,0.09,18,18,14,1,1,0,0,0,1,0,0,0,4,0,0,5,0,0,0,0.071,0.278,0.071,0.349,0.018,13.5,0.0,5300.0,5100.0,5108.196064353735
73,70,558.0,-0.366,436.0,307.0,123.0,6.0,0.986,6.935,-3.42,0.0,0.04,0.16,0.0,0.0,0.0,0.0,-3.16,-6.233,-0.845,-4.005,-0.289,100149,2024,10014,1.33,128,1.65,-0.31,533,531,473,64,142,21,0,13,202,66,3,2,49,6,1,70,10,1,4,0.3,0.37,0.427,0.797,0.146,107.9,0.0,50000.0,50000.0,58493.581326839834
29,16,138.0,-0.038,31.0,29.0,2.0,0.0,1.0,2.022,-0.64,-0.04,0.32,0.0,0.0,0.0,0.0,0.0,-0.37,-1.837,-0.049,-0.419,-0.034,147069,2024,14706,-0.24,24,-0.2,-0.03,64,64,57,10,9,3,2,0,16,7,0,1,6,1,0,19,2,0,0,0.158,0.25,0.281,0.531,0.048,35.5,0.0,3400.0,3700.0,3937.232857367976
66,50,436.0,0.131,108.0,102.0,4.0,2.0,0.981,2.188,4.58,-0.76,-0.44,0.0,0.0,0.0,0.0,0.0,3.38,7.375,-1.947,1.433,0.309,147079,2024,14707,1.18,82,0.86,0.32,244,240,210,37,60,13,2,2,83,22,3,0,25,3,0,31,3,4,2,0.286,0.367,0.395,0.762,0.139,102.2,0.0,4800.0,6800.0,7278.526133851154
41,30,236.0,-0.517,95.0,89.0,4.0,2.0,0.979,3.547,-4.91,0.5,-0.49,0.0,0.0,0.0,0.0,0.0,-4.84,-16.999,-0.818,-5.658,-0.442,125899,2024,12589,-0.99,51,-0.58,-0.41,143,143,131,11,31,2,0,1,36,7,0,0,10,2,0,32,5,0,0,0.237,0.301,0.275,0.576,0.066,48.1,0.0,6900.0,5500.0,6531.923180605808
19,13,97.0,-0.242,48.0,20.0,25.0,3.0,0.938,4.175,-1.84,0.0,-0.64,-0.87,0.0,0.0,0.0,0.0,-3.35,-25.389,0.701,-2.649,-0.306,154767,2024,15476,-0.74,20,-0.53,-0.2,41,39,37,3,4,1,0,0,5,1,0,0,2,0,0,13,2,2,0,0.108,0.154,0.135,0.289,-0.058,-43.9,0.0,10100.0,3200.0,10899.875447813247
