Name,G,GS,GR,GF,CG,SHO,W,L,S,HD,IP,ER,R,rRA,TBF,H,2B,3B,HR,BB,HP,IB,SO,ROE,BK,WP,ERA,RA9,rRA9,rRA9pf,FIP,WHIP,WAR,pid,연도,수상횟수,연봉,샐러리캡,이후연봉,예측연봉
류현진,28,28,0,0,0,0,10,8,0,0,158.1,68,78,76.95,679,182,22,1,12,33,3,0,135,10,0,1,3.87,4.43,4.37,4.41,3.67,1.36,4.44,10590,2024,0.0,250000.0,1071046,200000.0,114752.866
주현상,65,0,65,51,0,0,8,4,23,2,71.1,21,22,24.75,267,52,8,2,9,8,1,0,64,0,0,1,2.65,2.78,3.12,3.09,3.85,0.84,3.13,11415,2024,0.0,11000.0,1071046,25000.0,25514.8
와이스,16,16,0,0,0,0,5,5,0,0,91.2,38,43,41.95,384,77,13,5,8,29,3,0,98,7,0,6,3.73,4.22,4.12,4.06,3.65,1.16,2.92,16153,2024,0.0,4800.0,1071046,84000.0,12984.88
문동주,21,21,0,0,0,0,7,7,0,0,111.1,64,71,69.6,502,148,25,3,14,38,4,1,96,4,1,8,5.17,5.74,5.63,5.61,4.71,1.67,1.77,15013,2024,0.0,10000.0,1071046,10000.0,14083.39
황준서,36,11,25,6,0,0,2,8,0,1,72.0,43,44,44.05,341,80,16,0,9,51,5,0,70,1,1,3,5.38,5.5,5.51,5.42,5.67,1.82,1.24,16107,2024,0.0,3000.0,1071046,4500.0,7495.82
박상원,65,0,65,9,0,0,3,3,2,16,66.2,34,38,38.25,278,57,18,0,2,22,7,0,65,3,0,8,4.59,5.13,5.16,5.12,3.47,1.19,1.11,12871,2024,0.0,19500.0,1071046,22000.0,26996.404
이민우,64,0,64,7,0,0,2,1,1,10,55.0,23,25,31.35,235,56,10,2,5,23,1,0,49,2,0,1,3.76,4.09,5.13,4.97,4.41,1.44,0.99,13003,2024,0.0,5600.0,1071046,9400.0,10861.81
한승혁,70,0,70,4,0,0,5,5,0,19,62.2,35,39,37.1,289,63,7,1,2,38,6,2,64,2,0,6,5.03,5.6,5.33,5.27,4.2,1.61,0.94,10812,2024,0.0,4900.0,1071046,9400.0,10628.85
장민재,26,0,26,9,0,0,1,1,0,0,29.0,10,10,12.75,138,46,7,0,2,7,1,0,17,0,0,5,3.1,3.1,3.96,3.88,4.41,1.83,0.74,10610,2024,0.0,15000.0,1071046,15000.0,12162.76
김서현,37,0,37,5,0,0,1,2,0,10,38.1,16,20,20.15,178,31,6,2,0,32,4,0,43,2,0,3,3.76,4.7,4.73,4.93,4.31,1.64,0.71,15421,2024,0.0,53300.0,1071046,5600.0,43887.55
김민우,3,3,0,0,0,0,1,0,0,0,12.1,3,3,3.0,49,7,0,0,2,6,0,0,13,1,0,0,2.19,2.19,2.19,2.44,5.0,1.05,0.62,11410,2024,0.0,16700.0,1071046,13000.0,22902.856
이상규,21,3,18,4,0,0,1,4,0,0,32.0,20,20,18.95,149,39,7,1,5,15,1,1,27,0,0,1,5.63,5.63,5.33,5.29,5.4,1.69,0.48,13245,2024,0.0,4400.0,1071046,4800.0,5349.92
김기중,27,11,16,4,0,0,5,4,0,0,59.0,43,44,42.6,286,83,12,1,8,27,6,0,39,2,0,2,6.56,6.71,6.5,6.56,5.89,1.86,0.33,14808,2024,0.0,4400.0,1071046,6000.0,5837.06
장시환,30,0,30,2,0,0,2,2,0,2,33.1,19,27,22.05,156,34,6,1,3,22,1,0,28,5,0,0,5.13,7.29,5.95,5.96,5.31,1.68,0.28,10453,2024,0.0,25000.0,1071046,20000.0,15593.1
김승일,3,0,3,1,0,0,0,0,0,0,3.0,1,1,0.3,13,4,1,0,0,0,1,0,2,0,0,1,3.0,3.0,0.9,0.9,3.57,1.33,0.12,14711,2024,0.0,3000.0,1071046,3200.0,3608.5
김범수,39,0,39,6,0,0,0,0,0,4,34.0,20,20,25.1,157,33,2,0,11,20,5,1,38,2,0,3,5.29,5.29,6.64,6.53,7.44,1.56,0.08,11411,2024,0.0,19300.0,1071046,14300.0,13993.8
김규연,58,1,57,12,0,0,1,0,0,4,59.0,46,50,46.95,270,66,10,1,6,28,4,1,40,3,0,3,7.02,7.63,7.16,7.05,5.4,1.59,0.01,14871,2024,0.0,4100.0,1071046,5300.0,9191.14
조동욱,21,8,13,6,0,0,1,2,0,0,41.0,29,34,35.9,198,57,10,0,5,14,6,0,32,3,1,1,6.37,7.46,7.88,7.68,5.21,1.73,0.0,16108,2024,0.0,3000.0,1071046,4000.0,5065.38
배민서,1,0,1,0,0,0,0,0,0,0,1.2,3,3,3.0,11,4,1,0,0,3,0,0,1,0,0,0,16.2,16.2,16.2,16.17,8.28,4.2,-0.08,14158,2024,0.0,5100.0,1071046,4100.0,4465.2
김도빈,1,1,0,0,0,0,0,1,0,0,0.1,2,2,2.0,5,1,0,0,0,3,0,0,1,0,0,0,54.0,54.0,54.0,54.0,24.6,12.0,-0.11,16118,2024,0.0,3000.0,1071046,3100.0,5795.3
이충호,3,0,3,0,0,0,0,0,0,0,2.1,1,1,3.05,13,4,1,0,0,3,0,0,3,0,0,0,3.86,3.86,11.76,11.02,4.97,3.0,-0.12,11116,2024,0.0,3400.0,1071046,3400.0,3637.7
장지수,13,0,13,7,0,0,0,0,0,0,14.0,17,18,14.75,75,23,5,2,0,10,2,2,11,1,0,2,10.93,11.57,9.48,9.15,4.45,2.36,-0.14,14178,2024,0.0,3200.0,1071046,3400.0,5133.94
윤대경,7,0,7,1,0,0,0,0,0,0,7.2,9,9,10.2,40,10,3,0,1,6,1,1,7,0,0,0,10.57,10.57,11.97,11.77,6.3,2.09,-0.26,11110,2024,0.0,11000.0,1071046,7000.0,9475.9
이태양,10,1,9,3,0,0,0,2,0,0,9.1,12,13,14.2,48,17,3,0,4,2,0,0,2,1,0,0,11.57,12.54,13.69,13.89,9.43,2.04,-0.5,10609,2024,0.0,70000.0,1071046,47000.0,68030.226
임찬규,25,24,1,0,0,0,10,6,0,1,134.0,57,58,56.1,577,144,29,1,12,42,5,1,136,0,0,1,3.83,3.9,3.77,3.94,3.79,1.39,4.46,10652,2024,0.0,20000.0,1385616,20000.0,31266.96
손주영,28,27,1,0,0,0,9,10,0,1,144.2,61,71,65.3,637,157,16,0,11,54,10,0,112,9,0,6,3.79,4.42,4.06,4.26,4.54,1.46,4.31,12908,2024,0.0,4300.0,1385616,17200.0,15852.22
최원태,24,23,1,0,0,0,9,7,0,0,126.2,60,66,62.2,554,126,20,1,10,57,5,0,103,6,0,5,4.26,4.69,4.42,4.58,4.62,1.44,3.3,11379,2024,0.0,40000.0,1385616,20000.0,43995.932
에르난데스,11,9,2,1,0,0,3,2,1,1,47.0,21,21,19.45,195,41,6,1,5,16,2,0,55,1,0,1,4.02,4.02,3.72,3.92,3.73,1.21,1.59,16160,2024,0.0,44000.0,1385616,112000.0,59272.572
김진성,71,0,71,6,0,0,3,3,1,27,70.1,31,34,38.35,294,62,11,1,11,23,7,3,61,4,0,2,3.97,4.35,4.91,5.13,5.17,1.21,1.23,11166,2024,0.0,35000.0,1385616,33000.0,38822.664
유영찬,62,0,62,50,0,0,7,5,26,1,63.2,21,24,35.5,286,61,15,0,2,30,3,3,77,3,2,5,2.97,3.39,5.02,5.22,3.06,1.43,1.06,14669,2024,0.0,8500.0,1385616,21000.0,15063.93
김유영,53,2,51,6,0,0,1,2,1,6,47.2,20,27,25.7,212,50,7,0,2,16,4,0,42,8,1,3,3.78,5.1,4.85,4.99,3.8,1.38,0.84,11229,2024,0.0,6700.0,1385616,10500.0,10689.16
이종준,27,0,27,13,0,0,1,2,0,1,26.0,12,13,12.65,119,26,5,0,4,16,0,0,28,1,0,1,4.15,4.5,4.38,4.5,5.25,1.62,0.52,14651,2024,0.0,3000.0,1385616,4200.0,7451.56
함덕주,15,0,15,1,0,0,0,1,0,3,11.2,7,7,4.95,54,13,0,1,2,7,1,0,8,0,0,0,5.4,5.4,3.82,4.02,6.65,1.71,0.32,11094,2024,0.0,20000.0,1385616,20000.0,15478.5
우강훈,13,0,13,5,0,0,1,0,0,0,11.2,3,5,5.2,54,11,1,0,0,6,5,0,10,0,0,2,2.31,3.86,4.01,4.11,4.98,1.46,0.27,14816,2024,0.0,3100.0,1385616,3600.0,4735.8
임준형,18,1,17,3,0,0,0,0,0,0,13.2,10,10,7.95,62,16,4,0,2,4,3,0,13,0,0,0,6.59,6.59,5.24,5.48,5.15,1.46,0.19,14142,2024,0.0,4800.0,1385616,5500.0,5366.9
진우영,6,0,6,6,0,0,0,0,0,0,7.2,4,4,4.0,35,8,3,0,1,4,0,0,6,0,0,2,4.7,4.7,4.7,4.89,5.41,1.57,0.12,16015,2024,0.0,3000.0,1385616,3400.0,5127.1
김대현,37,0,37,8,0,0,2,0,1,1,35.0,21,21,25.0,155,33,6,1,6,18,2,0,30,0,0,5,5.4,5.4,6.43,6.56,5.87,1.46,0.11,12532,2024,0.0,5700.0,1385616,7500.0,7719.36
이지강,46,2,44,6,0,0,2,3,1,1,53.2,27,35,38.75,250,61,9,0,5,26,2,0,39,5,0,5,4.53,5.87,6.5,6.69,5.11,1.62,0.11,14143,2024,0.0,6800.0,1385616,8300.0,8286.15
정우영,27,0,27,2,0,0,2,1,0,3,22.2,12,15,15.0,108,31,6,0,0,11,6,0,17,1,0,3,4.76,5.96,5.96,6.38,4.65,1.85,0.09,14136,2024,0.0,32000.0,1385616,18000.0,28756.566
김진수,7,0,7,3,0,0,0,1,0,0,13.1,10,10,9.15,58,17,2,0,3,4,0,0,6,0,0,0,6.75,6.75,6.18,6.15,6.68,1.58,0.09,14781,2024,0.0,3200.0,1385616,3600.0,4024.8
성동현,2,0,2,1,0,0,0,0,0,0,2.0,0,0,0.0,8,0,0,0,0,3,0,0,1,0,0,0,0.0,0.0,0.0,0.0,7.6,1.5,0.08,13103,2024,0.0,3200.0,1385616,3400.0,3594.3
최동환,26,0,26,7,0,0,0,1,0,2,22.0,17,18,19.7,105,35,6,0,4,9,0,0,14,1,0,0,6.95,7.36,8.06,8.52,6.04,2.0,-0.23,10535,2024,0.0,13000.0,1385616,11000.0,10349.4
김영준,14,0,14,5,0,0,1,1,0,0,15.1,14,17,16.65,76,21,3,0,2,9,0,1,11,3,0,2,8.22,9.98,9.77,10.23,5.58,1.96,-0.33,13102,2024,0.0,3600.0,1385616,4200.0,4766.4
박명근,33,0,33,3,0,0,2,2,1,8,25.1,18,20,20.65,120,29,4,0,6,12,3,0,13,3,0,0,6.39,7.11,7.34,7.79,7.57,1.62,-0.34,15486,2024,0.0,17500.0,1385616,6000.0,13468.0
정지헌,17,0,17,4,0,0,0,0,0,1,12.1,16,18,15.65,69,19,2,0,2,11,3,0,11,2,0,3,11.68,13.14,11.42,11.87,7.42,2.43,-0.41,16017,2024,0.0,3000.0,1385616,3500.0,4557.8
백승현,36,0,36,7,0,0,2,1,2,1,26.2,27,28,25.6,135,33,7,0,3,22,2,2,14,0,0,1,9.11,9.45,8.64,8.92,6.9,2.06,-0.5,13009,2024,0.0,9200.0,1385616,7000.0,9992.6
이우찬,42,1,41,3,0,0,3,2,0,6,33.2,33,35,33.15,172,42,6,1,2,30,1,0,31,4,1,6,8.82,9.36,8.86,8.94,5.46,2.14,-0.73,10749,2024,0.0,12500.0,1385616,10000.0,10522.4
반즈,25,25,0,0,0,0,9,6,0,0,150.2,56,59,55.9,624,140,17,4,18,46,5,0,171,8,0,6,3.35,3.52,3.34,3.18,3.83,1.23,6.43,15011,2024,0.0,85000.0,1115018,133000.0,141724.4
박세웅,30,30,0,0,0,0,6,11,0,0,173.1,92,103,97.65,759,188,33,0,13,56,11,0,124,12,0,10,4.78,5.35,5.07,4.97,4.5,1.41,4.06,11310,2024,0.0,135000.0,1115018,135000.0,105333.0
김원중,56,0,56,42,0,0,3,6,25,0,63.1,25,27,28.5,277,59,8,0,4,31,1,7,68,2,0,5,3.55,3.84,4.05,3.85,3.64,1.42,2.44,10825,2024,0.0,50000.0,1115018,110000.0,57013.682
김진욱,19,18,1,0,0,0,4,3,0,0,84.2,50,54,49.85,388,89,21,3,13,44,3,0,87,6,0,5,5.31,5.74,5.3,5.04,5.18,1.57,2.02,14792,2024,0.0,6000.0,1115018,10000.0,10343.47
한현희,57,5,52,5,0,0,5,3,0,8,76.1,44,45,44.45,342,92,18,1,7,24,10,1,70,3,0,4,5.19,5.31,5.24,4.97,4.38,1.52,1.58,10863,2024,0.0,40000.0,1115018,110000.0,37200.062
박진,38,3,35,11,0,0,2,4,1,0,49.1,24,28,27.65,214,60,9,1,4,11,2,0,35,0,0,4,4.38,5.11,5.04,4.72,4.21,1.44,1.12,14163,2024,0.0,3300.0,1115018,6000.0,7848.52
김상수,74,0,74,10,0,0,8,4,2,17,73.2,34,40,45.4,322,71,11,1,5,26,5,2,56,6,1,6,4.15,4.89,5.55,5.38,4.33,1.32,1.12,10427,2024,0.0,16000.0,1115018,24000.0,17970.32
정현수,18,4,14,0,0,0,1,1,0,1,23.2,12,12,10.75,104,20,7,0,0,12,2,0,25,1,0,0,4.56,4.56,4.09,3.85,3.39,1.35,0.83,16090,2024,0.0,3000.0,1115018,4000.0,6701.64
김강현,26,0,26,10,0,0,0,0,0,0,25.1,10,13,13.7,123,28,4,0,2,18,2,1,24,3,0,3,3.55,4.62,4.87,4.54,5.1,1.82,0.53,12699,2024,0.0,3200.0,1115018,4000.0,5019.62
박진형,7,0,7,0,0,0,0,0,0,0,6.1,3,3,2.65,24,6,1,0,0,1,1,0,4,0,0,1,4.26,4.26,3.77,3.76,3.6,1.11,0.21,11425,2024,0.0,8600.0,1115018,5600.0,6677.8
구승민,66,0,66,7,0,0,5,3,0,13,57.2,31,37,42.7,279,68,10,0,6,35,6,1,62,5,0,7,4.84,5.77,6.66,6.44,4.9,1.79,0.19,11291,2024,0.0,45000.0,1115018,30000.0,33668.832
최준용,27,0,27,4,0,0,1,2,0,3,21.2,13,13,15.55,105,28,2,1,2,14,1,1,12,1,0,1,5.4,5.4,6.46,6.02,5.92,1.94,0.17,14624,2024,0.0,16300.0,1115018,11000.0,13014.7
이민석,18,5,13,5,0,0,0,2,0,1,31.0,25,27,25.6,153,38,5,3,3,25,2,0,20,1,0,1,7.26,7.84,7.43,7.14,6.44,2.03,0.07,15045,2024,0.0,3800.0,1115018,4000.0,4605.4
진승현,7,0,7,3,0,0,0,1,0,0,6.1,6,6,5.0,32,7,3,0,0,5,0,0,5,2,0,0,8.53,8.53,7.11,6.48,4.67,1.89,0.03,15047,2024,0.0,4300.0,1115018,4000.0,5458.8
정우준,8,0,8,5,0,0,0,0,0,0,8.1,4,4,6.6,40,10,2,0,2,7,0,0,5,0,0,0,4.32,4.32,7.13,6.76,8.16,2.04,0.03,14795,2024,0.0,3100.0,1115018,3200.0,4155.4
박준우,2,0,2,2,0,0,0,0,0,0,2.0,2,2,2.0,10,3,1,0,0,1,0,0,1,0,0,0,9.0,9.0,9.0,9.03,4.5,2.0,-0.01,16092,2024,0.0,3000.0,1115018,3100.0,3411.9
우강훈,1,0,1,0,0,0,0,0,0,0,0.0,1,1,0.65,3,0,0,0,0,2,1,0,0,0,0,0,99.99,99.99,23.0,21.79,9304.2,99.99,-0.01,14816,2024,0.0,3100.0,1115018,3600.0,6043.0
김도규,5,0,5,3,0,0,0,1,0,0,4.0,4,4,3.3,25,5,1,0,0,6,2,1,5,0,1,0,9.0,9.0,7.43,8.06,7.27,2.75,-0.03,13148,2024,0.0,8000.0,1115018,4000.0,6395.3
홍민기,3,1,2,0,0,0,0,0,0,0,3.2,5,7,5.15,24,8,3,0,0,1,2,0,2,2,0,3,12.27,17.18,12.64,11.95,5.37,2.45,-0.06,14625,2024,0.0,3100.0,1115018,3100.0,3656.6
진해수,54,0,54,3,0,0,2,1,0,5,27.2,19,21,23.55,128,36,3,0,5,10,3,1,22,0,0,2,6.18,6.83,7.66,7.29,5.82,1.66,-0.17,10075,2024,0.0,15000.0,1115018,7000.0,12077.1
윤성빈,1,1,0,0,0,0,0,1,0,0,1.0,5,5,4.3,9,4,1,0,1,2,0,0,1,0,0,0,45.0,45.0,38.7,36.04,19.8,6.0,-0.21,12928,2024,0.0,3100.0,1115018,3100.0,7253.2
현도훈,8,0,8,5,0,0,0,1,0,0,10.0,10,11,12.05,50,15,3,1,2,6,0,0,8,2,0,1,9.0,9.9,10.85,9.99,6.44,2.1,-0.3,13271,2024,0.0,3200.0,1115018,3300.0,3799.7
송재영,19,0,19,4,0,0,0,1,1,3,8.1,10,10,10.4,40,9,3,0,2,5,1,0,9,0,1,1,10.8,10.8,11.23,10.38,6.59,1.68,-0.36,14794,2024,0.0,3100.0,1115018,3200.0,10769.8
나균안,26,14,12,4,0,0,4,7,0,0,73.0,69,73,73.5,380,114,19,0,15,47,5,0,74,2,0,10,8.51,9.0,9.06,8.73,6.32,2.21,-0.64,12930,2024,0.0,17000.0,1115018,12000.0,17132.4
양현종,29,29,0,3,3,0,11,5,0,0,171.1,78,86,83.1,727,174,37,6,21,41,6,0,129,11,0,2,4.1,4.52,4.37,4.37,4.63,1.25,5.01,10058,2024,0.0,125000.0,1124900,125000.0,109483.9
네일,26,26,0,0,0,0,12,5,0,0,149.1,42,69,67.3,642,154,27,1,11,35,9,0,138,17,1,3,2.53,4.16,4.06,4.04,3.68,1.27,4.9,16088,2024,1.0,71500.0,1124900,168000.0,119970.464
정해영,53,0,53,44,0,0,2,3,31,1,50.2,14,14,16.9,210,47,5,1,8,16,1,2,50,1,0,0,2.49,2.49,3.0,2.98,4.59,1.24,2.44,14608,2024,1.0,20000.0,1124900,36000.0,26154.752
윤영철,18,18,0,0,0,0,7,4,0,0,81.2,38,44,42.65,362,82,14,1,8,43,1,0,58,7,0,1,4.19,4.85,4.7,4.61,5.26,1.53,2.18,15432,2024,0.0,41000.0,1124900,12000.0,39131.164
황동하,25,21,4,4,0,0,5,7,0,0,103.1,51,64,59.55,464,109,18,0,13,44,8,0,81,7,0,5,4.44,5.57,5.19,5.19,5.3,1.48,2.13,15063,2024,0.0,3500.0,1124900,10000.0,9659.17
장현식,75,0,75,6,0,0,5,4,0,16,75.1,33,41,37.4,331,75,16,0,8,34,2,2,75,5,0,4,3.94,4.9,4.47,4.43,4.37,1.45,1.94,11164,2024,0.0,16000.0,1124900,20000.0,17781.36
전상현,66,0,66,16,0,0,10,5,7,19,66.0,30,32,33.75,272,55,7,2,5,20,5,1,54,1,0,2,4.09,4.36,4.6,4.7,4.18,1.14,1.64,12537,2024,0.0,17000.0,1124900,30000.0,29133.97
곽도규,71,0,71,3,0,0,4,2,2,16,55.2,22,24,28.6,248,43,7,0,4,34,4,1,64,5,0,7,3.56,3.88,4.62,4.56,4.24,1.38,1.33,15435,2024,0.0,9300.0,1124900,12000.0,14021.57
김도현,35,10,25,6,0,0,4,6,0,3,75.0,41,45,45.85,345,87,11,1,9,31,9,0,59,2,0,4,4.92,5.4,5.5,5.42,5.31,1.57,1.23,14128,2024,0.0,3500.0,1124900,9000.0,7354.13
이준영,56,0,56,5,0,0,4,0,0,9,35.0,15,21,22.15,160,37,8,0,5,17,2,3,33,4,0,0,3.86,5.4,5.7,5.64,4.96,1.54,0.42,11303,2024,0.0,14000.0,1124900,17000.0,11923.9
최지민,56,0,56,4,0,0,3,3,3,12,46.0,26,28,29.9,225,44,10,1,2,40,4,0,37,4,0,6,5.09,5.48,5.85,5.88,5.67,1.83,0.41,15057,2024,0.0,10000.0,1124900,12000.0,11784.6
김승현,14,0,14,4,0,0,1,0,0,0,18.0,8,12,11.95,85,23,5,1,3,7,0,0,11,2,0,0,4.0,6.0,5.98,5.85,5.86,1.67,0.2,12637,2024,0.0,4100.0,1124900,4600.0,5155.9
유승철,5,0,5,1,0,0,0,0,0,0,5.0,3,3,1.8,23,3,1,0,0,7,0,0,4,0,0,2,5.4,5.4,3.24,3.54,6.54,2.0,0.13,12914,2024,0.0,3600.0,1124900,3800.0,3852.3
이의리,4,4,0,0,0,0,1,0,0,0,13.1,8,10,10.0,69,17,3,0,3,14,0,0,14,1,0,0,5.4,6.75,6.75,6.9,7.51,2.33,0.07,14788,2024,0.0,17000.0,1124900,17000.0,14841.0
김기훈,17,0,17,4,0,0,1,0,0,0,19.2,11,13,14.6,95,16,4,1,1,15,3,0,17,3,1,1,5.03,5.95,6.68,6.71,5.48,1.58,0.06,14176,2024,0.0,4000.0,1124900,5500.0,5400.08
장재혁,1,0,1,0,0,0,0,0,0,0,1.1,0,0,0.0,7,2,0,0,0,1,0,0,0,0,0,0,0.0,0.0,0.0,0.0,6.52,2.25,0.06,14657,2024,0.0,3000.0,1124900,3100.0,3124.8
박정우,1,0,1,1,0,0,0,0,0,0,1.0,0,0,0.0,3,0,0,0,0,0,0,0,2,0,0,0,0.0,0.0,0.0,0.0,-0.8,0.0,0.04,12869,2024,0.0,3800.0,1124900,6500.0,4150.1
김사윤,23,2,21,10,0,0,0,1,1,0,37.0,19,29,30.05,173,40,6,2,2,25,5,0,36,1,0,4,4.62,7.05,7.31,7.29,4.92,1.76,-0.01,11364,2024,0.0,3400.0,1124900,4000.0,6492.46
박준표,8,0,8,2,0,0,0,0,0,1,6.0,4,4,5.2,29,10,2,0,0,3,1,0,4,0,0,0,6.0,6.0,7.8,7.71,4.6,2.17,-0.03,11070,2024,0.0,8000.0,1124900,7500.0,6043.4
유지성,3,0,3,2,0,0,0,0,0,0,2.1,2,4,2.8,14,5,0,0,1,0,1,0,3,1,0,0,7.71,15.43,10.8,10.82,7.41,2.14,-0.04,14607,2024,0.0,3100.0,1124900,3200.0,3628.3
김민주,2,0,2,0,0,0,0,0,0,0,1.0,1,2,2.85,8,3,1,0,0,1,0,0,2,1,0,1,9.0,18.0,25.65,25.68,2.3,4.0,-0.13,16082,2024,0.0,3000.0,1124900,3100.0,3381.8
김민재,4,0,4,4,0,0,0,0,0,0,4.0,7,7,7.0,22,9,0,0,3,1,1,0,3,0,0,0,15.75,15.75,15.75,14.94,12.8,2.5,-0.15,16083,2024,0.0,3000.0,1124900,3100.0,5647.1
임기영,37,3,34,3,0,0,6,2,0,2,45.2,32,35,37.2,218,61,12,0,8,17,1,1,36,4,1,1,6.31,6.9,7.33,7.37,5.47,1.71,-0.16,10909,2024,0.0,25000.0,1124900,30000.0,18008.1
김건국,20,3,17,3,0,0,0,1,0,0,34.1,30,33,31.1,165,48,8,0,5,14,2,0,20,3,0,3,7.86,8.65,8.15,8.14,5.92,1.81,-0.23,12944,2024,0.0,4000.0,1124900,4500.0,4460.4
이형범,16,0,16,5,0,0,0,1,0,2,15.0,13,17,15.8,83,26,4,0,2,7,5,1,9,2,0,0,7.8,10.2,9.48,9.66,6.77,2.2,-0.3,11159,2024,0.0,7000.0,1124900,6500.0,5928.8
김현수,5,0,5,4,0,0,0,0,0,0,5.0,10,10,10.15,28,7,4,0,0,5,1,0,4,0,0,2,18.0,18.0,18.27,18.33,5.92,2.4,-0.31,14162,2024,0.0,4500.0,1124900,4500.0,6177.2
김대유,37,0,37,5,0,0,0,0,0,8,25.0,23,23,26.45,122,35,5,0,4,12,2,0,26,0,0,1,8.28,8.28,9.52,9.57,5.24,1.88,-0.61,10706,2024,0.0,11000.0,1124900,12000.0,10263.2
윤중현,11,0,11,4,0,0,0,0,0,0,10.1,16,17,19.25,62,22,2,1,4,9,3,1,4,1,0,0,13.94,14.81,16.77,16.88,11.14,3.0,-0.82,13122,2024,0.0,6500.0,1124900,6000.0,7542.6
쿠에바스,31,31,0,0,0,0,7,12,0,0,173.1,79,86,86.0,737,158,36,3,17,59,7,4,154,11,1,11,4.1,4.47,4.47,4.34,4.25,1.25,5.06,13942,2024,0.0,100000.0,1051641,140000.0,118102.1
엄상백,29,29,0,0,0,0,13,10,0,0,156.2,85,88,85.4,675,164,26,3,26,42,7,0,159,3,0,2,4.88,5.06,4.91,4.74,4.61,1.31,3.93,11318,2024,0.0,25000.0,1051641,90000.0,48800.9
박영현,66,0,66,52,0,0,10,2,25,0,76.2,30,31,32.85,310,63,7,1,12,22,0,2,87,3,0,1,3.52,3.64,3.86,3.82,4.07,1.11,2.72,15089,2024,1.0,16000.0,1051641,24000.0,24671.336
김민,71,1,70,5,0,0,8,4,0,21,77.1,37,38,36.45,336,84,13,0,5,27,2,3,77,3,0,5,4.31,4.42,4.24,4.2,3.6,1.44,2.1,13167,2024,0.0,5000.0,1051641,11000.0,13159.73
고영표,18,17,1,0,0,0,6,8,0,0,100.0,55,61,59.8,456,141,27,4,6,14,11,0,79,4,1,2,4.95,5.49,5.38,5.31,3.71,1.55,1.86,11308,2024,0.0,200000.0,1051641,200000.0,74072.228
우규민,45,0,45,15,0,0,4,1,1,4,43.1,12,14,15.9,181,47,7,2,1,2,2,0,39,4,0,0,2.49,2.91,3.3,3.15,2.51,1.13,1.48,10523,2024,0.0,22000.0,1051641,20000.0,28916.382
김민수,75,0,75,6,0,0,5,3,0,12,81.1,47,56,54.45,358,84,13,5,8,33,1,2,75,8,0,3,5.2,6.2,6.03,5.92,4.28,1.44,0.7,11317,2024,0.0,16000.0,1051641,21000.0,15910.16
육청명,13,10,3,1,0,0,1,5,0,0,44.2,27,31,28.95,208,52,13,1,6,20,6,2,20,6,0,3,5.44,6.25,5.83,5.85,6.41,1.61,0.61,16028,2024,0.0,3000.0,1051641,3500.0,6874.42
조이현,16,9,7,2,0,0,1,2,0,0,40.0,28,29,27.4,184,53,11,1,9,10,1,1,19,1,0,1,6.3,6.53,6.17,5.93,6.46,1.58,0.55,11284,2024,0.0,6000.0,1051641,5700.0,6367.42
박시영,26,0,26,5,0,0,0,1,1,4,25.1,13,13,15.4,110,27,8,1,4,7,1,1,23,0,0,3,4.62,4.62,5.47,5.36,4.67,1.34,0.36,10737,2024,0.0,9000.0,1051641,5000.0,8673.7
소형준,6,0,6,1,0,0,2,0,0,0,8.1,3,3,2.5,30,7,2,0,1,1,1,0,3,0,0,0,3.24,3.24,2.7,2.59,5.47,0.96,0.33,14600,2024,0.0,22000.0,1051641,22000.0,32784.28
손동현,42,0,42,10,0,0,1,2,1,4,47.1,28,31,33.05,214,50,6,1,5,20,1,2,27,3,0,3,5.32,5.89,6.28,6.24,5.34,1.48,0.28,14108,2024,0.0,12000.0,1051641,10000.0,10452.5
이선우,6,1,5,3,0,0,0,0,0,0,10.0,6,6,5.35,45,10,0,0,0,4,2,0,4,0,0,0,5.4,5.4,4.82,5.05,5.06,1.4,0.14,14111,2024,0.0,4000.0,1051641,3800.0,4509.0
원상현,22,10,12,3,0,0,2,5,0,1,65.1,51,54,52.8,324,105,18,2,6,31,2,0,59,3,1,7,7.03,7.44,7.27,7.3,4.6,2.08,0.04,16027,2024,0.0,3000.0,1051641,4000.0,6187.68
이상동,29,0,29,8,0,0,0,1,0,3,32.0,19,20,24.45,152,42,9,0,3,14,3,1,30,0,1,4,5.34,5.63,6.88,6.95,4.62,1.75,0.01,14109,2024,0.0,6000.0,1051641,5900.0,6763.78
박세진,6,0,6,3,0,0,0,0,0,0,5.1,2,4,6.2,25,7,1,0,0,4,0,0,2,1,0,0,3.38,6.75,10.46,10.37,5.59,2.06,-0.09,12572,2024,0.0,3500.0,1051641,3700.0,5349.0
성재헌,30,1,29,3,0,0,0,0,0,1,32.0,26,29,27.9,159,46,13,2,1,16,5,2,20,3,1,2,7.31,8.16,7.85,7.73,4.85,1.94,-0.09,14667,2024,0.0,3000.0,1051641,3600.0,5274.64
이채호,9,0,9,1,0,0,0,0,0,0,6.2,7,7,7.0,37,13,0,1,2,3,1,0,5,0,0,1,9.45,9.45,9.45,9.51,7.75,2.4,-0.13,13130,2024,0.0,5300.0,1051641,5000.0,4721.5
주권,48,1,47,13,0,0,1,1,0,0,58.0,43,48,49.9,254,78,14,2,7,11,3,0,31,2,0,0,6.67,7.45,7.74,7.6,5.05,1.53,-0.18,11323,2024,0.0,20000.0,1051641,20000.0,15633.2
강건,4,1,3,2,0,0,0,1,0,0,4.0,5,5,5.85,24,8,0,1,1,4,1,0,3,0,0,0,11.25,11.25,13.16,13.69,9.17,3.0,-0.18,15527,2024,0.0,6500.0,1051641,3500.0,5382.1
전용주,4,0,4,0,0,0,0,0,0,0,1.2,2,3,3.15,11,2,0,0,0,3,1,0,4,0,0,0,10.8,16.2,17.01,17.02,5.64,3.0,-0.22,14106,2024,0.0,3200.0,1051641,3600.0,4081.1
한차현,10,5,5,2,0,0,0,4,0,0,19.0,21,22,19.7,103,29,4,1,4,18,0,0,17,1,0,2,9.95,10.42,9.33,9.4,7.4,2.47,-0.24,14776,2024,0.0,3100.0,1051641,3500.0,3639.0
문용익,12,0,12,4,0,0,0,0,0,0,17.0,23,27,28.55,99,23,4,0,2,22,2,0,17,3,0,2,12.18,14.29,15.11,15.15,7.48,2.65,-0.79,12885,2024,0.0,6300.0,1051641,5800.0,6369.6
원태인,28,28,0,1,1,0,15,6,0,0,159.2,65,68,67.3,670,150,29,3,17,42,7,1,119,5,0,3,3.66,3.83,3.79,3.58,4.55,1.2,5.87,14113,2024,2.0,43000.0,1118100,63000.0,101211.066
레예스,26,26,0,0,0,0,11,4,0,0,144.0,61,65,62.55,617,159,21,3,15,30,7,0,114,5,0,4,3.81,4.06,3.91,3.72,4.26,1.31,5.06,15861,2024,0.0,78000.0,1118100,98000.0,105019.498
이승현,17,17,0,0,0,0,6,4,0,0,87.1,41,44,41.9,384,88,11,1,9,37,6,0,68,3,0,4,4.23,4.53,4.32,4.11,5.01,1.43,2.7,14798,2024,0.0,7000.0,1118100,12000.0,13808.91
임창민,60,0,60,6,0,0,2,1,1,28,54.1,24,26,23.3,253,60,10,0,4,30,2,2,50,3,0,5,3.98,4.31,3.86,3.61,4.49,1.66,1.97,10452,2024,0.0,20000.0,1118100,20000.0,21598.08
최지광,35,0,35,1,0,0,3,2,0,7,36.1,9,9,12.25,154,22,6,1,1,21,4,2,38,0,1,2,2.23,2.23,3.03,2.85,3.96,1.18,1.63,12934,2024,0.0,14000.0,1118100,17000.0,17018.29
김재윤,65,0,65,21,0,0,4,8,11,25,66.0,30,37,37.45,284,58,9,1,13,25,1,5,51,5,0,2,4.09,5.05,5.11,4.81,5.69,1.26,1.42,11489,2024,0.0,40000.0,1118100,80000.0,37039.328
김태훈,56,0,56,8,0,0,3,2,0,23,52.1,23,24,25.55,225,49,8,1,6,19,4,1,37,2,1,2,3.96,4.13,4.39,4.34,5.16,1.3,1.32,10871,2024,0.0,17000.0,1118100,24000.0,20577.672
황동재,15,6,9,2,0,0,1,2,0,0,42.0,19,20,20.0,180,38,9,1,2,18,4,0,30,0,0,5,4.07,4.29,4.29,4.25,4.6,1.33,1.18,14615,2024,0.0,4100.0,1118100,6200.0,7855.49
이승현,60,0,60,9,0,0,6,2,1,9,60.1,30,31,34.15,265,68,14,2,6,23,3,0,51,1,0,2,4.48,4.62,5.09,4.82,4.61,1.51,1.17,10527,2024,0.0,17000.0,1118100,24000.0,19590.9
백정현,17,15,2,1,0,0,6,5,0,0,78.2,52,56,54.8,360,104,15,2,13,27,1,1,56,4,0,0,5.95,6.41,6.27,5.83,5.45,1.67,1.05,10363,2024,0.0,75000.0,1118100,75000.0,65440.5
이상민,37,0,37,6,0,0,2,1,1,8,30.0,13,13,11.6,121,31,5,0,2,6,4,0,12,0,0,2,3.9,3.9,3.48,3.52,5.03,1.23,0.94,11169,2024,0.0,6500.0,1118100,8500.0,8056.65
송은범,9,0,9,3,0,0,0,0,0,2,8.1,1,1,1.5,32,8,2,0,0,1,0,0,2,0,0,0,1.08,1.08,1.62,1.51,3.97,1.08,0.38,10137,2024,0.0,5000.0,1118100,6000.0,7150.2
최하늘,27,0,27,4,0,0,1,1,0,1,32.0,19,20,20.85,139,26,4,0,2,16,4,0,18,3,0,2,5.34,5.63,5.86,5.72,5.47,1.31,0.32,13152,2024,0.0,4100.0,1118100,6000.0,5614.62
김대우,32,1,31,13,0,0,0,0,0,5,34.1,21,24,23.2,157,42,9,0,4,9,3,2,23,3,0,1,5.5,6.29,6.08,5.9,4.81,1.49,0.31,10685,2024,0.0,10000.0,1118100,10000.0,9145.9
육선엽,11,1,10,5,0,0,0,0,0,0,17.0,10,11,12.55,87,19,2,0,3,17,2,0,11,1,0,1,5.29,5.82,6.64,6.46,8.15,2.12,0.14,15864,2024,0.0,3000.0,1118100,3500.0,4336.9
오승환,58,0,58,42,0,0,3,9,27,2,55.0,30,36,40.35,262,75,17,2,9,18,3,3,42,3,0,5,4.91,5.89,6.6,6.17,5.31,1.69,0.09,10367,2024,0.0,40000.0,1118100,80000.0,32427.964
홍원표,4,0,4,4,0,0,0,0,0,0,6.1,3,3,4.2,28,4,1,0,1,6,0,0,5,0,0,0,4.26,4.26,5.97,5.43,7.04,1.58,0.08,14614,2024,0.0,3300.0,1118100,3550.0,6667.7
최성훈,28,0,28,0,0,0,0,1,0,3,13.0,10,10,9.3,61,14,1,0,1,9,1,1,10,0,0,2,6.92,6.92,6.44,6.07,5.34,1.77,0.08,10851,2024,0.0,10000.0,1118100,7800.0,9690.6
양현,18,0,18,4,0,0,0,1,0,2,13.0,11,11,10.35,64,21,2,0,4,5,1,0,10,0,0,0,7.62,7.62,7.17,6.71,7.37,2.0,0.02,10730,2024,0.0,9000.0,1118100,7000.0,8447.5
이호성,16,12,4,0,0,0,2,4,0,0,45.0,37,39,39.2,224,66,13,1,9,26,2,0,28,0,0,3,7.4,7.8,7.84,7.39,6.95,2.04,-0.04,15496,2024,0.0,23200.0,1118100,4000.0,15128.8
최채흥,14,1,13,3,0,0,0,0,0,1,20.0,14,15,16.55,96,24,5,1,4,12,0,0,14,2,0,1,6.3,6.75,7.45,7.37,6.69,1.8,-0.04,13156,2024,0.0,15000.0,1118100,13000.0,11375.5
장필준,1,0,1,0,0,0,0,0,0,0,0.1,5,5,3.95,6,5,1,0,0,0,0,0,0,0,0,1,99.99,99.99,106.65,102.27,4.2,15.0,-0.16,11404,2024,0.0,7000.0,1118100,4000.0,6176.8
김대호,1,1,0,0,0,0,0,1,0,0,4.0,5,6,6.0,22,7,2,0,1,2,0,0,1,1,0,0,11.25,13.5,13.5,13.55,8.1,2.25,-0.17,15882,2024,0.0,3000.0,1118100,3300.0,3133.1
김윤수,4,0,4,2,0,0,0,0,0,0,5.1,6,6,6.7,26,6,0,0,0,7,0,0,2,0,0,1,10.13,10.13,11.31,10.93,7.33,2.44,-0.24,13162,2024,0.0,7000.0,1118100,7000.0,5581.3
이승민,25,8,17,6,0,0,1,4,0,0,47.1,45,48,45.25,237,71,8,1,14,26,3,0,23,5,0,1,8.56,9.13,8.6,8.27,8.4,2.05,-0.33,14616,2024,0.0,4100.0,1118100,5000.0,5067.8
이재익,9,0,9,1,0,0,1,0,0,0,9.2,19,19,17.75,58,29,3,0,2,4,0,0,6,0,0,0,17.69,17.69,16.53,17.15,6.39,3.41,-0.76,13244,2024,0.0,8200.0,1118100,6200.0,7451.2
앤더슨,24,23,1,0,0,0,11,3,0,0,115.2,50,55,53.8,496,98,13,1,11,53,8,0,158,4,1,5,3.89,4.28,4.19,3.93,3.55,1.31,3.86,16146,2024,0.0,57000.0,1045700,161000.0,100152.76
김광현,31,31,0,0,0,0,12,10,0,0,162.1,89,95,94.65,709,162,29,0,24,73,6,1,154,6,0,8,4.93,5.27,5.25,5.08,5.1,1.45,3.42,10126,2024,0.0,100000.0,1045700,300000.0,110661.8
노경은,77,0,77,7,0,0,8,5,0,38,83.2,27,30,36.0,350,71,10,1,10,32,4,4,71,2,0,3,2.9,3.23,3.87,3.75,4.69,1.23,2.95,10203,2024,0.0,35000.0,1045700,40000.0,42890.738
오원석,29,25,4,1,0,0,6,9,0,1,121.2,68,72,68.7,550,122,14,1,17,65,13,1,112,6,0,3,5.03,5.33,5.08,4.96,5.52,1.54,2.67,14581,2024,0.0,14000.0,1045700,14000.0,16038.09
조병현,76,0,76,27,0,0,4,6,12,12,73.0,29,34,32.65,302,52,10,0,8,31,2,3,96,5,0,5,3.58,4.19,4.03,3.8,3.53,1.14,2.37,14805,2024,0.0,3000.0,1045700,13500.0,13697.05
문승원,62,0,62,37,0,0,6,1,20,6,60.0,30,33,35.75,265,67,7,0,10,24,1,3,53,3,0,2,4.5,4.95,5.36,5.05,5.16,1.52,1.06,10783,2024,0.0,18000.0,1045700,80000.0,18787.48
송영진,26,20,6,2,0,0,5,10,0,0,99.1,64,74,68.15,456,112,19,2,10,51,1,0,67,7,2,8,5.8,6.7,6.17,6.06,5.33,1.64,1.04,15462,2024,0.0,19500.0,1045700,5500.0,23878.3
한두솔,69,0,69,8,0,0,2,1,0,3,59.1,33,40,35.9,273,62,10,2,3,31,3,2,68,5,0,1,5.01,6.07,5.45,5.24,3.61,1.57,0.86,13228,2024,0.0,3200.0,1045700,8000.0,9407.8
이로운,62,0,62,14,0,0,1,3,1,9,56.0,37,43,40.1,277,67,9,2,4,43,3,4,41,3,0,3,5.95,6.91,6.44,6.22,5.65,1.96,0.3,15461,2024,0.0,32400.0,1045700,7400.0,29317.03
박종훈,10,9,1,1,0,0,1,4,0,0,35.0,27,28,26.1,164,37,7,0,7,21,8,0,34,0,0,3,6.94,7.2,6.71,6.68,6.72,1.66,0.2,10131,2024,0.0,110000.0,1045700,110000.0,67752.63
박시후,11,0,11,5,0,0,0,0,0,0,14.2,11,11,10.65,70,18,1,0,1,7,2,0,11,1,0,0,6.75,6.75,6.54,6.34,5.04,1.7,0.12,14687,2024,0.0,3000.0,1045700,3100.0,4598.8
박성빈,3,0,3,3,0,0,0,0,0,0,2.1,0,0,0.0,9,1,0,0,0,0,1,0,2,0,0,0,0.0,0.0,0.0,0.0,3.38,0.43,0.1,16044,2024,0.0,3000.0,1045700,3100.0,3981.3
정동윤,3,0,3,1,0,0,0,0,0,0,1.2,0,0,0.35,7,1,0,0,0,1,0,0,2,0,0,0,0.0,0.0,1.89,1.76,3.06,1.2,0.06,12571,2024,0.0,3000.0,1045700,3000.0,3546.3
김택형,6,0,6,0,0,0,0,1,0,0,7.0,7,7,6.15,37,10,1,0,1,6,1,1,1,0,1,1,9.0,9.0,7.91,7.9,8.64,2.29,-0.05,11373,2024,0.0,20500.0,1045700,20500.0,14542.6
장지훈,18,0,18,7,0,0,0,0,0,0,21.1,16,16,18.4,101,29,6,0,3,10,1,0,10,1,0,0,6.75,6.75,7.76,7.62,6.3,1.83,-0.09,14804,2024,0.0,13000.0,1045700,13000.0,9748.7
백승건,10,0,10,7,0,0,0,0,0,0,9.1,8,9,11.05,51,13,2,0,2,9,0,0,5,2,0,1,7.71,8.68,10.66,10.05,8.4,2.36,-0.12,14145,2024,0.0,4600.0,1045700,3200.0,4562.1
최현석,2,0,2,0,0,0,0,0,0,0,0.2,4,4,4.0,10,5,0,0,1,3,0,0,1,0,0,0,54.0,54.0,54.0,53.38,32.25,12.0,-0.16,16041,2024,0.0,3000.0,1045700,3000.0,6582.1
고효준,26,0,26,2,0,0,2,1,0,5,22.0,20,21,19.25,109,23,4,0,4,20,1,1,27,1,0,2,8.18,8.59,7.88,7.36,6.25,1.95,-0.16,10124,2024,0.0,15300.0,1045700,8000.0,13475.6
신헌민,3,0,3,3,0,0,0,0,0,0,3.0,6,7,7.0,18,7,2,0,2,3,1,0,0,0,0,0,18.0,21.0,21.0,20.88,16.27,3.33,-0.21,15024,2024,0.0,3200.0,1045700,3300.0,4939.3
김주온,2,0,2,2,0,0,0,0,0,0,4.2,8,8,9.55,25,8,1,0,2,3,0,0,4,0,0,0,15.43,15.43,18.42,18.21,9.15,2.36,-0.26,13057,2024,0.0,3000.0,1045700,3000.0,3267.8
서진용,51,0,51,3,0,0,0,1,0,6,47.0,29,34,40.85,211,52,11,1,5,26,0,2,38,3,0,4,5.55,6.51,7.82,7.52,5.09,1.66,-0.35,10784,2024,0.0,45000.0,1045700,38000.0,35693.6
이건욱,10,2,8,1,0,0,1,2,0,0,19.0,24,25,24.3,106,34,4,0,5,15,2,0,17,2,0,3,11.37,11.84,11.51,11.46,7.87,2.58,-0.58,11242,2024,0.0,6100.0,1045700,3200.0,5696.0
최민준,32,0,32,3,0,0,1,0,0,0,39.1,34,36,41.2,202,61,9,1,9,24,3,1,40,2,0,1,7.78,8.24,9.43,9.17,6.43,2.16,-0.67,13126,2024,0.0,14400.0,1045700,10000.0,11532.23
신민혁,25,24,1,1,0,0,8,9,0,0,121.0,58,67,61.3,524,140,24,3,20,16,7,0,74,8,1,2,4.31,4.98,4.56,4.67,5.23,1.29,3.14,13085,2024,0.0,18000.0,947275,18000.0,22105.82
김재열,69,0,69,16,0,0,1,5,2,12,68.2,19,20,25.45,284,58,15,1,4,29,0,3,67,2,1,1,2.49,2.62,3.34,3.46,3.72,1.27,2.42,14747,2024,0.0,6000.0,947275,12000.0,14062.44
김시훈,39,18,21,0,0,0,3,4,0,5,107.1,54,60,57.45,477,110,25,1,7,59,3,0,74,7,1,1,4.53,5.03,4.82,4.98,5.04,1.57,2.31,13080,2024,0.0,11000.0,947275,13500.0,14789.94
김영규,42,0,42,4,0,0,4,2,1,14,45.2,16,19,17.2,183,40,4,0,3,14,1,0,48,2,0,1,3.15,3.74,3.39,3.53,3.37,1.18,1.74,13088,2024,0.0,22500.0,947275,20000.0,25695.004
이재학,21,21,0,0,0,0,3,12,0,0,104.1,64,68,66.25,462,108,27,3,17,42,4,0,97,3,0,2,5.52,5.87,5.71,5.86,5.18,1.44,1.45,10220,2024,0.0,20000.0,947275,18000.0,20551.68
한재승,51,0,51,12,0,0,1,2,0,6,45.1,20,21,24.2,201,37,7,1,2,27,3,0,44,2,0,6,3.97,4.17,4.8,4.84,4.35,1.41,0.88,14764,2024,0.0,3400.0,947275,7500.0,8365.49
임정호,65,0,65,10,0,0,1,6,2,9,55.0,27,32,31.65,243,54,8,1,3,25,3,3,46,3,0,0,4.42,5.24,5.18,5.28,4.22,1.44,0.85,11168,2024,0.0,13500.0,947275,20000.0,14697.43
최우석,9,0,9,3,0,0,0,0,0,0,8.2,3,3,4.2,37,7,2,0,2,6,0,0,8,0,0,1,3.12,3.12,4.36,4.59,6.78,1.5,0.16,16056,2024,0.0,3000.0,947275,3000.0,5252.4
박주현,3,0,3,1,0,0,0,0,0,0,3.0,2,2,2.0,13,3,0,0,1,1,0,0,4,0,0,0,6.0,6.0,6.0,5.44,5.87,1.33,0.04,13175,2024,0.0,3000.0,947275,3000.0,3174.0
김진호,2,0,2,1,0,0,0,0,0,0,2.1,2,2,2.0,12,3,0,0,0,2,0,0,3,0,0,0,7.71,7.71,7.71,8.07,3.64,2.14,0.0,12897,2024,0.0,6000.0,947275,5000.0,5570.1
류진욱,50,0,50,5,0,0,2,1,0,10,42.1,27,30,31.9,194,52,8,0,4,19,2,0,37,1,0,3,5.74,6.38,6.78,6.7,4.68,1.68,-0.03,11355,2024,0.0,16500.0,947275,13500.0,13035.6
손주환,4,1,3,2,0,0,0,1,0,0,3.2,4,4,2.8,16,2,0,0,0,2,1,0,4,0,0,0,9.82,9.82,6.87,6.9,4.01,1.09,-0.03,16057,2024,0.0,3000.0,947275,3000.0,4093.8
임상현,12,7,5,1,0,0,1,5,0,0,40.1,29,35,34.5,181,46,13,0,5,23,2,0,21,1,0,1,6.47,7.81,7.7,7.64,6.29,1.71,-0.03,16053,2024,0.0,3000.0,947275,3700.0,4274.2
최성영,24,4,20,7,0,0,2,0,1,1,46.2,30,37,37.5,218,65,10,0,7,17,0,0,29,3,0,0,5.79,7.14,7.23,7.25,5.3,1.76,-0.05,12565,2024,0.0,8300.0,947275,8000.0,8002.9
배재환,20,0,20,5,0,0,0,1,0,0,19.2,16,17,16.5,91,20,2,0,5,15,0,1,13,0,0,0,7.32,7.78,7.55,7.56,7.94,1.78,-0.07,11248,2024,0.0,6300.0,947275,5500.0,5788.5
김민규,7,0,7,3,0,0,0,0,0,0,6.1,4,4,6.05,30,8,1,0,0,3,0,0,2,0,0,1,5.68,5.68,8.6,8.9,4.88,1.74,-0.07,16049,2024,0.0,3000.0,947275,3000.0,4047.2
서의태,11,0,11,2,0,0,1,0,0,0,7.2,8,8,7.3,34,5,1,0,1,8,0,0,7,0,0,1,9.39,9.39,8.57,8.78,6.7,1.7,-0.08,12574,2024,0.0,3000.0,947275,3000.0,4514.8
신영우,4,2,2,2,0,0,0,1,0,0,9.1,11,11,10.15,52,9,3,0,0,15,2,0,6,0,0,1,10.61,10.61,9.79,9.54,8.24,2.57,-0.13,15450,2024,0.0,28000.0,947275,3000.0,21661.332
소이현,4,0,4,3,0,0,0,0,0,0,3.1,5,7,5.95,19,6,3,0,0,1,1,0,1,1,0,0,13.5,18.9,16.07,16.65,5.31,2.1,-0.15,12900,2024,0.0,3200.0,947275,3100.0,3698.5
김태현,11,0,11,2,0,0,0,0,0,0,10.0,8,10,11.2,50,14,4,0,3,7,0,0,3,2,0,1,7.2,9.0,10.08,10.43,9.19,2.1,-0.2,12898,2024,0.0,4000.0,947275,3500.0,4193.0
목지훈,3,3,0,0,0,0,0,1,0,0,9.0,12,12,11.15,52,15,6,0,1,10,2,0,3,1,0,1,12.0,12.0,11.15,11.79,8.82,2.78,-0.26,15453,2024,0.0,11000.0,947275,3000.0,9665.6
전사민,17,0,17,9,0,0,0,0,0,0,23.2,25,25,26.05,128,39,6,1,3,17,3,0,17,0,2,4,9.51,9.51,9.91,10.02,6.53,2.37,-0.45,14156,2024,0.0,3400.0,947275,3800.0,5020.7
전루건,6,0,6,1,0,0,0,0,0,0,5.2,14,14,14.15,44,15,3,0,0,9,4,0,0,0,0,0,22.24,22.24,22.47,21.89,11.31,4.24,-0.45,14171,2024,0.0,3200.0,947275,3100.0,4990.8
이용찬,57,0,57,36,0,0,3,9,16,2,54.1,37,48,46.5,262,82,20,3,6,21,2,1,49,5,0,6,6.13,7.95,7.7,8.0,4.57,1.9,-1.14,10217,2024,0.0,40000.0,947275,20000.0,34846.098
곽빈,30,30,0,0,0,0,15,9,0,0,167.2,79,83,76.7,716,142,29,1,11,76,6,0,154,5,1,11,4.24,4.46,4.12,4.25,4.13,1.3,5.0,13061,2024,1.0,21000.0,1119436,38000.0,42598.76
김택연,60,0,60,32,0,0,3,2,19,4,65.0,15,17,18.9,277,51,11,0,2,31,4,1,78,1,0,3,2.08,2.35,2.62,2.67,3.19,1.26,3.23,16067,2024,1.0,3000.0,1119436,14000.0,15244.67
이병헌,77,0,77,6,0,0,6,1,1,22,65.1,21,25,29.9,285,61,7,1,3,34,3,1,57,1,1,2,2.89,3.44,4.12,4.21,4.27,1.45,1.91,15099,2024,0.0,3600.0,1119436,13000.0,12907.56
김강률,53,0,53,3,0,0,2,2,1,12,42.0,14,16,11.15,187,41,7,0,1,21,2,0,33,1,0,1,3.0,3.43,2.39,2.48,4.22,1.48,1.78,10690,2024,0.0,15000.0,1119436,10000.0,15179.18
홍건희,65,0,65,18,0,0,4,3,9,11,59.1,18,22,27.65,264,55,6,1,5,33,5,4,45,2,0,5,2.73,3.34,4.19,4.36,5.19,1.48,1.59,10696,2024,0.0,30000.0,1119436,30000.0,35837.18
최원준,24,24,0,0,0,0,6,7,0,0,110.0,79,79,70.35,490,125,24,2,21,34,10,1,72,3,0,1,6.46,6.46,5.76,5.94,6.07,1.45,1.42,12852,2024,0.0,25000.0,1119436,22500.0,27652.96
최준호,17,15,2,0,0,0,3,6,0,0,72.1,41,44,41.7,314,69,8,2,11,30,4,0,58,2,0,6,5.1,5.47,5.19,5.24,5.46,1.37,1.4,15508,2024,0.0,23000.0,1119436,5800.0,20718.12
알칸타라,12,12,0,0,0,0,2,2,0,0,64.1,34,35,34.65,270,58,8,3,10,22,2,0,34,3,0,0,4.76,4.9,4.85,5.09,5.88,1.24,1.36,13941,2024,0.0,80000.0,1119436,35000.0,68764.83
최지강,55,0,55,4,0,0,3,1,1,15,50.0,18,19,24.55,222,48,7,2,6,24,6,2,45,2,0,3,3.24,3.42,4.42,4.52,5.18,1.44,1.26,15127,2024,0.0,3400.0,1119436,9500.0,10129.35
김민규,13,4,9,4,0,0,0,1,0,0,25.0,12,14,12.15,117,23,7,2,4,19,4,0,19,1,0,3,4.32,5.04,4.37,4.3,7.06,1.68,0.75,13072,2024,0.0,5000.0,1119436,4200.0,6499.31
이영하,59,1,58,8,0,0,5,4,2,5,65.1,29,34,41.05,298,62,9,3,4,36,2,1,59,6,0,7,3.99,4.68,5.65,5.85,4.47,1.5,0.6,12568,2024,0.0,10000.0,1119436,18000.0,13659.89
김유성,17,7,10,1,0,0,1,2,0,0,28.0,20,23,19.2,139,28,10,0,1,24,4,0,29,1,0,2,6.43,7.39,6.17,6.5,5.13,1.86,0.23,15509,2024,0.0,18000.0,1119436,3300.0,13038.5
박신지,6,1,5,1,0,0,0,1,0,0,8.2,2,3,4.05,41,8,2,0,0,8,1,0,3,1,0,0,2.08,3.12,4.21,4.18,6.55,1.85,0.22,13070,2024,0.0,3500.0,1119436,3200.0,7496.4
박정수,29,1,28,7,0,0,1,2,0,4,29.2,17,18,19.9,137,38,4,1,2,12,2,0,22,0,0,2,5.16,5.46,6.04,6.18,4.61,1.69,0.2,11300,2024,0.0,5500.0,1119436,5200.0,5917.0
최종인,11,0,11,4,0,0,1,0,1,2,9.2,4,4,5.0,42,8,0,0,2,5,0,0,8,0,0,0,3.72,3.72,4.66,4.71,6.2,1.34,0.2,14733,2024,0.0,3000.0,1119436,3500.0,6582.1
최승용,12,6,6,1,0,0,2,0,0,1,27.0,18,19,20.4,124,37,5,2,6,7,0,0,21,2,0,0,6.0,6.33,6.8,6.85,5.7,1.63,0.14,14770,2024,0.0,10200.0,1119436,8500.0,8404.4
박지호,1,0,1,0,0,0,0,0,0,1,0.2,0,0,0.0,3,0,0,0,0,1,0,0,2,0,0,1,0.0,0.0,0.0,0.0,1.35,1.5,0.1,16071,2024,0.0,3000.0,1119436,3100.0,3496.4
박치국,52,0,52,15,0,0,2,3,1,3,48.0,34,34,35.05,222,59,6,0,8,18,10,1,35,1,1,1,6.38,6.38,6.57,6.7,6.1,1.6,0.03,12850,2024,0.0,13000.0,1119436,11000.0,12158.0
김도윤,2,0,2,2,0,0,0,0,0,0,2.1,1,2,2.0,12,2,1,0,0,2,1,0,1,0,0,0,3.86,7.71,7.71,8.32,7.11,1.71,-0.01,14768,2024,0.0,3100.0,1119436,3100.0,4910.6
권휘,8,0,8,3,0,0,0,0,0,0,9.0,11,11,8.8,49,15,3,0,0,7,0,0,11,0,0,1,11.0,11.0,8.8,9.22,3.55,2.44,-0.1,13665,2024,0.0,3000.0,1119436,3700.0,3936.8
정철원,36,0,36,14,0,0,2,1,6,1,32.1,23,24,25.55,165,39,7,2,5,26,5,0,39,1,0,0,6.4,6.68,7.11,7.01,6.0,2.01,-0.11,13071,2024,0.0,16500.0,1119436,12000.0,12759.2
김정우,1,0,1,0,0,0,0,0,0,0,0.1,3,3,2.5,4,3,2,0,0,0,0,0,0,0,0,0,81.0,81.0,67.5,72.77,4.2,9.0,-0.13,13124,2024,0.0,3100.0,1119436,3000.0,3278.9
김호준,16,1,15,6,0,0,1,2,0,0,13.1,13,14,15.0,68,22,6,1,1,4,5,0,6,0,0,0,8.78,9.45,10.13,9.94,6.06,1.95,-0.31,13268,2024,0.0,3100.0,1119436,3300.0,4840.6
이교훈,33,0,33,7,0,0,1,1,0,1,35.1,29,32,32.65,166,43,11,1,7,17,2,0,27,2,0,0,7.39,8.15,8.32,8.78,6.31,1.7,-0.56,14173,2024,0.0,3300.0,1119436,3800.0,5847.4
김명신,35,0,35,5,0,0,2,1,0,4,32.2,34,34,38.5,168,63,7,0,8,8,2,0,25,1,0,1,9.37,9.37,10.61,11.17,6.15,2.17,-1.42,12847,2024,0.0,22500.0,1119436,16500.0,13718.3
후라도,30,30,0,0,0,0,10,8,0,0,190.1,71,78,76.95,779,185,27,4,19,32,9,0,169,12,1,3,3.36,3.69,3.64,3.78,3.84,1.14,6.61,15531,2024,0.0,120000.0,567876,130000.0,152199.2
헤이수스,30,30,0,0,0,0,13,11,0,0,171.1,70,78,75.75,728,171,31,2,22,44,14,1,178,8,1,6,3.68,4.1,3.98,4.24,4.11,1.25,5.09,16138,2024,0.0,78000.0,567876,130000.0,148254.8
하영민,28,28,0,0,0,0,9,8,0,0,150.1,73,82,79.25,671,168,33,6,8,58,5,0,101,9,0,7,4.37,4.91,4.74,5.02,4.45,1.5,3.25,11222,2024,0.0,8000.0,567876,16500.0,20594.18
주승우,55,0,55,35,0,0,4,6,14,5,51.2,25,25,26.55,225,50,14,1,4,18,5,5,43,2,0,1,4.35,4.35,4.62,4.94,4.18,1.32,0.98,15067,2024,0.0,3200.0,567876,7700.0,10892.52
조상우,44,0,44,7,0,0,0,1,6,9,39.2,14,17,18.85,171,40,6,0,2,20,0,1,36,0,0,1,3.18,3.86,4.28,4.66,4.02,1.51,0.87,11126,2024,0.0,34000.0,567876,40000.0,31887.642
김인범,19,14,5,4,0,0,2,7,0,0,63.1,38,40,39.3,297,75,8,1,9,31,8,0,27,2,1,3,5.4,5.68,5.58,5.77,6.73,1.67,0.79,14480,2024,0.0,3300.0,567876,4500.0,7136.88
김성민,46,0,46,4,0,0,3,4,0,14,45.2,22,24,25.15,188,45,4,0,5,17,1,0,34,0,1,3,4.34,4.73,4.96,5.33,4.86,1.36,0.65,12918,2024,0.0,9000.0,567876,11000.0,10622.62
김윤하,19,12,7,0,0,0,1,6,0,2,79.0,53,57,54.95,363,93,22,2,6,35,4,0,43,4,1,3,6.04,6.49,6.26,6.67,5.27,1.62,0.54,16123,2024,0.0,3000.0,567876,4500.0,5680.15
김선기,42,6,36,4,0,0,6,4,0,0,76.1,47,51,53.6,357,91,18,0,13,30,6,1,43,6,0,6,5.54,6.01,6.32,6.5,6.28,1.59,0.31,13092,2024,0.0,7000.0,567876,8400.0,10111.64
양지율,21,0,21,2,0,0,0,2,0,3,18.2,13,13,11.3,83,16,4,0,1,13,2,0,7,0,0,0,6.27,6.27,5.45,5.92,6.39,1.55,0.16,12854,2024,0.0,3000.0,567876,3500.0,4749.6
원종현,4,0,4,0,0,0,0,0,0,0,3.2,2,2,2.0,18,4,1,0,0,3,0,0,4,0,0,2,4.91,4.91,4.91,4.45,4.01,1.91,0.1,11161,2024,0.0,62500.0,567876,62500.0,63751.628
박윤성,17,0,17,7,0,0,0,0,0,1,18.2,12,12,13.4,81,14,5,0,5,9,0,0,14,2,0,2,5.79,5.79,6.46,6.62,7.01,1.23,0.09,15475,2024,0.0,12000.0,567876,3500.0,9399.7
김동규,2,0,2,1,0,0,0,0,0,0,0.1,2,2,1.3,4,1,1,0,0,2,0,0,0,0,0,0,54.0,54.0,35.1,32.69,22.8,9.0,-0.07,15485,2024,0.0,3100.0,567876,3100.0,7539.5
김연주,34,0,34,11,0,0,1,1,0,1,31.1,23,24,24.5,148,34,10,0,5,17,5,1,18,0,0,2,6.61,6.89,7.04,7.43,6.74,1.63,-0.11,16127,2024,0.0,3000.0,567876,3800.0,4815.88
손현기,6,2,4,2,0,0,0,1,0,0,14.1,12,14,13.3,69,17,3,1,2,8,3,0,9,0,0,3,7.53,8.79,8.35,8.66,6.67,1.74,-0.11,16125,2024,0.0,3000.0,567876,3100.0,4239.1
이종민,12,9,3,0,0,0,1,8,0,0,43.2,37,39,36.1,212,56,10,2,9,22,5,2,21,2,1,0,7.63,8.04,7.44,7.72,7.22,1.79,-0.12,14576,2024,0.0,3200.0,567876,3600.0,4917.84
박범준,5,0,5,3,0,0,0,1,0,0,5.1,8,8,7.3,28,7,2,0,1,4,1,0,8,0,0,2,13.5,13.5,12.32,11.88,5.59,2.06,-0.19,16133,2024,0.0,3000.0,567876,3100.0,3343.8
전준표,18,5,13,4,0,0,2,4,0,0,27.2,21,28,27.0,144,35,4,0,4,20,5,0,18,4,0,4,6.83,9.11,8.78,8.93,7.09,1.99,-0.35,16122,2024,0.0,3000.0,567876,3200.0,4329.0
오석주,17,0,17,7,0,0,1,1,0,0,17.0,21,21,20.15,92,28,4,1,0,11,3,1,16,1,0,2,11.12,11.12,10.67,11.22,4.4,2.29,-0.5,12860,2024,0.0,4000.0,567876,3900.0,5529.78
조영건,25,3,22,3,0,0,2,1,0,1,39.1,35,39,35.55,197,51,10,1,7,24,1,0,31,3,0,3,8.01,8.92,8.13,8.83,6.01,1.91,-0.55,14132,2024,0.0,4000.0,567876,3800.0,5458.86
윤석원,11,1,10,3,0,0,0,1,0,0,17.1,22,24,24.2,88,31,11,0,3,7,2,0,1,2,1,3,11.42,12.46,12.57,12.91,7.72,2.19,-0.66,15071,2024,0.0,4300.0,567876,6000.0,5267.9
