선수,연도,기존pid,연봉,이후연봉,예측연봉,포지션
노시환,2024,14125,35000.0,33000.0,35163.986,3루수
최재훈,2024,10170,92000.0,82000.0,78469.422,포수
황영묵,2024,16110,3000.0,8300.0,9952.2,2루수
안치홍,2024,10014,50000.0,50000.0,44875.032,1루수
최인호,2024,14707,4800.0,6800.0,7243.4,좌익수
김태연,2024,12585,7800.0,14600.0,15585.766,3루수
이도윤,2024,11414,7500.0,11000.0,12474.64,유격수
장진혁,2024,12583,5800.0,11500.0,11338.95,중견수
문현빈,2024,15422,23000.0,8800.0,15402.694,중견수
박상언,2024,12587,4200.0,4200.0,4408.96,포수
권광민,2024,13676,3300.0,3800.0,3910.67,좌익수
하주석,2024,10913,7000.0,9000.0,7906.8,유격수
유로결,2024,14126,3300.0,3500.0,3725.37,우익수
한경빈,2024,15633,3000.0,3100.0,3383.17,유격수
장규현,2024,14811,3200.0,3300.0,3337.95,포수
이진영,2024,12539,7000.0,6200.0,6219.3,우익수
이상혁,2024,15139,3100.0,3500.0,3456.4,우익수
이원석,2024,13138,3600.0,5000.0,5379.05,중견수
임종찬,2024,14706,3400.0,3700.0,3903.4,우익수
이재원,2024,10082,5000.0,10000.0,8470.7,포수
김인환,2024,12589,6900.0,5500.0,6020.1,1루수
홍창기,2024,12546,51000.0,65000.0,62335.82,우익수
문보경,2024,14137,30000.0,41000.0,43672.564,3루수
오지환,2024,10475,30000.0,30000.0,31365.57,유격수
신민재,2024,13056,11500.0,20000.0,22475.932,2루수
문성주,2024,13112,20000.0,18000.0,19934.382,좌익수
구본혁,2024,14140,7000.0,13500.0,13806.95,2루수
최원영,2024,15084,3000.0,4000.0,4320.37,좌익수
이주헌,2024,15081,3000.0,3300.0,3402.74,포수
김주성,2024,12545,3500.0,3500.0,3598.49,3루수
김현종,2024,16013,3000.0,3200.0,3297.35,중견수
안익훈,2024,11347,5500.0,5200.0,5216.6,중견수
김성진,2024,14141,3100.0,3300.0,3313.27,1루수
최승민,2024,14187,4000.0,4300.0,4661.4,좌익수
송찬의,2024,13109,3600.0,3500.0,3750.02,2루수
김수인,2024,14675,3000.0,3100.0,3460.9,2루수
이영빈,2024,14783,5500.0,6000.0,5517.4,1루수
함창건,2024,14680,3000.0,3200.0,3172.15,좌익수
김성우,2024,15085,3100.0,3100.0,3284.94,포수
김민수,2024,12931,6000.0,6000.0,5637.3,3루수
김범석,2024,15484,28300.0,4700.0,15080.266,1루수
윤동희,2024,15048,9000.0,20000.0,21783.346,중견수
고승민,2024,14160,8000.0,18500.0,18505.322,2루수
손호영,2024,14590,4500.0,12500.0,17875.214,3루수
황성빈,2024,14642,7600.0,15500.0,15888.302,중견수
나승엽,2024,14797,4000.0,12000.0,22207.884,1루수
박승욱,2024,10804,13500.0,17000.0,18521.28,유격수
정훈,2024,10253,46666.0,20000.0,27690.24,1루수
오선진,2024,10557,10000.0,4000.0,5623.4,3루수
김동혁,2024,15645,3100.0,3300.0,3423.76,중견수
이정훈,2024,12916,6000.0,6500.0,8295.0,좌익수
신윤후,2024,14169,5200.0,4800.0,5244.5,우익수
이호준,2024,16091,3000.0,3100.0,3491.57,유격수
이인한,2024,14690,3000.0,3100.0,3696.43,좌익수
김민성,2024,10238,20000.0,20000.0,18560.2,3루수
손성빈,2024,14796,5000.0,6800.0,8057.2,포수
강성우,2024,16093,3000.0,3100.0,6496.14,유격수
강승구,2024,16102,3000.0,3100.0,3193.65,포수
장두성,2024,13155,4000.0,4600.0,4510.12,중견수
최항,2024,10810,3100.0,5000.0,5363.7,2루수
김민석,2024,15253,33500.0,7500.0,13076.698,중견수
이주찬,2024,14819,3100.0,3200.0,3364.75,3루수
서동욱,2024,15624,3300.0,3500.0,3584.83,포수
정보근,2024,13154,7500.0,7700.0,7689.4,포수
김도영,2024,15056,10000.0,50000.0,45946.854,3루수
박찬호,2024,11261,30000.0,45000.0,38856.632,유격수
김선빈,2024,10008,60000.0,60000.0,54184.97,2루수
최원준,2024,12534,22000.0,40000.0,36867.036,우익수
한준수,2024,13113,5000.0,14000.0,12098.5,포수
서건창,2024,10855,5000.0,12000.0,10724.266,1루수
김태군,2024,10459,70000.0,70000.0,61474.744,포수
변우혁,2024,14124,6000.0,8500.0,8390.95,1루수
이창진,2024,11233,12000.0,14000.0,12670.1,좌익수
윤도현,2024,15058,3000.0,3200.0,4740.1,2루수
박정우,2024,12869,3800.0,6500.0,5885.3,중견수
이우성,2024,11099,13000.0,17000.0,17544.088,좌익수
홍종표,2024,14612,3500.0,6500.0,6067.1,2루수
박민,2024,14611,3500.0,3800.0,3841.79,유격수
고종욱,2024,10659,15000.0,15000.0,13297.6,좌익수
황대인,2024,11306,8000.0,7000.0,6624.8,1루수
오선우,2024,14181,3300.0,3400.0,3464.0,1루수
한승택,2024,11119,6500.0,6500.0,6013.9,포수
김두현,2024,16086,3000.0,3100.0,3743.72,유격수
김규성,2024,12540,5500.0,6500.0,6041.7,2루수
최정용,2024,11407,4300.0,4500.0,4319.84,2루수
김호령,2024,11298,9000.0,8000.0,7184.9,중견수
장성우,2024,10235,95000.0,95000.0,88327.318,포수
김민혁,2024,11339,24000.0,30000.0,32359.13,좌익수
강백호,2024,13168,29000.0,70000.0,43785.532,1루수
김상수,2024,10320,50000.0,50000.0,44984.768,유격수
문상철,2024,11333,11000.0,17000.0,17179.33,1루수
오윤석,2024,11397,14000.0,16000.0,17068.846,2루수
배정대,2024,11212,32000.0,34000.0,38775.788,중견수
심우준,2024,11334,29000.0,50000.0,39596.4,유격수
조대현,2024,13177,3100.0,4300.0,4535.88,포수
강현우,2024,14603,5000.0,5000.0,5487.3,포수
천성호,2024,14606,4500.0,7100.0,7069.55,2루수
김병준,2024,15097,3100.0,3600.0,3606.67,중견수
김준태,2024,10835,10000.0,7500.0,7692.2,포수
강민성,2024,14191,3600.0,3700.0,3757.36,3루수
장준원,2024,11214,5300.0,5100.0,5048.8,유격수
안현민,2024,15092,3000.0,3300.0,3311.26,좌익수
권동진,2024,14777,4600.0,4600.0,4528.62,유격수
홍현빈,2024,12941,4500.0,4500.0,4430.6,우익수
송민섭,2024,11342,6500.0,6000.0,5920.0,우익수
안치영,2024,13006,5000.0,4500.0,4645.8,우익수
윤준혁,2024,14605,3000.0,3500.0,3480.97,3루수
박민석,2024,14110,3100.0,3400.0,3799.16,2루수
김건형,2024,14779,3000.0,3300.0,3285.66,우익수
오재일,2024,10400,50000.0,15000.0,22756.404,1루수
이호연,2024,13151,8500.0,7000.0,6584.5,2루수
김지찬,2024,14618,16000.0,28000.0,27595.552,2루수
강민호,2024,10232,70000.0,70000.0,70425.322,포수
이재현,2024,15034,14000.0,21000.0,19946.03,유격수
김영웅,2024,15035,3800.0,15000.0,14290.746,3루수
이성규,2024,12562,6000.0,13000.0,12467.35,우익수
김헌곤,2024,10640,6000.0,10000.0,11123.65,좌익수
윤정빈,2024,13161,3700.0,7400.0,7482.5,우익수
박병호,2024,10470,70000.0,38000.0,45045.932,1루수
디아즈,2024,16162,5000.0,70000.0,46579.4,1루수
전병우,2024,11422,6000.0,7500.0,7246.9,3루수
이병헌,2024,14117,4000.0,6500.0,6146.0,포수
류지혁,2024,10894,20000.0,60000.0,18879.248,2루수
김민수,2024,11266,4600.0,4600.0,4537.74,포수
양도근,2024,15875,3000.0,3500.0,3689.94,2루수
김성윤,2024,12936,10000.0,7000.0,7312.8,우익수
김태훈,2024,11336,4100.0,4500.0,4391.92,우익수
카디네스,2024,16156,32700.0,58500.0,53198.096,우익수
김도환,2024,14115,5000.0,4700.0,4681.4,포수
공민규,2024,13164,4100.0,4300.0,4439.44,3루수
양우현,2024,14116,3700.0,4000.0,4141.2,2루수
이창용,2024,14866,3000.0,3300.0,3351.6,1루수
김재성,2024,11344,7000.0,5500.0,12554.7,포수
김동엽,2024,12548,8000.0,5000.0,5476.9,좌익수
김호진,2024,15868,3000.0,3250.0,3452.6,3루수
강한울,2024,11255,10000.0,7000.0,7286.7,3루수
김재혁,2024,15036,3000.0,3500.0,3490.73,중견수
안주형,2024,12988,5200.0,7000.0,7115.25,2루수
박성한,2024,12922,30000.0,37000.0,40573.598,유격수
정준재,2024,16042,3000.0,7500.0,7834.05,2루수
최지훈,2024,14587,25000.0,30000.0,33738.118,중견수
이지영,2024,10312,20000.0,15000.0,20862.532,포수
오태곤,2024,10249,40000.0,30000.0,34287.194,1루수
최준우,2024,13128,4500.0,3200.0,3702.37,2루수
최상민,2024,13195,3200.0,3200.0,4516.0,우익수
박지환,2024,16038,3000.0,6200.0,6444.05,2루수
김창평,2024,14146,3100.0,3100.0,3094.85,좌익수
최민창,2024,11351,3000.0,3000.0,3082.0,우익수
조형우,2024,14806,6300.0,4000.0,4648.3,포수
강진성,2024,11148,8500.0,5500.0,6999.7,1루수
한유섬,2024,10815,90000.0,90000.0,78526.174,우익수
정현승,2024,16043,3000.0,3000.0,3344.6,우익수
김찬형,2024,12622,5000.0,3200.0,4459.5,3루수
김민식,2024,10707,15000.0,25000.0,22283.4,포수
김성현,2024,10636,20000.0,15000.0,14949.0,2루수
하재훈,2024,14147,10000.0,9000.0,11297.09,좌익수
고명준,2024,14807,3000.0,8000.0,8300.816,1루수
안상현,2024,12613,4000.0,3200.0,3565.2,2루수
권희동,2024,11172,15000.0,22500.0,26257.216,좌익수
김주원,2024,14765,16000.0,20000.0,22825.65,유격수
김휘집,2024,14785,11000.0,17500.0,16508.1,3루수
서호철,2024,14220,12000.0,17500.0,18999.36,3루수
최정원,2024,14221,6600.0,7000.0,7271.8,중견수
김형준,2024,13081,5800.0,11000.0,11106.2,포수
천재환,2024,13261,5000.0,7600.0,7807.05,중견수
안중열,2024,11329,7100.0,6600.0,7733.8,포수
송승환,2024,14172,3500.0,3200.0,3410.96,우익수
오영수,2024,13082,7200.0,5100.0,5560.0,1루수
도태훈,2024,12560,8000.0,8000.0,8051.35,1루수
신용석,2024,15452,13000.0,3000.0,6292.3,포수
김한별,2024,14716,3800.0,3800.0,4019.52,유격수
한재환,2024,14659,4000.0,3000.0,3392.04,1루수
박영빈,2024,14661,3200.0,3100.0,4340.54,중견수
김세훈,2024,16058,3000.0,3000.0,3453.95,유격수
김범준,2024,14222,3000.0,3000.0,3114.15,좌익수
김수윤,2024,12903,3200.0,3200.0,3295.67,3루수
박한결,2024,15451,18100.0,3500.0,8106.2,좌익수
박시원,2024,14597,3000.0,12000.0,9104.87,중견수
김성욱,2024,11153,9500.0,10000.0,13186.932,중견수
한석현,2024,13250,3900.0,3700.0,5853.22,우익수
강승호,2024,11087,25500.0,37000.0,35159.562,2루수
정수빈,2024,10195,86666.0,86666.0,84498.43,중견수
양석환,2024,11213,30000.0,30000.0,32245.864,1루수
박준영,2024,12522,7000.0,8500.0,8969.3,유격수
김기연,2024,12549,4000.0,11000.0,9465.5,포수
이유찬,2024,12894,8500.0,10500.0,10809.4,2루수
조수행,2024,12524,9500.0,20000.0,18849.24,좌익수
전다민,2024,16072,3000.0,3500.0,3742.95,좌익수
김민혁,2024,12970,3800.0,3420.0,3780.96,1루수
류현준,2024,16076,3000.0,3100.0,4896.86,포수
홍성호,2024,12606,3300.0,3300.0,3423.48,우익수
오명진,2024,14737,3100.0,3100.0,6771.57,2루수
임종성,2024,16069,3000.0,3100.0,3205.1,3루수
장규빈,2024,14570,3000.0,3100.0,3153.65,포수
여동건,2024,16068,3000.0,3300.0,3561.75,2루수
장승현,2024,11097,6000.0,4800.0,5083.3,포수
박민준,2024,15515,7000.0,3100.0,4231.8,포수
전민재,2024,13073,3400.0,7500.0,7496.7,유격수
박계범,2024,11198,8500.0,6800.0,6779.2,유격수
김인태,2024,11098,9000.0,7200.0,7488.1,우익수
김대한,2024,14170,3700.0,4200.0,4202.5,우익수
김태근,2024,14175,3400.0,4500.0,4228.17,좌익수
송성문,2024,11376,13000.0,30000.0,34460.694,3루수
이주형,2024,14591,6600.0,11000.0,12186.378,우익수
이용규,2024,10035,20000.0,20000.0,20212.98,좌익수
이형종,2024,12516,68000.0,60000.0,52676.848,우익수
김건희,2024,15472,25200.0,5200.0,21958.054,포수
박수종,2024,15132,4000.0,4500.0,5031.3,중견수
박성빈,2024,15479,8000.0,3000.0,4401.9,포수
최주환,2024,10182,65000.0,30000.0,38297.014,1루수
김태진,2024,11244,11000.0,9000.0,10305.5,유격수
송지후,2024,16130,3000.0,3000.0,3204.35,2루수
김재현,2024,10870,5500.0,10000.0,10305.5,포수
김동헌,2024,15473,4000.0,3800.0,3857.17,포수
주성원,2024,14133,3500.0,3800.0,3841.99,우익수
임병욱,2024,11226,7000.0,6000.0,6087.8,우익수
김병휘,2024,14577,3300.0,3500.0,3615.62,유격수
변상권,2024,13223,4800.0,5500.0,5984.6,좌익수
원성준,2024,16136,3000.0,4000.0,5451.42,중견수
박주홍,2024,14580,3600.0,3700.0,3743.3,좌익수
장재영,2024,14784,4000.0,4600.0,4687.15,우익수
김웅빈,2024,12503,5000.0,4000.0,4675.96,3루수
고영우,2024,16128,3000.0,4500.0,6789.05,3루수
이원석,2024,10180,40000.0,30000.0,27218.83,1루수
이승원,2024,15476,10100.0,3200.0,8420.2,유격수
임지열,2024,11225,7200.0,5800.0,5796.8,1루수
이재상,2024,16124,3000.0,3200.0,3420.82,유격수
류현진,2024,10590,250000.0,200000.0,114752.866,투수
주현상,2024,11415,11000.0,25000.0,25514.8,투수
와이스,2024,16153,4800.0,84000.0,12984.88,투수
문동주,2024,15013,10000.0,10000.0,14083.39,투수
황준서,2024,16107,3000.0,4500.0,7495.82,투수
박상원,2024,12871,19500.0,22000.0,26996.404,투수
이민우,2024,13003,5600.0,9400.0,10861.81,투수
한승혁,2024,10812,4900.0,9400.0,10628.85,투수
장민재,2024,10610,15000.0,15000.0,12162.76,투수
김서현,2024,15421,53300.0,5600.0,43887.55,투수
김민우,2024,11410,16700.0,13000.0,22902.856,투수
이상규,2024,13245,4400.0,4800.0,5349.92,투수
김기중,2024,14808,4400.0,6000.0,5837.06,투수
장시환,2024,10453,25000.0,20000.0,15593.1,투수
김승일,2024,14711,3000.0,3200.0,3608.5,투수
김범수,2024,11411,19300.0,14300.0,13993.8,투수
김규연,2024,14871,4100.0,5300.0,9191.14,투수
조동욱,2024,16108,3000.0,4000.0,5065.38,투수
배민서,2024,14158,5100.0,4100.0,4465.2,투수
김도빈,2024,16118,3000.0,3100.0,5795.3,투수
이충호,2024,11116,3400.0,3400.0,3637.7,투수
장지수,2024,14178,3200.0,3400.0,5133.94,투수
윤대경,2024,11110,11000.0,7000.0,9475.9,투수
이태양,2024,10609,70000.0,47000.0,68030.226,투수
임찬규,2024,10652,20000.0,20000.0,31266.96,투수
손주영,2024,12908,4300.0,17200.0,15852.22,투수
최원태,2024,11379,40000.0,20000.0,43995.932,투수
에르난데스,2024,16160,44000.0,112000.0,59272.572,투수
김진성,2024,11166,35000.0,33000.0,38822.664,투수
유영찬,2024,14669,8500.0,21000.0,15063.93,투수
김유영,2024,11229,6700.0,10500.0,10689.16,투수
이종준,2024,14651,3000.0,4200.0,7451.56,투수
함덕주,2024,11094,20000.0,20000.0,15478.5,투수
우강훈,2024,14816,3100.0,3600.0,4735.8,투수
임준형,2024,14142,4800.0,5500.0,5366.9,투수
진우영,2024,16015,3000.0,3400.0,5127.1,투수
김대현,2024,12532,5700.0,7500.0,7719.36,투수
이지강,2024,14143,6800.0,8300.0,8286.15,투수
정우영,2024,14136,32000.0,18000.0,28756.566,투수
김진수,2024,14781,3200.0,3600.0,4024.8,투수
성동현,2024,13103,3200.0,3400.0,3594.3,투수
최동환,2024,10535,13000.0,11000.0,10349.4,투수
김영준,2024,13102,3600.0,4200.0,4766.4,투수
박명근,2024,15486,17500.0,6000.0,13468.0,투수
정지헌,2024,16017,3000.0,3500.0,4557.8,투수
백승현,2024,13009,9200.0,7000.0,9992.6,투수
이우찬,2024,10749,12500.0,10000.0,10522.4,투수
반즈,2024,15011,85000.0,133000.0,141724.4,투수
박세웅,2024,11310,135000.0,135000.0,105333.0,투수
김원중,2024,10825,50000.0,110000.0,57013.682,투수
김진욱,2024,14792,6000.0,10000.0,10343.47,투수
한현희,2024,10863,40000.0,110000.0,37200.062,투수
박진,2024,14163,3300.0,6000.0,7848.52,투수
김상수,2024,10427,16000.0,24000.0,17970.32,투수
정현수,2024,16090,3000.0,4000.0,6701.64,투수
김강현,2024,12699,3200.0,4000.0,5019.62,투수
박진형,2024,11425,8600.0,5600.0,6677.8,투수
구승민,2024,11291,45000.0,30000.0,33668.832,투수
최준용,2024,14624,16300.0,11000.0,13014.7,투수
이민석,2024,15045,3800.0,4000.0,4605.4,투수
진승현,2024,15047,4300.0,4000.0,5458.8,투수
정우준,2024,14795,3100.0,3200.0,4155.4,투수
박준우,2024,16092,3000.0,3100.0,3411.9,투수
우강훈,2024,14816,3100.0,3600.0,6043.0,투수
김도규,2024,13148,8000.0,4000.0,6395.3,투수
홍민기,2024,14625,3100.0,3100.0,3656.6,투수
진해수,2024,10075,15000.0,7000.0,12077.1,투수
윤성빈,2024,12928,3100.0,3100.0,7253.2,투수
현도훈,2024,13271,3200.0,3300.0,3799.7,투수
송재영,2024,14794,3100.0,3200.0,10769.8,투수
나균안,2024,12930,17000.0,12000.0,17132.4,투수
양현종,2024,10058,125000.0,125000.0,109483.9,투수
네일,2024,16088,71500.0,168000.0,119970.464,투수
정해영,2024,14608,20000.0,36000.0,26154.752,투수
윤영철,2024,15432,41000.0,12000.0,39131.164,투수
황동하,2024,15063,3500.0,10000.0,9659.17,투수
장현식,2024,11164,16000.0,20000.0,17781.36,투수
전상현,2024,12537,17000.0,30000.0,29133.97,투수
곽도규,2024,15435,9300.0,12000.0,14021.57,투수
김도현,2024,14128,3500.0,9000.0,7354.13,투수
이준영,2024,11303,14000.0,17000.0,11923.9,투수
최지민,2024,15057,10000.0,12000.0,11784.6,투수
김승현,2024,12637,4100.0,4600.0,5155.9,투수
유승철,2024,12914,3600.0,3800.0,3852.3,투수
이의리,2024,14788,17000.0,17000.0,14841.0,투수
김기훈,2024,14176,4000.0,5500.0,5400.08,투수
장재혁,2024,14657,3000.0,3100.0,3124.8,투수
박정우,2024,12869,3800.0,6500.0,4150.1,투수
김사윤,2024,11364,3400.0,4000.0,6492.46,투수
박준표,2024,11070,8000.0,7500.0,6043.4,투수
유지성,2024,14607,3100.0,3200.0,3628.3,투수
김민주,2024,16082,3000.0,3100.0,3381.8,투수
김민재,2024,16083,3000.0,3100.0,5647.1,투수
임기영,2024,10909,25000.0,30000.0,18008.1,투수
김건국,2024,12944,4000.0,4500.0,4460.4,투수
이형범,2024,11159,7000.0,6500.0,5928.8,투수
김현수,2024,14162,4500.0,4500.0,6177.2,투수
김대유,2024,10706,11000.0,12000.0,10263.2,투수
윤중현,2024,13122,6500.0,6000.0,7542.6,투수
쿠에바스,2024,13942,100000.0,140000.0,118102.1,투수
엄상백,2024,11318,25000.0,90000.0,48800.9,투수
박영현,2024,15089,16000.0,24000.0,24671.336,투수
김민,2024,13167,5000.0,11000.0,13159.73,투수
고영표,2024,11308,200000.0,200000.0,74072.228,투수
우규민,2024,10523,22000.0,20000.0,28916.382,투수
김민수,2024,11317,16000.0,21000.0,15910.16,투수
육청명,2024,16028,3000.0,3500.0,6874.42,투수
조이현,2024,11284,6000.0,5700.0,6367.42,투수
박시영,2024,10737,9000.0,5000.0,8673.7,투수
소형준,2024,14600,22000.0,22000.0,32784.28,투수
손동현,2024,14108,12000.0,10000.0,10452.5,투수
이선우,2024,14111,4000.0,3800.0,4509.0,투수
원상현,2024,16027,3000.0,4000.0,6187.68,투수
이상동,2024,14109,6000.0,5900.0,6763.78,투수
박세진,2024,12572,3500.0,3700.0,5349.0,투수
성재헌,2024,14667,3000.0,3600.0,5274.64,투수
이채호,2024,13130,5300.0,5000.0,4721.5,투수
주권,2024,11323,20000.0,20000.0,15633.2,투수
강건,2024,15527,6500.0,3500.0,5382.1,투수
전용주,2024,14106,3200.0,3600.0,4081.1,투수
한차현,2024,14776,3100.0,3500.0,3639.0,투수
문용익,2024,12885,6300.0,5800.0,6369.6,투수
원태인,2024,14113,43000.0,63000.0,101211.066,투수
레예스,2024,15861,78000.0,98000.0,105019.498,투수
이승현,2024,14798,7000.0,12000.0,13808.91,투수
임창민,2024,10452,20000.0,20000.0,21598.08,투수
최지광,2024,12934,14000.0,17000.0,17018.29,투수
김재윤,2024,11489,40000.0,80000.0,37039.328,투수
김태훈,2024,10871,17000.0,24000.0,20577.672,투수
황동재,2024,14615,4100.0,6200.0,7855.49,투수
이승현,2024,10527,17000.0,24000.0,19590.9,투수
백정현,2024,10363,75000.0,75000.0,65440.5,투수
이상민,2024,11169,6500.0,8500.0,8056.65,투수
송은범,2024,10137,5000.0,6000.0,7150.2,투수
최하늘,2024,13152,4100.0,6000.0,5614.62,투수
김대우,2024,10685,10000.0,10000.0,9145.9,투수
육선엽,2024,15864,3000.0,3500.0,4336.9,투수
오승환,2024,10367,40000.0,80000.0,32427.964,투수
홍원표,2024,14614,3300.0,3550.0,6667.7,투수
최성훈,2024,10851,10000.0,7800.0,9690.6,투수
양현,2024,10730,9000.0,7000.0,8447.5,투수
이호성,2024,15496,23200.0,4000.0,15128.8,투수
최채흥,2024,13156,15000.0,13000.0,11375.5,투수
장필준,2024,11404,7000.0,4000.0,6176.8,투수
김대호,2024,15882,3000.0,3300.0,3133.1,투수
김윤수,2024,13162,7000.0,7000.0,5581.3,투수
이승민,2024,14616,4100.0,5000.0,5067.8,투수
이재익,2024,13244,8200.0,6200.0,7451.2,투수
앤더슨,2024,16146,57000.0,161000.0,100152.76,투수
김광현,2024,10126,100000.0,300000.0,110661.8,투수
노경은,2024,10203,35000.0,40000.0,42890.738,투수
오원석,2024,14581,14000.0,14000.0,16038.09,투수
조병현,2024,14805,3000.0,13500.0,13697.05,투수
문승원,2024,10783,18000.0,80000.0,18787.48,투수
송영진,2024,15462,19500.0,5500.0,23878.3,투수
한두솔,2024,13228,3200.0,8000.0,9407.8,투수
이로운,2024,15461,32400.0,7400.0,29317.03,투수
박종훈,2024,10131,110000.0,110000.0,67752.63,투수
박시후,2024,14687,3000.0,3100.0,4598.8,투수
박성빈,2024,16044,3000.0,3100.0,3981.3,투수
정동윤,2024,12571,3000.0,3000.0,3546.3,투수
김택형,2024,11373,20500.0,20500.0,14542.6,투수
장지훈,2024,14804,13000.0,13000.0,9748.7,투수
백승건,2024,14145,4600.0,3200.0,4562.1,투수
최현석,2024,16041,3000.0,3000.0,6582.1,투수
고효준,2024,10124,15300.0,8000.0,13475.6,투수
신헌민,2024,15024,3200.0,3300.0,4939.3,투수
김주온,2024,13057,3000.0,3000.0,3267.8,투수
서진용,2024,10784,45000.0,38000.0,35693.6,투수
이건욱,2024,11242,6100.0,3200.0,5696.0,투수
최민준,2024,13126,14400.0,10000.0,11532.23,투수
신민혁,2024,13085,18000.0,18000.0,22105.82,투수
김재열,2024,14747,6000.0,12000.0,14062.44,투수
김시훈,2024,13080,11000.0,13500.0,14789.94,투수
김영규,2024,13088,22500.0,20000.0,25695.004,투수
이재학,2024,10220,20000.0,18000.0,20551.68,투수
한재승,2024,14764,3400.0,7500.0,8365.49,투수
임정호,2024,11168,13500.0,20000.0,14697.43,투수
최우석,2024,16056,3000.0,3000.0,5252.4,투수
박주현,2024,13175,3000.0,3000.0,3174.0,투수
김진호,2024,12897,6000.0,5000.0,5570.1,투수
류진욱,2024,11355,16500.0,13500.0,13035.6,투수
손주환,2024,16057,3000.0,3000.0,4093.8,투수
임상현,2024,16053,3000.0,3700.0,4274.2,투수
최성영,2024,12565,8300.0,8000.0,8002.9,투수
배재환,2024,11248,6300.0,5500.0,5788.5,투수
김민규,2024,16049,3000.0,3000.0,4047.2,투수
서의태,2024,12574,3000.0,3000.0,4514.8,투수
신영우,2024,15450,28000.0,3000.0,21661.332,투수
소이현,2024,12900,3200.0,3100.0,3698.5,투수
김태현,2024,12898,4000.0,3500.0,4193.0,투수
목지훈,2024,15453,11000.0,3000.0,9665.6,투수
전사민,2024,14156,3400.0,3800.0,5020.7,투수
전루건,2024,14171,3200.0,3100.0,4990.8,투수
이용찬,2024,10217,40000.0,20000.0,34846.098,투수
곽빈,2024,13061,21000.0,38000.0,42598.76,투수
김택연,2024,16067,3000.0,14000.0,15244.67,투수
이병헌,2024,15099,3600.0,13000.0,12907.56,투수
김강률,2024,10690,15000.0,10000.0,15179.18,투수
홍건희,2024,10696,30000.0,30000.0,35837.18,투수
최원준,2024,12852,25000.0,22500.0,27652.96,투수
최준호,2024,15508,23000.0,5800.0,20718.12,투수
알칸타라,2024,13941,80000.0,35000.0,68764.83,투수
최지강,2024,15127,3400.0,9500.0,10129.35,투수
김민규,2024,13072,5000.0,4200.0,6499.31,투수
이영하,2024,12568,10000.0,18000.0,13659.89,투수
김유성,2024,15509,18000.0,3300.0,13038.5,투수
박신지,2024,13070,3500.0,3200.0,7496.4,투수
박정수,2024,11300,5500.0,5200.0,5917.0,투수
최종인,2024,14733,3000.0,3500.0,6582.1,투수
최승용,2024,14770,10200.0,8500.0,8404.4,투수
박지호,2024,16071,3000.0,3100.0,3496.4,투수
박치국,2024,12850,13000.0,11000.0,12158.0,투수
김도윤,2024,14768,3100.0,3100.0,4910.6,투수
권휘,2024,13665,3000.0,3700.0,3936.8,투수
정철원,2024,13071,16500.0,12000.0,12759.2,투수
김정우,2024,13124,3100.0,3000.0,3278.9,투수
김호준,2024,13268,3100.0,3300.0,4840.6,투수
이교훈,2024,14173,3300.0,3800.0,5847.4,투수
김명신,2024,12847,22500.0,16500.0,13718.3,투수
후라도,2024,15531,120000.0,130000.0,152199.2,투수
헤이수스,2024,16138,78000.0,130000.0,148254.8,투수
하영민,2024,11222,8000.0,16500.0,20594.18,투수
주승우,2024,15067,3200.0,7700.0,10892.52,투수
조상우,2024,11126,34000.0,40000.0,31887.642,투수
김인범,2024,14480,3300.0,4500.0,7136.88,투수
김성민,2024,12918,9000.0,11000.0,10622.62,투수
김윤하,2024,16123,3000.0,4500.0,5680.15,투수
김선기,2024,13092,7000.0,8400.0,10111.64,투수
양지율,2024,12854,3000.0,3500.0,4749.6,투수
원종현,2024,11161,62500.0,62500.0,63751.628,투수
박윤성,2024,15475,12000.0,3500.0,9399.7,투수
김동규,2024,15485,3100.0,3100.0,7539.5,투수
김연주,2024,16127,3000.0,3800.0,4815.88,투수
손현기,2024,16125,3000.0,3100.0,4239.1,투수
이종민,2024,14576,3200.0,3600.0,4917.84,투수
박범준,2024,16133,3000.0,3100.0,3343.8,투수
전준표,2024,16122,3000.0,3200.0,4329.0,투수
오석주,2024,12860,4000.0,3900.0,5529.78,투수
조영건,2024,14132,4000.0,3800.0,5458.86,투수
윤석원,2024,15071,4300.0,6000.0,5267.9,투수
채은성,2024,11215,160000.0,120000.0,172840.448,1루수
오스틴,2024,15532,80000.0,168000.0,120976.808,1루수
박동원,2024,10387,300000.0,170000.0,167075.313,포수
박해민,2024,11190,140000.0,140000.0,125886.938,중견수
김현수,2024,10187,225000.0,175000.0,196272.074,좌익수
레이예스,2024,16106,91000.0,112000.0,173457.501,우익수
전준우,2024,10266,130000.0,40000.0,139318.807,좌익수
유강남,2024,10753,200000.0,210000.0,133483.974,포수
노진혁,2024,11165,120000.0,130000.0,119527.611,유격수
나성범,2024,11162,180000.0,180000.0,166670.22,우익수
최형우,2024,10344,100000.0,100000.0,128701.898,좌익수
로하스,2024,12995,50000.0,210000.0,154023.627,좌익수
황재균,2024,10407,162500.0,112500.0,155782.057,3루수
구자욱,2024,10892,200000.0,200000.0,184139.416,우익수
최정,2024,10106,100000.0,170000.0,121571.373,3루수
에레디아,2024,15530,115000.0,224000.0,125622.899,좌익수
박민우,2024,11137,170000.0,160000.0,138655.467,2루수
데이비슨,2024,16066,91000.0,168000.0,143835.299,1루수
박건우,2024,10189,146666.0,136666.0,160358.79,우익수
박세혁,2024,10891,115000.0,105000.0,80546.254,포수
손아섭,2024,10261,115000.0,115000.0,116302.408,우익수
양의지,2024,10165,160000.0,270000.0,151034.417,포수
허경민,2024,10184,122500.0,30000.0,115324.27,3루수
김재환,2024,10643,287500.0,237500.0,184986.631,좌익수
