선수,연봉(만원),WAR,WAR당 연봉,팀,pid,연도
채은성,180000.0,2.36,76221,한화 이글스,11215,2023
최재훈,80000.0,3.90,20492,한화 이글스,10170,2023
스미스,104000.0,0.09,756875,한화 이글스,15540,2023
오그레디,91000.0,-0.87,-80365,한화 이글스,15541,2023
이태양,66000.0,1.44,45702,한화 이글스,10609,2023
페냐,55000.0,4.20,13083,한화 이글스,15146,2023
정우람,50000.0,0.26,193563,한화 이글스,10156,2023
산체스,40000.0,2.51,15960,한화 이글스,15643,2023
장시환,28000.0,0.52,53948,한화 이글스,10453,2023
윌리엄스,25000.0,-0.81,-30701,한화 이글스,15647,2023
김민우,22800.0,-0.46,-49756,한화 이글스,11410,2023
정은원,21800.0,1.03,21251,한화 이글스,13137,2023
강재민,15000.0,-0.64,-23513,한화 이글스,14708,2023
김범수,14100.0,0.17,84338,한화 이글스,11411,2023
박상원,13300.0,-0.18,-75459,한화 이글스,12871,2023
노시환,13100.0,6.82,1920,한화 이글스,14125,2023
장민재,11500.0,0.05,223567,한화 이글스,10610,2023
노수광,10900.0,-0.12,-88193,한화 이글스,11268,2023
오선진,10000.0,0.02,472498,한화 이글스,10557,2023
하주석,10000.0,-0.58,-17260,한화 이글스,10913,2023
윤대경,9000.0,1.08,8310,한화 이글스,11110,2023
김종수,8900.0,-,-,한화 이글스,11117,2023
김인환,6400.0,0.23,27855,한화 이글스,12589,2023
한승혁,6200.0,-0.26,-23712,한화 이글스,10812,2023
장진혁,6000.0,-0.44,-13624,한화 이글스,12583,2023
김태연,6000.0,1.41,4268,한화 이글스,12585,2023
주현상,5800.0,2.21,2621,한화 이글스,11415,2023
김재영,5300.0,-0.14,-38416,한화 이글스,12547,2023
이민우,5100.0,0.16,32490,한화 이글스,13003,2023
이명기,5000.0,-0.29,-17008,한화 이글스,10119,2023
장운호,5000.0,-0.08,-63382,한화 이글스,11122,2023
이성곤,4800.0,-0.20,-24185,한화 이글스,11206,2023
윤산흠,4800.0,-0.14,-34278,한화 이글스,14196,2023
남지민,4300.0,-0.14,-31683,한화 이글스,14619,2023
박정현,4200.0,-0.33,-12799,한화 이글스,14704,2023
이진영,3900.0,3.60,1083,한화 이글스,12539,2023
최인호,3800.0,1.49,2545,한화 이글스,14707,2023
박상언,3600.0,-0.30,-12106,한화 이글스,12587,2023
김기중,3600.0,0.67,5394,한화 이글스,14808,2023
송윤준,3500.0,-0.04,-99340,한화 이글스,10748,2023
류원석,3500.0,0.02,198876,한화 이글스,13251,2023
이도윤,3400.0,2.27,1501,한화 이글스,11414,2023
박윤철,3400.0,-0.09,-39271,한화 이글스,14129,2023
류희운,3300.0,-0.06,-59419,한화 이글스,12655,2023
이원석,3300.0,0.25,12947,한화 이글스,13138,2023
유로결,3300.0,-0.45,-7413,한화 이글스,14126,2023
허관회,3300.0,-0.27,-12371,한화 이글스,14204,2023
문동주,3300.0,2.96,1115,한화 이글스,15013,2023
유상빈,3300.0,-0.03,-127240,한화 이글스,15141,2023
이충호,3200.0,-0.10,-32240,한화 이글스,11116,2023
장지수,3200.0,-0.05,-58276,한화 이글스,14178,2023
장지승,3200.0,-0.06,-53377,한화 이글스,14880,2023
원혁재,3100.0,-,-,한화 이글스,12872,2023
이재용,3100.0,0.04,76581,한화 이글스,12902,2023
이승관,3100.0,-,-,한화 이글스,13135,2023
권광민,3100.0,-1.03,-2999,한화 이글스,13676,2023
김건,3100.0,-0.35,-8914,한화 이글스,14209,2023
신지후,3100.0,-,-,한화 이글스,14620,2023
한승주,3100.0,0.57,5440,한화 이글스,14621,2023
정민규,3100.0,-,-,한화 이글스,14813,2023
김규연,3100.0,0.46,6801,한화 이글스,14871,2023
박준영,3100.0,-0.08,-37897,한화 이글스,15014,2023
이재민,3100.0,-,-,한화 이글스,15020,2023
이성원,3000.0,-,-,한화 이글스,13140,2023
김민기,3000.0,-,-,한화 이글스,13141,2023
정이황,3000.0,-,-,한화 이글스,14127,2023
김현우,3000.0,-,-,한화 이글스,14166,2023
김범준,3000.0,-,-,한화 이글스,14710,2023
오세훈,3000.0,-,-,한화 이글스,14835,2023
안진,3000.0,-,-,한화 이글스,14876,2023
양경모,3000.0,-,-,한화 이글스,15017,2023
김겸재,3000.0,-,-,한화 이글스,15018,2023
노석진,3000.0,-,-,한화 이글스,15022,2023
민승기,3000.0,-,-,한화 이글스,15137,2023
이상혁,3000.0,-0.16,-18204,한화 이글스,15139,2023
김서현,3000.0,-0.24,-12563,한화 이글스,15421,2023
문현빈,3000.0,1.87,1606,한화 이글스,15422,2023
이민준,3000.0,0.05,63253,한화 이글스,15423,2023
김관우,3000.0,-,-,한화 이글스,15424,2023
김해찬,3000.0,-,-,한화 이글스,15425,2023
한서구,3000.0,-,-,한화 이글스,15426,2023
송성훈,3000.0,-,-,한화 이글스,15427,2023
최원준,3000.0,-,-,한화 이글스,15428,2023
박재규,3000.0,-,-,한화 이글스,15429,2023
천보웅,3000.0,-,-,한화 이글스,15430,2023
김예준,3000.0,-,-,한화 이글스,15431,2023
이정재,3000.0,-,-,한화 이글스,15628,2023
고영재,3000.0,-,-,한화 이글스,15629,2023
이석제,3000.0,-,-,한화 이글스,15630,2023
성지훈,3000.0,-,-,한화 이글스,15631,2023
김석훈,3000.0,-,-,한화 이글스,15632,2023
한경빈,3000.0,-,-,한화 이글스,15633,2023
켈리,105000.0,3.41,30748,LG 트윈스,13934,2023
김현수,100000.0,2.19,45737,LG 트윈스,10187,2023
플럿코,80000.0,4.58,17476,LG 트윈스,15003,2023
오지환,60000.0,5.14,11668,LG 트윈스,10475,2023
박해민,60000.0,4.80,12494,LG 트윈스,11190,2023
고우석,43000.0,0.53,81646,LG 트윈스,12907,2023
정우영,40000.0,-0.74,-54168,LG 트윈스,14136,2023
오스틴,40000.0,5.74,6973,LG 트윈스,15532,2023
최원태,35000.0,3.20,10921,LG 트윈스,11379,2023
박동원,30000.0,2.92,10290,LG 트윈스,10387,2023
홍창기,30000.0,7.91,3793,LG 트윈스,12546,2023
진해수,25000.0,-0.01,-3024251,LG 트윈스,10075,2023
이정용,24000.0,0.87,27693,LG 트윈스,14134,2023
서건창,20000.0,-0.53,-37703,LG 트윈스,10855,2023
김진성,20000.0,2.03,9842,LG 트윈스,11166,2023
김민성,18000.0,1.92,9358,LG 트윈스,10238,2023
임찬규,17000.0,3.40,4999,LG 트윈스,10652,2023
문보경,17000.0,4.45,3822,LG 트윈스,14137,2023
김윤식,15000.0,1.48,10148,LG 트윈스,14588,2023
송은범,14000.0,0.04,390910,LG 트윈스,10137,2023
이민호,14000.0,-0.01,-2750156,LG 트윈스,14589,2023
최성훈,13000.0,-0.18,-73985,LG 트윈스,10851,2023
이우찬,12000.0,0.78,15421,LG 트윈스,10749,2023
최동환,10500.0,0.52,20064,LG 트윈스,10535,2023
허도환,10000.0,-0.58,-17113,LG 트윈스,10684,2023
함덕주,10000.0,2.35,4250,LG 트윈스,11094,2023
김유영,9500.0,-,-,LG 트윈스,11229,2023
문성주,9500.0,4.76,1995,LG 트윈스,13112,2023
윤호솔,8700.0,0.04,248452,LG 트윈스,11170,2023
이재원,8500.0,0.15,57852,LG 트윈스,13104,2023
이천웅,8000.0,0.14,57237,LG 트윈스,10935,2023
배재준,7500.0,-0.02,-316248,LG 트윈스,12697,2023
정주현,6500.0,-0.81,-7997,LG 트윈스,10480,2023
김대현,6200.0,-0.08,-73558,LG 트윈스,12532,2023
안익훈,5100.0,0.12,41979,LG 트윈스,11347,2023
이상영,5000.0,0.11,46617,LG 트윈스,14135,2023
신민재,4800.0,1.43,3365,LG 트윈스,13056,2023
손호영,4700.0,-0.53,-8895,LG 트윈스,14590,2023
백승현,4600.0,2.02,2279,LG 트윈스,13009,2023
손주영,4100.0,-0.08,-50109,LG 트윈스,12908,2023
임정우,4000.0,-,-,LG 트윈스,10713,2023
송찬의,4000.0,-0.32,-12647,LG 트윈스,13109,2023
김영준,3800.0,-0.01,-595577,LG 트윈스,13102,2023
오석주,3700.0,-0.02,-151073,LG 트윈스,12860,2023
이상규,3600.0,0.19,18571,LG 트윈스,13245,2023
이지강,3600.0,0.17,21420,LG 트윈스,14143,2023
김기연,3500.0,-0.73,-4780,LG 트윈스,12549,2023
송승기,3500.0,0.04,88615,LG 트윈스,14846,2023
김주성,3400.0,-0.09,-35979,LG 트윈스,12545,2023
최민창,3300.0,-,-,LG 트윈스,11351,2023
최승민,3300.0,-0.12,-27513,LG 트윈스,14187,2023
강효종,3300.0,-0.12,-28143,LG 트윈스,14780,2023
조원태,3300.0,-,-,LG 트윈스,15078,2023
허준혁,3300.0,-,-,LG 트윈스,15083,2023
김태형,3200.0,-,-,LG 트윈스,12863,2023
전준호,3200.0,-0.04,-71907,LG 트윈스,12864,2023
성재헌,3200.0,-,-,LG 트윈스,14667,2023
이찬혁,3100.0,-,-,LG 트윈스,12909,2023
성동현,3100.0,-0.01,-284117,LG 트윈스,13103,2023
최현준,3100.0,-,-,LG 트윈스,13105,2023
유영찬,3100.0,1.05,2962,LG 트윈스,14669,2023
김주완,3100.0,-,-,LG 트윈스,15079,2023
김성협,3000.0,-,-,LG 트윈스,12911,2023
김의준,3000.0,-,-,LG 트윈스,13108,2023
김성진,3000.0,-,-,LG 트윈스,14141,2023
김태우,3000.0,-,-,LG 트윈스,14675,2023
함창건,3000.0,-,-,LG 트윈스,14680,2023
김단우,3000.0,-,-,LG 트윈스,14841,2023
박민호,3000.0,-,-,LG 트윈스,14845,2023
최원영,3000.0,-,-,LG 트윈스,15084,2023
김성우,3000.0,-,-,LG 트윈스,15085,2023
양진혁,3000.0,-,-,LG 트윈스,15087,2023
엄태경,3000.0,-,-,LG 트윈스,15088,2023
김범석,3000.0,-0.37,-8055,LG 트윈스,15484,2023
박명근,3000.0,-0.31,-9820,LG 트윈스,15486,2023
이준서,3000.0,-,-,LG 트윈스,15487,2023
원상훈,3000.0,-,-,LG 트윈스,15488,2023
임정균,3000.0,-,-,LG 트윈스,15489,2023
권동혁,3000.0,-,-,LG 트윈스,15490,2023
허용주,3000.0,-,-,LG 트윈스,15491,2023
송대현,3000.0,-0.13,-23886,LG 트윈스,15492,2023
이철민,3000.0,-,-,LG 트윈스,15493,2023
곽민호,3000.0,-,-,LG 트윈스,15494,2023
강민균,3000.0,-,-,LG 트윈스,15495,2023
박세웅,150000.0,4.63,32381,롯데 자이언츠,11310,2023
스트레일리,100000.0,1.78,56200,롯데 자이언츠,14627,2023
렉스,100000.0,0.17,594643,롯데 자이언츠,15152,2023
반즈,85000.0,5.74,14802,롯데 자이언츠,15011,2023
유강남,60000.0,4.09,14661,롯데 자이언츠,10753,2023
안치홍,50000.0,1.99,25091,롯데 자이언츠,10014,2023
전준우,50000.0,3.79,13190,롯데 자이언츠,10266,2023
노진혁,50000.0,2.56,19565,롯데 자이언츠,11165,2023
구드럼,40000.0,0.14,281684,롯데 자이언츠,15651,2023
정훈,30000.0,0.22,137349,롯데 자이언츠,10253,2023
김원중,25200.0,1.36,18560,롯데 자이언츠,10825,2023
윌커슨,25000.0,3.03,8248,롯데 자이언츠,12295,2023
구승민,24860.0,0.90,27634,롯데 자이언츠,11291,2023
한현희,20000.0,0.95,21134,롯데 자이언츠,10863,2023
한동희,19260.0,-2.48,-7760,롯데 자이언츠,13145,2023
최준용,15800.0,1.55,10183,롯데 자이언츠,14624,2023
이인복,14500.0,-0.27,-53772,롯데 자이언츠,11232,2023
김상수,11000.0,1.58,6951,롯데 자이언츠,10427,2023
나균안,10900.0,3.40,3207,롯데 자이언츠,12930,2023
김도규,9500.0,0.21,45957,롯데 자이언츠,13148,2023
서준원,9500.0,-,-,롯데 자이언츠,14159,2023
심재민,8300.0,1.03,8054,롯데 자이언츠,11311,2023
안권수,8000.0,1.84,4355,롯데 자이언츠,14571,2023
지시완,7600.0,0.10,78656,롯데 자이언츠,11413,2023
고승민,7300.0,0.27,27300,롯데 자이언츠,14160,2023
문경찬,7200.0,-0.19,-37857,롯데 자이언츠,11299,2023
이학주,7200.0,0.00,-3290180,롯데 자이언츠,14114,2023
황성빈,7200.0,0.40,17876,롯데 자이언츠,14642,2023
신정락,7000.0,-0.10,-71487,롯데 자이언츠,10516,2023
박승욱,7000.0,1.92,3638,롯데 자이언츠,10804,2023
김민수,6300.0,-0.23,-27418,롯데 자이언츠,12931,2023
윤명준,6000.0,-0.65,-9233,롯데 자이언츠,10885,2023
정보근,5900.0,1.86,3175,롯데 자이언츠,13154,2023
김진욱,5600.0,-0.07,-81697,롯데 자이언츠,14792,2023
신윤후,5300.0,-0.35,-15273,롯데 자이언츠,14169,2023
이민석,4100.0,0.09,47305,롯데 자이언츠,15045,2023
최영환,4000.0,-0.28,-14162,롯데 자이언츠,11276,2023
김재유,4000.0,-,-,롯데 자이언츠,11483,2023
이정훈,4000.0,0.49,8125,롯데 자이언츠,12916,2023
조세진,4000.0,-,-,롯데 자이언츠,15046,2023
강태율,3900.0,-,-,롯데 자이언츠,11388,2023
장두성,3800.0,0.15,25597,롯데 자이언츠,13155,2023
한태양,3800.0,-,-,롯데 자이언츠,15051,2023
정성종,3600.0,0.15,24658,롯데 자이언츠,13147,2023
김주현,3400.0,-,-,롯데 자이언츠,12570,2023
나원탁,3400.0,-0.02,-142499,롯데 자이언츠,12935,2023
최민재,3300.0,-,-,롯데 자이언츠,13004,2023
윤동희,3300.0,0.88,3771,롯데 자이언츠,15048,2023
박진,3200.0,-0.06,-56635,롯데 자이언츠,14163,2023
박영완,3200.0,0.05,66999,롯데 자이언츠,14164,2023
김창훈,3200.0,0.07,42936,롯데 자이언츠,14793,2023
진승현,3200.0,-0.01,-462918,롯데 자이언츠,15047,2023
윤성빈,3100.0,-,-,롯데 자이언츠,12928,2023
김동우,3100.0,-,-,롯데 자이언츠,13149,2023
홍민기,3100.0,-,-,롯데 자이언츠,14625,2023
엄태호,3100.0,-,-,롯데 자이언츠,14640,2023
손성빈,3100.0,0.49,6364,롯데 자이언츠,14796,2023
국해성,3000.0,-0.02,-153748,롯데 자이언츠,10172,2023
김강현,3000.0,0.06,47010,롯데 자이언츠,12699,2023
김태욱,3000.0,0.04,72688,롯데 자이언츠,12923,2023
최이준,3000.0,0.02,173303,롯데 자이언츠,13169,2023
이정우,3000.0,-,-,롯데 자이언츠,14678,2023
우강훈,3000.0,-0.01,-240292,롯데 자이언츠,14816,2023
이주찬,3000.0,-,-,롯데 자이언츠,14819,2023
최종은,3000.0,-,-,롯데 자이언츠,14820,2023
박형준,3000.0,-0.02,-196596,롯데 자이언츠,14861,2023
정대혁,3000.0,-,-,롯데 자이언츠,14995,2023
김서진,3000.0,-,-,롯데 자이언츠,15053,2023
민성우,3000.0,-,-,롯데 자이언츠,15135,2023
김민석,3000.0,-0.21,-14168,롯데 자이언츠,15253,2023
이진하,3000.0,0.18,17085,롯데 자이언츠,15441,2023
김기준,3000.0,-,-,롯데 자이언츠,15442,2023
정대선,3000.0,-0.38,-7884,롯데 자이언츠,15443,2023
이태연,3000.0,-0.15,-19665,롯데 자이언츠,15444,2023
석상호,3000.0,0.26,11574,롯데 자이언츠,15445,2023
조경민,3000.0,-,-,롯데 자이언츠,15446,2023
정재환,3000.0,-,-,롯데 자이언츠,15447,2023
장세진,3000.0,-0.04,-81268,롯데 자이언츠,15448,2023
배인혁,3000.0,-,-,롯데 자이언츠,15449,2023
조준혁,3000.0,-,-,롯데 자이언츠,15623,2023
서동욱,3000.0,-0.12,-26058,롯데 자이언츠,15624,2023
배영빈,3000.0,0.26,11696,롯데 자이언츠,15625,2023
박건,3000.0,-,-,롯데 자이언츠,15626,2023
윤수녕,3000.0,-0.05,-59773,롯데 자이언츠,15627,2023
김동혁,3000.0,0.03,104051,롯데 자이언츠,15645,2023
현도훈,1500.0,-,-,롯데 자이언츠,13271,2023
최형우,90000.0,3.93,22875,KIA 타이거즈,10344,2023
나성범,80000.0,3.68,21736,KIA 타이거즈,11162,2023
앤더슨,91000.0,1.34,44722,KIA 타이거즈,15533,2023
양현종,50000.0,3.54,14142,KIA 타이거즈,10058,2023
소크라테스,50000.0,4.60,10872,KIA 타이거즈,14996,2023
김선빈,45000.0,2.69,16746,KIA 타이거즈,10008,2023
파노니,35000.0,1.73,20229,KIA 타이거즈,15147,2023
메디나,43680.0,-0.07,-444450,KIA 타이거즈,15534,2023
산체스,25000.0,0.12,217065,KIA 타이거즈,15648,2023
정해영,23000.0,1.06,21682,KIA 타이거즈,14608,2023
최원준,22000.0,0.82,26903,KIA 타이거즈,12534,2023
김태군,20000.0,0.59,34171,KIA 타이거즈,10459,2023
박찬호,20000.0,4.71,4249,KIA 타이거즈,11261,2023
장현식,19000.0,0.25,76665,KIA 타이거즈,11164,2023
김대유,16000.0,-0.03,-620023,KIA 타이거즈,10706,2023
임기영,15000.0,1.54,9740,KIA 타이거즈,10909,2023
이의리,15000.0,2.78,5399,KIA 타이거즈,14788,2023
이창진,14000.0,1.94,7198,KIA 타이거즈,11233,2023
이준영,14000.0,0.68,20735,KIA 타이거즈,11303,2023
전상현,13500.0,1.44,9370,KIA 타이거즈,12537,2023
황대인,13000.0,-0.22,-59558,KIA 타이거즈,11306,2023
박준표,10500.0,0.01,947158,KIA 타이거즈,11070,2023
한승택,8000.0,-0.45,-17741,KIA 타이거즈,11119,2023
윤중현,7900.0,0.24,32519,KIA 타이거즈,13122,2023
고종욱,7000.0,1.29,5412,KIA 타이거즈,10659,2023
김호령,7000.0,0.90,7787,KIA 타이거즈,11298,2023
김재열,6000.0,-0.37,-16236,KIA 타이거즈,14747,2023
이우성,5500.0,2.66,2068,KIA 타이거즈,11099,2023
고영창,5000.0,-,-,KIA 타이거즈,11068,2023
김기훈,5000.0,-0.34,-14867,KIA 타이거즈,14176,2023
김도영,5000.0,3.88,1289,KIA 타이거즈,15056,2023
주효상,4800.0,-0.40,-11877,KIA 타이거즈,12567,2023
김규성,4500.0,0.86,5214,KIA 타이거즈,12540,2023
김승현,4500.0,0.13,35693,KIA 타이거즈,12637,2023
최정용,4000.0,0.34,11858,KIA 타이거즈,11407,2023
김유신,3900.0,-0.26,-14911,KIA 타이거즈,13114,2023
유승철,3800.0,0.04,96829,KIA 타이거즈,12914,2023
김사윤,3600.0,-,-,KIA 타이거즈,11364,2023
신범수,3600.0,-0.32,-11308,KIA 타이거즈,12541,2023
박정우,3600.0,0.25,14423,KIA 타이거즈,12869,2023
남하준,3500.0,-,-,KIA 타이거즈,12535,2023
김석환,3500.0,-0.40,-8647,KIA 타이거즈,12917,2023
변우혁,3500.0,-0.28,-12698,KIA 타이거즈,14124,2023
홍종표,3300.0,0.12,28438,KIA 타이거즈,14612,2023
임석진,3100.0,-,-,KIA 타이거즈,12612,2023
한준수,3100.0,0.63,4930,KIA 타이거즈,13113,2023
최수빈,3000.0,-,-,KIA 타이거즈,12618,2023
강이준,3000.0,-,-,KIA 타이거즈,12866,2023
송후섭,3000.0,-,-,KIA 타이거즈,12867,2023
김건국,3000.0,0.05,62153,KIA 타이거즈,12944,2023
배현호,3000.0,-,-,KIA 타이거즈,13095,2023
오정환,3000.0,-,-,KIA 타이거즈,13117,2023
홍원빈,3000.0,-,-,KIA 타이거즈,14177,2023
이태규,3000.0,-,-,KIA 타이거즈,14179,2023
오선우,3000.0,-0.22,-13510,KIA 타이거즈,14181,2023
김민수,3000.0,-,-,KIA 타이거즈,14183,2023
나용기,3000.0,-,-,KIA 타이거즈,14186,2023
유지성,3000.0,-,-,KIA 타이거즈,14607,2023
김양수,3000.0,-,-,KIA 타이거즈,14645,2023
김선우,3000.0,0.04,73273,KIA 타이거즈,14822,2023
장시현,3000.0,-,-,KIA 타이거즈,14824,2023
김용완,3000.0,-,-,KIA 타이거즈,15054,2023
최지민,3000.0,0.37,8055,KIA 타이거즈,15057,2023
윤도현,3000.0,-0.07,-44356,KIA 타이거즈,15058,2023
김찬민,3000.0,-,-,KIA 타이거즈,15060,2023
이성주,3000.0,-,-,KIA 타이거즈,15061,2023
황동하,3000.0,-0.14,-20853,KIA 타이거즈,15063,2023
윤영철,3000.0,2.27,1322,KIA 타이거즈,15432,2023
정해원,3000.0,-,-,KIA 타이거즈,15433,2023
곽도규,3000.0,-0.15,-19656,KIA 타이거즈,15435,2023
이송찬,3000.0,-,-,KIA 타이거즈,15436,2023
이도현,3000.0,-,-,KIA 타이거즈,15437,2023
박일훈,3000.0,-,-,KIA 타이거즈,15438,2023
김도월,3000.0,-,-,KIA 타이거즈,15439,2023
김재현,3000.0,-,-,KIA 타이거즈,15440,2023
김주섭,3000.0,-,-,KIA 타이거즈,15620,2023
박승훈,3000.0,-,-,KIA 타이거즈,15641,2023
손호원,3000.0,-,-,KIA 타이거즈,15642,2023
이중석,3000.0,-,-,KIA 타이거즈,15737,2023
황재균,100000.0,3.24,30823,KT 위즈,10407,2023
벤자민,100000.0,2.90,34443,KT 위즈,15143,2023
알포드,100000.0,4.82,20750,KT 위즈,15144,2023
박병호,70000.0,4.15,16852,KT 위즈,10470,2023
슐서,92300.0,0.33,197251,KT 위즈,15542,2023
장성우,50000.0,3.43,14562,KT 위즈,10235,2023
김상수,50000.0,2.53,19726,KT 위즈,10320,2023
쿠에바스,45000.0,4.57,9846,KT 위즈,13942,2023
고영표,43000.0,5.91,7279,KT 위즈,11308,2023
김재윤,36000.0,2.05,17519,KT 위즈,11489,2023
배정대,34000.0,1.82,18650,KT 위즈,11212,2023
조용호,32000.0,0.03,962730,KT 위즈,12943,2023
소형준,32000.0,-0.19,-166189,KT 위즈,14600,2023
주권,29500.0,0.15,197607,KT 위즈,11323,2023
강백호,29000.0,0.98,29489,KT 위즈,13168,2023
김민수,25000.0,-0.18,-138189,KT 위즈,11317,2023
박경수,20000.0,0.38,52744,KT 위즈,10469,2023
엄상백,20000.0,2.91,6878,KT 위즈,11318,2023
배제성,20000.0,1.95,10266,KT 위즈,11394,2023
김민혁,15000.0,3.85,3901,KT 위즈,11339,2023
신본기,13000.0,0.15,86604,KT 위즈,10840,2023
오윤석,12000.0,0.76,15748,KT 위즈,11397,2023
김준태,10000.0,0.72,13842,KT 위즈,10835,2023
박시영,9800.0,-,-,KT 위즈,10737,2023
조현우,7600.0,0.01,993178,KT 위즈,11316,2023
이상호,7000.0,-0.17,-42056,KT 위즈,11147,2023
조이현,6500.0,-0.29,-22442,KT 위즈,11284,2023
송민섭,6500.0,0.42,15366,KT 위즈,11342,2023
박영현,6100.0,1.98,3078,KT 위즈,15089,2023
이채호,6000.0,-0.14,-42155,KT 위즈,13130,2023
김민,6000.0,-0.29,-21040,KT 위즈,13167,2023
이호연,5700.0,1.14,5014,KT 위즈,13151,2023
문상철,5600.0,0.11,50805,KT 위즈,11333,2023
장준원,5000.0,0.16,31895,KT 위즈,11214,2023
손동현,5000.0,1.30,3857,KT 위즈,14108,2023
홍현빈,4800.0,0.18,26737,KT 위즈,12941,2023
김병희,4700.0,-0.07,-63686,KT 위즈,11330,2023
하준호,4500.0,0.00,-2184339,KT 위즈,10304,2023
김태오,3500.0,-0.18,-19991,KT 위즈,12577,2023
이정현,3500.0,-,-,KT 위즈,12937,2023
이시원,3300.0,-0.27,-12187,KT 위즈,12526,2023
박선우,3300.0,-,-,KT 위즈,12569,2023
박세진,3300.0,-0.01,-378608,KT 위즈,12572,2023
조병욱,3300.0,-,-,KT 위즈,12939,2023
문상인,3300.0,0.02,158511,KT 위즈,13227,2023
강민성,3300.0,0.26,12908,KT 위즈,14191,2023
양승혁,3200.0,-,-,KT 위즈,13233,2023
이상동,3200.0,0.55,5868,KT 위즈,14109,2023
김성훈,3200.0,-,-,KT 위즈,14189,2023
이종혁,3100.0,-,-,KT 위즈,12938,2023
고명성,3100.0,-,-,KT 위즈,13171,2023
신병률,3100.0,-,-,KT 위즈,13173,2023
조대현,3100.0,-,-,KT 위즈,13177,2023
문상준,3100.0,-0.22,-14114,KT 위즈,14720,2023
이상우,3100.0,-,-,KT 위즈,15090,2023
안치영,3000.0,0.32,9296,KT 위즈,13006,2023
박시윤,3000.0,-,-,KT 위즈,13170,2023
윤강찬,3000.0,-,-,KT 위즈,13172,2023
백선기,3000.0,-,-,KT 위즈,13174,2023
박준혁,3000.0,-,-,KT 위즈,13232,2023
전용주,3000.0,0.28,10713,KT 위즈,14106,2023
이정훈,3000.0,-,-,KT 위즈,14107,2023
박민석,3000.0,-0.08,-37214,KT 위즈,14110,2023
이선우,3000.0,0.00,-1900623,KT 위즈,14111,2023
지강혁,3000.0,-,-,KT 위즈,14192,2023
강현우,3000.0,-0.07,-46111,KT 위즈,14603,2023
한지용,3000.0,-,-,KT 위즈,14604,2023
서경찬,3000.0,-,-,KT 위즈,14717,2023
김영현,3000.0,0.04,71998,KT 위즈,14869,2023
최성민,3000.0,-,-,KT 위즈,14870,2023
우종휘,3000.0,-,-,KT 위즈,15093,2023
최동희,3000.0,-,-,KT 위즈,15094,2023
정정우,3000.0,-,-,KT 위즈,15095,2023
권성준,3000.0,-,-,KT 위즈,15096,2023
김병준,3000.0,0.00,-10681440,KT 위즈,15097,2023
김정운,3000.0,-0.01,-312870,KT 위즈,15518,2023
정준영,3000.0,0.38,7818,KT 위즈,15519,2023
손민석,3000.0,-0.04,-77748,KT 위즈,15520,2023
김건웅,3000.0,-,-,KT 위즈,15521,2023
이준희,3000.0,-,-,KT 위즈,15522,2023
류현인,3000.0,-0.43,-6902,KT 위즈,15523,2023
황의준,3000.0,-,-,KT 위즈,15524,2023
정진호,3000.0,-,-,KT 위즈,15525,2023
이준명,3000.0,-,-,KT 위즈,15526,2023
강건,3000.0,0.16,19023,KT 위즈,15527,2023
백현수,3000.0,-,-,KT 위즈,15616,2023
이동관,3000.0,-,-,KT 위즈,15617,2023
정우성,3000.0,-,-,KT 위즈,15618,2023
최정태,3000.0,-,-,KT 위즈,15619,2023
한민우,3000.0,-,-,KT 위즈,16144,2023
구자욱,200000.0,5.44,36791,삼성 라이온즈,10892,2023
오승환,140000.0,0.77,182641,삼성 라이온즈,10367,2023
피렐라,120000.0,0.70,171965,삼성 라이온즈,14757,2023
뷰캐넌,110000.0,6.31,17428,삼성 라이온즈,14617,2023
수아레즈,90000.0,2.52,35762,삼성 라이온즈,15001,2023
강민호,60000.0,2.61,22999,삼성 라이온즈,10232,2023
와이드너,59800.0,1.71,34903,삼성 라이온즈,15536,2023
오재일,50000.0,0.99,50317,삼성 라이온즈,10400,2023
백정현,40000.0,3.09,12953,삼성 라이온즈,10363,2023
원태인,35000.0,4.48,7820,삼성 라이온즈,14113,2023
우규민,25000.0,0.15,164780,삼성 라이온즈,10523,2023
김태훈,18000.0,-0.62,-28892,삼성 라이온즈,10871,2023
김지찬,16000.0,2.46,6513,삼성 라이온즈,14618,2023
류지혁,15500.0,0.38,41156,삼성 라이온즈,10894,2023
강한울,15000.0,-0.16,-95223,삼성 라이온즈,11255,2023
최채흥,15000.0,0.21,73083,삼성 라이온즈,13156,2023
최지광,14000.0,-0.12,-116044,삼성 라이온즈,12934,2023
이승현,12000.0,0.55,21832,삼성 라이온즈,10527,2023
김헌곤,12000.0,-0.18,-65249,삼성 라이온즈,10640,2023
김동엽,9000.0,0.03,259899,삼성 라이온즈,12548,2023
장필준,8000.0,-0.26,-30359,삼성 라이온즈,11404,2023
이승현,8000.0,0.05,166778,삼성 라이온즈,14798,2023
김현준,8000.0,1.24,6431,삼성 라이온즈,14867,2023
이상민,7500.0,-0.20,-37130,삼성 라이온즈,11169,2023
김재성,7500.0,0.27,27365,삼성 라이온즈,11344,2023
김대우,7000.0,0.29,23829,삼성 라이온즈,10685,2023
문용익,6300.0,0.23,26998,삼성 라이온즈,12885,2023
홍정우,6300.0,-0.33,-19132,삼성 라이온즈,13242,2023
이재현,6000.0,2.98,2010,삼성 라이온즈,15034,2023
이재익,5700.0,0.29,19540,삼성 라이온즈,13244,2023
김호재,5600.0,-0.20,-27958,삼성 라이온즈,13240,2023
최충연,5500.0,-0.09,-59554,삼성 라이온즈,12530,2023
허윤동,5400.0,-0.15,-35223,삼성 라이온즈,14613,2023
김민수,5200.0,-0.03,-187570,삼성 라이온즈,11266,2023
김도환,5000.0,-0.13,-38208,삼성 라이온즈,14115,2023
노건우,4800.0,-0.18,-27227,삼성 라이온즈,11144,2023
양창섭,4800.0,-0.42,-11318,삼성 라이온즈,13157,2023
송준석,4500.0,-0.07,-63970,삼성 라이온즈,11200,2023
이성규,4500.0,-0.03,-130769,삼성 라이온즈,12562,2023
김태훈,4300.0,-0.43,-9997,삼성 라이온즈,11336,2023
김성윤,4300.0,2.23,1926,삼성 라이온즈,12936,2023
이해승,4200.0,0.01,307977,삼성 라이온즈,14121,2023
황동재,4100.0,-0.07,-58072,삼성 라이온즈,14615,2023
공민규,4000.0,-0.42,-9540,삼성 라이온즈,13164,2023
안주형,3800.0,-0.36,-10514,삼성 라이온즈,12988,2023
박주혁,3800.0,-,-,삼성 라이온즈,14668,2023
김시현,3700.0,-0.06,-63090,삼성 라이온즈,12932,2023
박세웅,3600.0,-0.03,-106149,삼성 라이온즈,12651,2023
최하늘,3600.0,-0.32,-11188,삼성 라이온즈,13152,2023
이재희,3600.0,0.12,30311,삼성 라이온즈,14799,2023
이태훈,3500.0,-0.09,-37911,삼성 라이온즈,13160,2023
이병헌,3400.0,-0.31,-11082,삼성 라이온즈,14117,2023
양우현,3300.0,-,-,삼성 라이온즈,14116,2023
김동진,3300.0,1.04,3185,삼성 라이온즈,14863,2023
김서준,3300.0,-0.07,-46533,삼성 라이온즈,15039,2023
조민성,3300.0,-0.30,-10888,삼성 라이온즈,15040,2023
김태우,3200.0,-,-,삼성 라이온즈,13158,2023
윤정빈,3200.0,-0.12,-26551,삼성 라이온즈,13161,2023
한연욱,3200.0,-,-,삼성 라이온즈,14664,2023
홍무원,3200.0,-,-,삼성 라이온즈,14800,2023
김영웅,3200.0,0.21,15598,삼성 라이온즈,15035,2023
김상민,3200.0,-0.39,-8223,삼성 라이온즈,15042,2023
김용하,3100.0,-,-,삼성 라이온즈,13159,2023
박용민,3100.0,-,-,삼성 라이온즈,13163,2023
김준우,3100.0,-,-,삼성 라이온즈,14119,2023
홍원표,3100.0,0.12,26380,삼성 라이온즈,14614,2023
정진수,3100.0,-,-,삼성 라이온즈,14698,2023
신정환,3100.0,-,-,삼성 라이온즈,15038,2023
윤정훈,3100.0,-,-,삼성 라이온즈,15044,2023
서주원,3000.0,-,-,삼성 라이온즈,13165,2023
맹성주,3000.0,-,-,삼성 라이온즈,13166,2023
오현석,3000.0,-,-,삼성 라이온즈,14801,2023
홍승원,3000.0,-,-,삼성 라이온즈,14864,2023
장재혁,3000.0,-,-,삼성 라이온즈,15043,2023
이호성,3000.0,0.62,4873,삼성 라이온즈,15496,2023
박권후,3000.0,0.00,12211801,삼성 라이온즈,15497,2023
서현원,3000.0,-,-,삼성 라이온즈,15498,2023
김재상,3000.0,-0.02,-120535,삼성 라이온즈,15499,2023
신윤호,3000.0,-,-,삼성 라이온즈,15500,2023
강준서,3000.0,-0.07,-41715,삼성 라이온즈,15501,2023
김시온,3000.0,-,-,삼성 라이온즈,15502,2023
류승민,3000.0,-0.41,-7346,삼성 라이온즈,15503,2023
김민호,3000.0,-,-,삼성 라이온즈,15504,2023
박시원,3000.0,-,-,삼성 라이온즈,15505,2023
박장민,3000.0,-,-,삼성 라이온즈,15506,2023
박진우,3000.0,-,-,삼성 라이온즈,15507,2023
추신수,170000.0,1.46,116584,SSG 랜더스,14888,2023
최정,100000.0,4.85,20613,SSG 랜더스,10106,2023
김광현,100000.0,4.48,22341,SSG 랜더스,10126,2023
에레디아,117000.0,4.11,21918,SSG 랜더스,15530,2023
로메로,104000.0,-,-,SSG 랜더스,15529,2023
문승원,70000.0,0.78,89613,SSG 랜더스,10783,2023
최주환,65000.0,1.04,62554,SSG 랜더스,10182,2023
맥카티,78000.0,3.38,17736,SSG 랜더스,15528,2023
엘리아스,54000.0,3.54,15247,SSG 랜더스,15644,2023
박종훈,50000.0,0.39,129359,SSG 랜더스,10131,2023
한유섬,50000.0,0.35,142766,SSG 랜더스,10815,2023
최지훈,30000.0,1.55,19355,SSG 랜더스,14587,2023
박성한,27000.0,4.36,6188,SSG 랜더스,12922,2023
서진용,26500.0,2.84,9330,SSG 랜더스,10784,2023
노경은,17000.0,1.64,10340,SSG 랜더스,10203,2023
김강민,16000.0,0.41,39043,SSG 랜더스,10108,2023
김성현,15000.0,1.55,9673,SSG 랜더스,10636,2023
김민식,15000.0,1.70,8833,SSG 랜더스,10707,2023
오원석,14000.0,1.64,8512,SSG 랜더스,14581,2023
최민준,13000.0,0.28,46713,SSG 랜더스,13126,2023
이재원,10000.0,-0.81,-12395,SSG 랜더스,10082,2023
오태곤,10000.0,0.56,17794,SSG 랜더스,10249,2023
박민호,9500.0,0.24,39923,SSG 랜더스,11236,2023
전의산,9000.0,-0.22,-41025,SSG 랜더스,14699,2023
고효준,8500.0,0.78,10840,SSG 랜더스,10124,2023
강진성,8000.0,0.20,39361,SSG 랜더스,11148,2023
김태훈,7800.0,-,-,SSG 랜더스,10133,2023
이흥련,7000.0,-0.35,-20262,SSG 랜더스,11108,2023
서동민,6000.0,0.05,120132,SSG 랜더스,13191,2023
정성곤,5500.0,-0.11,-49758,SSG 랜더스,11321,2023
하재훈,5500.0,2.79,1972,SSG 랜더스,14147,2023
김찬형,5000.0,0.00,-3061025,SSG 랜더스,12622,2023
최경모,5000.0,-0.45,-11017,SSG 랜더스,14151,2023
최준우,4500.0,0.64,6992,SSG 랜더스,13128,2023
임준섭,4000.0,-0.12,-33228,SSG 랜더스,10795,2023
안상현,4000.0,-0.04,-111946,SSG 랜더스,12613,2023
이현석,3500.0,-,-,SSG 랜더스,11369,2023
전경원,3200.0,-,-,SSG 랜더스,13129,2023
조형우,3200.0,0.04,83006,SSG 랜더스,14806,2023
전영준,3200.0,-,-,SSG 랜더스,15032,2023
최항,3100.0,-0.19,-16028,SSG 랜더스,10810,2023
이건욱,3100.0,0.60,5130,SSG 랜더스,11242,2023
한두솔,3100.0,0.00,-790540,SSG 랜더스,13228,2023
김주한,3000.0,-0.02,-196947,SSG 랜더스,12531,2023
정동윤,3000.0,-,-,SSG 랜더스,12571,2023
이원준,3000.0,-,-,SSG 랜더스,12920,2023
김주온,3000.0,-0.01,-244111,SSG 랜더스,13057,2023
조성훈,3000.0,0.02,153301,SSG 랜더스,13125,2023
유호식,3000.0,-,-,SSG 랜더스,13127,2023
이정범,3000.0,-0.34,-8785,SSG 랜더스,13194,2023
최상민,3000.0,0.34,8914,SSG 랜더스,13195,2023
백승건,3000.0,0.30,10004,SSG 랜더스,14145,2023
최수호,3000.0,-,-,SSG 랜더스,14148,2023
허민혁,3000.0,-,-,SSG 랜더스,14149,2023
서상준,3000.0,-0.03,-92477,SSG 랜더스,14152,2023
채현우,3000.0,0.00,-7767332,SSG 랜더스,14153,2023
전진우,3000.0,-,-,SSG 랜더스,14154,2023
김규남,3000.0,-,-,SSG 랜더스,14200,2023
류효승,3000.0,-0.09,-32810,SSG 랜더스,14586,2023
양선률,3000.0,-,-,SSG 랜더스,14682,2023
박시후,3000.0,-,-,SSG 랜더스,14687,2023
이거연,3000.0,-,-,SSG 랜더스,14692,2023
고명준,3000.0,-0.02,-157745,SSG 랜더스,14807,2023
윤태현,3000.0,-,-,SSG 랜더스,15023,2023
신헌민,3000.0,-0.05,-55918,SSG 랜더스,15024,2023
김도현,3000.0,-,-,SSG 랜더스,15025,2023
박상후,3000.0,-,-,SSG 랜더스,15026,2023
이기순,3000.0,-0.01,-283645,SSG 랜더스,15028,2023
강매성,3000.0,-,-,SSG 랜더스,15029,2023
최유빈,3000.0,-,-,SSG 랜더스,15033,2023
이로운,3000.0,-0.15,-20115,SSG 랜더스,15461,2023
송영진,3000.0,0.08,39439,SSG 랜더스,15462,2023
김정민,3000.0,0.00,-611799,SSG 랜더스,15463,2023
안현서,3000.0,-,-,SSG 랜더스,15464,2023
김건웅,3000.0,-0.09,-32298,SSG 랜더스,15465,2023
박세직,3000.0,-,-,SSG 랜더스,15466,2023
김민준,3000.0,-,-,SSG 랜더스,15467,2023
류현곤,3000.0,-,-,SSG 랜더스,15468,2023
이승훈,3000.0,-,-,SSG 랜더스,15469,2023
김건이,3000.0,-,-,SSG 랜더스,15470,2023
김준영,3000.0,-,-,SSG 랜더스,15471,2023
조강희,3000.0,-,-,SSG 랜더스,15615,2023
박민우,110000.0,5.25,20953,NC 다이노스,11137,2023
박건우,90000.0,3.92,22940,NC 다이노스,10189,2023
페디,130000.0,7.95,10059,NC 다이노스,15535,2023
마틴,117000.0,3.28,21973,NC 다이노스,15537,2023
박세혁,70000.0,0.88,79265,NC 다이노스,10891,2023
구창모,60000.0,1.70,35313,NC 다이노스,11353,2023
손아섭,50000.0,4.62,10826,NC 다이노스,10261,2023
이용찬,40000.0,0.72,55281,NC 다이노스,10217,2023
이재학,20000.0,1.16,17179,NC 다이노스,10220,2023
심창민,15000.0,0.06,260282,NC 다이노스,10720,2023
태너,15000.0,1.94,7723,NC 다이노스,15653,2023
김영규,14000.0,1.06,13157,NC 다이노스,13088,2023
신민혁,13500.0,1.91,7073,NC 다이노스,13085,2023
송명기,13000.0,0.86,15174,NC 다이노스,14155,2023
김성욱,10000.0,0.34,29013,NC 다이노스,11153,2023
임정호,9000.0,0.18,49071,NC 다이노스,11168,2023
권희동,9000.0,2.18,4137,NC 다이노스,11172,2023
배재환,9000.0,-,-,NC 다이노스,11248,2023
김시훈,9000.0,-0.10,-94156,NC 다이노스,13080,2023
김주원,9000.0,2.22,4049,NC 다이노스,14765,2023
류진욱,7500.0,2.36,3182,NC 다이노스,11355,2023
하준영,7500.0,0.16,47675,NC 다이노스,13115,2023
최성영,7200.0,0.94,7686,NC 다이노스,12565,2023
최정원,6600.0,0.47,14015,NC 다이노스,14221,2023
안중열,6000.0,-0.83,-7267,NC 다이노스,11329,2023
김진호,6000.0,0.38,15704,NC 다이노스,12897,2023
오영수,6000.0,-0.04,-169936,NC 다이노스,13082,2023
배민서,5100.0,-0.13,-38762,NC 다이노스,14158,2023
박석민,5000.0,-0.83,-6023,NC 다이노스,10322,2023
이민호,5000.0,-,-,NC 다이노스,11151,2023
도태훈,5000.0,2.38,2101,NC 다이노스,12560,2023
김형준,5000.0,0.90,5557,NC 다이노스,13081,2023
정진기,4700.0,-,-,NC 다이노스,10717,2023
서호철,4500.0,2.85,1581,NC 다이노스,14220,2023
윤형준,4000.0,0.40,10119,NC 다이노스,11135,2023
박대온,4000.0,0.14,28094,NC 다이노스,11246,2023
권정웅,4000.0,-,-,NC 다이노스,12529,2023
한석현,3900.0,-0.18,-22228,NC 다이노스,13250,2023
채지선,3800.0,-0.02,-201036,NC 다이노스,11387,2023
이용준,3500.0,0.36,9674,NC 다이노스,14763,2023
조민석,3500.0,0.13,26129,NC 다이노스,15119,2023
이우석,3300.0,0.03,124338,NC 다이노스,11360,2023
전루건,3300.0,-,-,NC 다이노스,14171,2023
오장한,3300.0,-0.01,-331987,NC 다이노스,14767,2023
한재승,3200.0,-0.04,-87452,NC 다이노스,14764,2023
김수윤,3100.0,-0.18,-16950,NC 다이노스,12903,2023
천재환,3100.0,0.31,10129,NC 다이노스,13261,2023
전사민,3100.0,0.01,286973,NC 다이노스,14156,2023
하준수,3100.0,0.04,78983,NC 다이노스,14654,2023
김한별,3100.0,-0.51,-6029,NC 다이노스,14716,2023
오태양,3100.0,-0.40,-7819,NC 다이노스,14766,2023
서의태,3000.0,-,-,NC 다이노스,12574,2023
최우재,3000.0,-,-,NC 다이노스,12621,2023
김태현,3000.0,0.03,100147,NC 다이노스,12898,2023
김철호,3000.0,-,-,NC 다이노스,13083,2023
김재균,3000.0,-,-,NC 다이노스,13084,2023
최보성,3000.0,-0.15,-19455,NC 다이노스,13087,2023
이인혁,3000.0,-,-,NC 다이노스,13090,2023
박주현,3000.0,-,-,NC 다이노스,13175,2023
최시혁,3000.0,-,-,NC 다이노스,14157,2023
박주찬,3000.0,-0.24,-12715,NC 다이노스,14219,2023
김범준,3000.0,-,-,NC 다이노스,14222,2023
임형원,3000.0,-,-,NC 다이노스,14594,2023
정구범,3000.0,-0.10,-30318,NC 다이노스,14595,2023
노시훈,3000.0,-,-,NC 다이노스,14649,2023
한건희,3000.0,-,-,NC 다이노스,14656,2023
한재환,3000.0,-,-,NC 다이노스,14659,2023
박영빈,3000.0,0.13,23239,NC 다이노스,14661,2023
김준상,3000.0,-,-,NC 다이노스,14827,2023
조현진,3000.0,-0.12,-25248,NC 다이노스,14877,2023
박성재,3000.0,-,-,NC 다이노스,15110,2023
이준혁,3000.0,-,-,NC 다이노스,15111,2023
김녹원,3000.0,-,-,NC 다이노스,15113,2023
이한,3000.0,-,-,NC 다이노스,15114,2023
임지민,3000.0,-0.02,-138769,NC 다이노스,15115,2023
이주형,3000.0,-,-,NC 다이노스,15116,2023
이현우,3000.0,-,-,NC 다이노스,15117,2023
서준교,3000.0,-,-,NC 다이노스,15120,2023
신영우,3000.0,-,-,NC 다이노스,15450,2023
박한결,3000.0,0.29,10341,NC 다이노스,15451,2023
신용석,3000.0,-,-,NC 다이노스,15452,2023
목지훈,3000.0,-,-,NC 다이노스,15453,2023
강건준,3000.0,-,-,NC 다이노스,15454,2023
이준호,3000.0,-0.18,-16725,NC 다이노스,15455,2023
신성호,3000.0,-,-,NC 다이노스,15456,2023
서동욱,3000.0,-,-,NC 다이노스,15458,2023
배상호,3000.0,-,-,NC 다이노스,15459,2023
김주환,3000.0,-,-,NC 다이노스,15460,2023
박찬희,3000.0,-,-,NC 다이노스,15621,2023
김택우,3000.0,-,-,NC 다이노스,15622,2023
박시원,0.0,-,-,NC 다이노스,14597,2023
김재환,150000.0,0.48,309878,두산 베어스,10643,2023
허경민,120000.0,2.35,50978,두산 베어스,10184,2023
로하스,117000.0,2.41,35224,두산 베어스,15539,2023
정수빈,60000.0,4.87,12325,두산 베어스,10195,2023
김재호,50000.0,3.30,15174,두산 베어스,10174,2023
알칸타라,50000.0,5.79,8635,두산 베어스,13941,2023
딜런,45000.0,-0.08,-541797,두산 베어스,15538,2023
양석환,40000.0,3.33,12016,두산 베어스,11213,2023
최원준,33000.0,1.23,26893,두산 베어스,12852,2023
양의지,30000.0,6.10,4914,두산 베어스,10165,2023
홍건희,30000.0,0.84,35541,두산 베어스,10696,2023
브랜든,23000.0,3.61,6369,두산 베어스,15153,2023
김강률,20000.0,0.40,50245,두산 베어스,10690,2023
강승호,20000.0,1.98,10125,두산 베어스,11087,2023
김명신,14500.0,0.95,15275,두산 베어스,12847,2023
곽빈,14000.0,4.36,3210,두산 베어스,13061,2023
이영하,12000.0,-0.31,-38465,두산 베어스,12568,2023
박치국,10500.0,0.50,20931,두산 베어스,12850,2023
김인태,10000.0,0.38,26394,두산 베어스,11098,2023
정철원,10000.0,-0.05,-214404,두산 베어스,13071,2023
박계범,9700.0,-0.06,-154543,두산 베어스,11198,2023
이승진,8800.0,-0.02,-420564,두산 베어스,12678,2023
조수행,7800.0,0.49,16074,두산 베어스,12524,2023
이형범,7000.0,-0.62,-11363,두산 베어스,11159,2023
김지용,6000.0,-,-,두산 베어스,10747,2023
장승현,6000.0,-0.93,-6450,두산 베어스,11097,2023
박준영,6000.0,1.88,3184,두산 베어스,12522,2023
이유찬,6000.0,1.43,4192,두산 베어스,12894,2023
최승용,6000.0,1.94,3098,두산 베어스,14770,2023
김민규,5500.0,0.04,146643,두산 베어스,13072,2023
안재석,5300.0,0.25,21170,두산 베어스,14771,2023
장원준,5000.0,0.10,49587,두산 베어스,10299,2023
박정수,4500.0,0.05,99144,두산 베어스,11300,2023
안승한,4500.0,-0.41,-11105,두산 베어스,11328,2023
김민혁,4500.0,-0.14,-31463,두산 베어스,12970,2023
김대한,4500.0,-0.94,-4770,두산 베어스,14170,2023
양찬열,4300.0,0.25,17228,두산 베어스,14738,2023
박소준,4000.0,-,-,두산 베어스,11491,2023
신성현,4000.0,-0.10,-42068,두산 베어스,11492,2023
박신지,3600.0,-0.04,-85608,두산 베어스,13070,2023
전민재,3600.0,-0.32,-11285,두산 베어스,13073,2023
박지훈,3600.0,-0.17,-21280,두산 베어스,14736,2023
송승환,3500.0,0.22,16156,두산 베어스,14172,2023
서예일,3400.0,-0.09,-36930,두산 베어스,12523,2023
고봉재,3300.0,-0.11,-29690,두산 베어스,12605,2023
박유연,3300.0,-0.06,-56936,두산 베어스,12892,2023
홍성호,3100.0,-0.26,-11880,두산 베어스,12606,2023
권민석,3100.0,-0.08,-40842,두산 베어스,13079,2023
이주엽,3100.0,-,-,두산 베어스,14572,2023
김동주,3100.0,1.81,1713,두산 베어스,14769,2023
박성재,3100.0,-,-,두산 베어스,14838,2023
이병헌,3100.0,-0.08,-36906,두산 베어스,15099,2023
신창희,3000.0,-,-,두산 베어스,12608,2023
문원,3000.0,-,-,두산 베어스,12848,2023
배창현,3000.0,-,-,두산 베어스,13074,2023
조선명,3000.0,-,-,두산 베어스,13106,2023
김정우,3000.0,-0.10,-30321,두산 베어스,13124,2023
김호준,3000.0,-0.05,-61108,두산 베어스,13268,2023
이민혁,3000.0,-,-,두산 베어스,14174,2023
김태근,3000.0,-0.74,-4042,두산 베어스,14175,2023
장규빈,3000.0,-,-,두산 베어스,14570,2023
제환유,3000.0,-0.05,-61039,두산 베어스,14573,2023
전형근,3000.0,-,-,두산 베어스,14652,2023
최종인,3000.0,-,-,두산 베어스,14733,2023
이상연,3000.0,-,-,두산 베어스,14836,2023
장빈,3000.0,-,-,두산 베어스,14837,2023
이원재,3000.0,-0.06,-50863,두산 베어스,15101,2023
신민철,3000.0,-,-,두산 베어스,15102,2023
전희범,3000.0,-,-,두산 베어스,15103,2023
정유석,3000.0,-,-,두산 베어스,15105,2023
김시완,3000.0,-,-,두산 베어스,15108,2023
최지강,3000.0,0.01,333572,두산 베어스,15127,2023
최준호,3000.0,-,-,두산 베어스,15508,2023
김유성,3000.0,-0.15,-19572,두산 베어스,15509,2023
임서준,3000.0,-,-,두산 베어스,15511,2023
윤준호,3000.0,-,-,두산 베어스,15512,2023
한충희,3000.0,-,-,두산 베어스,15513,2023
백승우,3000.0,0.16,18521,두산 베어스,15514,2023
박민준,3000.0,-,-,두산 베어스,15515,2023
김문수,3000.0,-,-,두산 베어스,15516,2023
남율,3000.0,-,-,두산 베어스,15517,2023
이정원,3000.0,-,-,두산 베어스,15611,2023
이기석,3000.0,-,-,두산 베어스,15613,2023
요키시,120000.0,0.94,128200,키움 히어로즈,13940,2023
이정후,110000.0,5.18,21222,키움 히어로즈,12906,2023
후라도,110500.0,7.12,11938,키움 히어로즈,15531,2023
러셀,55000.0,1.08,50965,키움 히어로즈,14742,2023
이지영,50000.0,0.86,58404,키움 히어로즈,10312,2023
원종현,50000.0,-0.17,-301827,키움 히어로즈,11161,2023
김혜성,42000.0,6.98,6021,키움 히어로즈,12905,2023
안우진,35000.0,6.86,5100,키움 히어로즈,13091,2023
이용규,30000.0,-0.43,-70236,키움 히어로즈,10035,2023
김재웅,22000.0,1.25,17538,키움 히어로즈,12858,2023
이원석,20000.0,-0.99,-20171,키움 히어로즈,10180,2023
홍성민,15000.0,-0.01,-1243915,키움 히어로즈,10814,2023
이승호,12800.0,0.09,140999,키움 히어로즈,12865,2023
김태진,12000.0,0.04,267985,키움 히어로즈,11244,2023
송성문,12000.0,1.95,6149,키움 히어로즈,11376,2023
이형종,12000.0,-0.21,-57844,키움 히어로즈,12516,2023
임창민,10000.0,1.26,7923,키움 히어로즈,10452,2023
정찬헌,10000.0,1.27,7905,키움 히어로즈,10533,2023
맥키니,10000.0,0.11,92461,키움 히어로즈,15646,2023
김준완,9000.0,-0.05,-166729,키움 히어로즈,11182,2023
양현,8500.0,-0.56,-15256,키움 히어로즈,10730,2023
도슨,8500.0,1.75,4851,키움 히어로즈,15652,2023
전병우,8000.0,-0.05,-164681,키움 히어로즈,11422,2023
김휘집,7400.0,1.12,6613,키움 히어로즈,14785,2023
김선기,7300.0,-0.48,-15171,키움 히어로즈,13092,2023
문성현,7000.0,-0.02,-301722,키움 히어로즈,10437,2023
이영준,7000.0,-0.10,-73546,키움 히어로즈,12997,2023
김재현,6500.0,-0.55,-11720,키움 히어로즈,10870,2023
하영민,6500.0,-0.44,-14749,키움 히어로즈,11222,2023
김동혁,6500.0,-0.46,-14189,키움 히어로즈,14674,2023
김웅빈,6000.0,-0.64,-9324,키움 히어로즈,12503,2023
임병욱,5800.0,0.44,13102,키움 히어로즈,11226,2023
김주형,5500.0,-0.73,-7513,키움 히어로즈,14214,2023
임지열,5000.0,0.45,11108,키움 히어로즈,11225,2023
박준태,5000.0,-0.20,-25419,키움 히어로즈,11260,2023
신준우,4800.0,-0.40,-11894,키움 히어로즈,14695,2023
박승주,4500.0,-0.04,-125171,키움 히어로즈,12989,2023
김수환,4500.0,-0.13,-33655,키움 히어로즈,13096,2023
윤정현,4500.0,0.13,33367,키움 히어로즈,14131,2023
김성진,4500.0,0.84,5378,키움 히어로즈,14849,2023
이명종,4500.0,0.14,33130,키움 히어로즈,15073,2023
김준형,4200.0,0.00,1510520,키움 히어로즈,14848,2023
박찬혁,4200.0,-0.45,-9357,키움 히어로즈,15068,2023
변시원,4000.0,-0.14,-28982,키움 히어로즈,10882,2023
박주홍,4000.0,-0.71,-5624,키움 히어로즈,14580,2023
예진원,3900.0,-0.42,-9317,키움 히어로즈,13093,2023
박주성,3700.0,-,-,키움 히어로즈,14130,2023
이주형,3700.0,-,-,키움 히어로즈,14855,2023
김정인,3500.0,-,-,키움 히어로즈,11531,2023
이병규,3500.0,-0.04,-83411,키움 히어로즈,12859,2023
조영건,3400.0,0.42,8020,키움 히어로즈,14132,2023
이주형,3300.0,2.55,1292,키움 히어로즈,14591,2023
김병휘,3200.0,-0.26,-12401,키움 히어로즈,14577,2023
이강준,3200.0,-,-,키움 히어로즈,14601,2023
장재영,3200.0,0.85,3743,키움 히어로즈,14784,2023
주성원,3100.0,-0.47,-6657,키움 히어로즈,14133,2023
이종민,3100.0,-0.27,-11457,키움 히어로즈,14576,2023
김시앙,3100.0,-0.37,-8330,키움 히어로즈,14851,2023
노운현,3100.0,-,-,키움 히어로즈,15027,2023
주승우,3100.0,-0.18,-16757,키움 히어로즈,15067,2023
송정인,3100.0,-,-,키움 히어로즈,15069,2023
박주현,3000.0,-,-,키움 히어로즈,11375,2023
양지율,3000.0,-0.02,-188477,키움 히어로즈,12854,2023
오윤성,3000.0,-,-,키움 히어로즈,12856,2023
박준형,3000.0,-,-,키움 히어로즈,14211,2023
정현민,3000.0,-,-,키움 히어로즈,14216,2023
김신회,3000.0,-,-,키움 히어로즈,14218,2023
김동욱,3000.0,-,-,키움 히어로즈,14681,2023
정연제,3000.0,-,-,키움 히어로즈,14850,2023
양경식,3000.0,-,-,키움 히어로즈,14853,2023
이재홍,3000.0,-,-,키움 히어로즈,14854,2023
윤석원,3000.0,-0.19,-15431,키움 히어로즈,15071,2023
주승빈,3000.0,-,-,키움 히어로즈,15072,2023
김리안,3000.0,-,-,키움 히어로즈,15074,2023
이세호,3000.0,-,-,키움 히어로즈,15075,2023
박수종,3000.0,1.45,2075,키움 히어로즈,15132,2023
김건희,3000.0,-0.24,-12690,키움 히어로즈,15472,2023
김동헌,3000.0,0.48,6292,키움 히어로즈,15473,2023
오상원,3000.0,-0.09,-33749,키움 히어로즈,15474,2023
박윤성,3000.0,-,-,키움 히어로즈,15475,2023
이승원,3000.0,-0.17,-17183,키움 히어로즈,15476,2023
송재선,3000.0,-0.09,-34371,키움 히어로즈,15477,2023
우승원,3000.0,-,-,키움 히어로즈,15478,2023
박성빈,3000.0,-,-,키움 히어로즈,15479,2023
이호열,3000.0,-,-,키움 히어로즈,15480,2023
변헌성,3000.0,-,-,키움 히어로즈,15481,2023
안겸,3000.0,-,-,키움 히어로즈,15482,2023
서유신,3000.0,-,-,키움 히어로즈,15483,2023
김동규,3000.0,-0.17,-17377,키움 히어로즈,15485,2023
류현진,250000.0,4.56,54775,한화 이글스,10590,2024
채은성,100000.0,1.40,71340,한화 이글스,11215,2024
페냐,65000.0,0.35,187034,한화 이글스,15146,2024
페라자,104000.0,2.90,20686,한화 이글스,16121,2024
최재훈,60000.0,1.68,35760,한화 이글스,10170,2024
이태양,50000.0,-0.29,-170710,한화 이글스,10609,2024
안치홍,50000.0,1.97,25319,한화 이글스,10014,2024
산체스,50000.0,1.58,31615,한화 이글스,15643,2024
바리아,48000.0,1.75,27382,한화 이글스,16150,2024
노시환,35000.0,2.92,11985,한화 이글스,14125,2024
장시환,20000.0,0.21,97084,한화 이글스,10453,2024
박상원,19500.0,1.00,19491,한화 이글스,12871,2024
김범수,19300.0,0.14,134337,한화 이글스,11411,2024
정은원,17800.0,0.14,130324,한화 이글스,13137,2024
김민우,16700.0,0.62,26890,한화 이글스,11410,2024
장민재,15000.0,0.66,22587,한화 이글스,10610,2024
김강민,11000.0,0.08,142068,한화 이글스,10108,2024
주현상,11000.0,3.16,3479,한화 이글스,11415,2024
윤대경,11000.0,-0.13,-85456,한화 이글스,11110,2024
정우람,10000.0,-,-,한화 이글스,10156,2024
문동주,10000.0,1.93,5191,한화 이글스,15013,2024
문현빈,23000.0,0.24,33324,한화 이글스,15422,2024
김태연,7800.0,0.47,16566,한화 이글스,12585,2024
이도윤,7500.0,1.14,6585,한화 이글스,11414,2024
이진영,7000.0,0.03,205441,한화 이글스,12539,2024
하주석,7000.0,0.23,30579,한화 이글스,10913,2024
김인환,6900.0,-1.27,-5425,한화 이글스,12589,2024
김종수,6800.0,-,-,한화 이글스,11117,2024
장진혁,5800.0,0.76,7644,한화 이글스,12583,2024
이민우,5600.0,0.90,6199,한화 이글스,13003,2024
배민서,5100.0,-0.03,-178322,한화 이글스,14158,2024
이명기,5000.0,-0.09,-53323,한화 이글스,10119,2024
이재원,5000.0,-0.25,-19618,한화 이글스,10082,2024
한승혁,4900.0,0.96,5130,한화 이글스,10812,2024
와이스,4800.0,3.16,1521,한화 이글스,16153,2024
최인호,4800.0,2.03,2359,한화 이글스,14707,2024
한승주,4500.0,-0.48,-9304,한화 이글스,14621,2024
이상규,4400.0,0.38,11481,한화 이글스,13245,2024
김기중,4400.0,0.38,11587,한화 이글스,14808,2024
박상언,4200.0,0.53,7988,한화 이글스,12587,2024
김규연,4100.0,0.07,59451,한화 이글스,14871,2024
남지민,4000.0,0.10,38156,한화 이글스,14619,2024
조한민,3800.0,-,-,한화 이글스,14210,2024
이원석,3600.0,0.19,18675,한화 이글스,13138,2024
이충호,3400.0,-0.05,-68741,한화 이글스,11116,2024
임종찬,3400.0,-0.22,-15452,한화 이글스,14706,2024
김서현,53300.0,0.65,5071,한화 이글스,15421,2024
권광민,3300.0,0.53,6250,한화 이글스,13676,2024
허관회,3300.0,-,-,한화 이글스,14204,2024
유로결,3300.0,-0.06,-59189,한화 이글스,14126,2024
장규현,3200.0,-0.13,-23948,한화 이글스,14811,2024
김건,3200.0,-,-,한화 이글스,14209,2024
장지수,3200.0,-0.08,-39864,한화 이글스,14178,2024
이재용,3100.0,-,-,한화 이글스,12902,2024
이상혁,3100.0,-0.11,-28290,한화 이글스,15139,2024
이민준,14100.0,-,-,한화 이글스,15423,2024
서정훈,3000.0,-,-,한화 이글스,16120,2024
김선동,3000.0,-,-,한화 이글스,16119,2024
김도빈,3000.0,-0.02,-128266,한화 이글스,16118,2024
권동욱,3000.0,-,-,한화 이글스,16117,2024
승지환,3000.0,-,-,한화 이글스,16116,2024
권현,3000.0,-,-,한화 이글스,16115,2024
원종혁,3000.0,-,-,한화 이글스,16114,2024
이승현,3000.0,-,-,한화 이글스,16113,2024
최준서,3000.0,-,-,한화 이글스,16112,2024
이기창,3000.0,-,-,한화 이글스,16111,2024
황영묵,3000.0,1.83,1642,한화 이글스,16110,2024
정안석,3000.0,-,-,한화 이글스,16109,2024
조동욱,3000.0,0.08,35359,한화 이글스,16108,2024
황준서,3000.0,1.31,2288,한화 이글스,16107,2024
김진욱,3000.0,-,-,한화 이글스,13144,2024
이성민,3000.0,-,-,한화 이글스,15019,2024
정이황,3000.0,-,-,한화 이글스,14127,2024
조은,3000.0,-,-,한화 이글스,14810,2024
한경빈,3000.0,0.00,-629368,한화 이글스,15633,2024
성지훈,3000.0,-,-,한화 이글스,15631,2024
김승일,3000.0,0.13,23229,한화 이글스,14711,2024
박동원,250000.0,4.75,52599,LG 트윈스,10387,2024
김현수,100000.0,1.01,99083,LG 트윈스,10187,2024
켈리,80000.0,1.73,46128,LG 트윈스,13934,2024
오스틴,80000.0,5.62,14229,LG 트윈스,15532,2024
엔스,117000.0,3.76,15962,LG 트윈스,16023,2024
박해민,60000.0,2.71,22112,LG 트윈스,11190,2024
홍창기,51000.0,6.29,8112,LG 트윈스,12546,2024
에르난데스,44000.0,1.33,32988,LG 트윈스,16160,2024
최원태,40000.0,2.78,14390,LG 트윈스,11379,2024
정우영,32000.0,-0.02,-2063305,LG 트윈스,14136,2024
문보경,30000.0,4.30,6972,LG 트윈스,14137,2024
오지환,30000.0,3.12,9616,LG 트윈스,10475,2024
문성주,20000.0,2.89,6928,LG 트윈스,13112,2024
함덕주,20000.0,0.26,78097,LG 트윈스,11094,2024
김진성,20000.0,0.57,35046,LG 트윈스,11166,2024
임찬규,20000.0,3.98,5029,LG 트윈스,10652,2024
최동환,13000.0,-0.22,-58350,LG 트윈스,10535,2024
이우찬,12500.0,-0.64,-19685,LG 트윈스,10749,2024
김윤식,12000.0,-0.07,-163067,LG 트윈스,14588,2024
신민재,11500.0,2.36,4876,LG 트윈스,13056,2024
허도환,10000.0,-0.76,-13118,LG 트윈스,10684,2024
백승현,9200.0,-0.40,-22725,LG 트윈스,13009,2024
유영찬,8500.0,0.66,12856,LG 트윈스,14669,2024
구본혁,7000.0,1.57,4471,LG 트윈스,14140,2024
윤호솔,7000.0,0.10,69777,LG 트윈스,11170,2024
이재원,7000.0,-,-,LG 트윈스,13104,2024
이지강,6800.0,-0.09,-76140,LG 트윈스,14143,2024
김유영,6700.0,0.56,11926,LG 트윈스,11229,2024
박명근,17500.0,-0.34,-19027,LG 트윈스,15486,2024
김민수,6000.0,-0.36,-16868,LG 트윈스,12931,2024
배재준,6000.0,-,-,LG 트윈스,12697,2024
김대현,5700.0,0.03,216389,LG 트윈스,12532,2024
안익훈,5500.0,0.01,689157,LG 트윈스,11347,2024
이영빈,5500.0,0.00,2305239,LG 트윈스,14783,2024
이상영,5000.0,0.50,9955,LG 트윈스,14135,2024
임준형,4800.0,0.13,37733,LG 트윈스,14142,2024
손주영,4300.0,3.68,1168,LG 트윈스,12908,2024
최승민,4000.0,-0.02,-251300,LG 트윈스,14187,2024
강효종,3800.0,-0.06,-66747,LG 트윈스,14780,2024
김영준,3600.0,-0.23,-15448,LG 트윈스,13102,2024
송찬의,3600.0,-0.12,-29631,LG 트윈스,13109,2024
김주성,3500.0,0.17,20427,LG 트윈스,12545,2024
김범석,28300.0,-0.31,-10590,LG 트윈스,15484,2024
전준호,3300.0,-0.02,-155746,LG 트윈스,12864,2024
성동현,3200.0,0.08,37930,LG 트윈스,13103,2024
김진수,3200.0,0.02,204366,LG 트윈스,14781,2024
김성우,3100.0,-0.24,-12863,LG 트윈스,15085,2024
우강훈,3100.0,0.15,20274,LG 트윈스,14816,2024
김성진,3100.0,-0.04,-73680,LG 트윈스,14141,2024
김현종,3000.0,0.17,17163,LG 트윈스,16013,2024
손용준,3000.0,-,-,LG 트윈스,16014,2024
진우영,3000.0,0.08,36767,LG 트윈스,16015,2024
배강,3000.0,-,-,LG 트윈스,16018,2024
최명경,3000.0,-0.04,-68830,LG 트윈스,16026,2024
이태겸,3000.0,-,-,LG 트윈스,16025,2024
오승윤,3000.0,-,-,LG 트윈스,16024,2024
심규빈,3000.0,-,-,LG 트윈스,16022,2024
김도윤,3000.0,-,-,LG 트윈스,16021,2024
강석현,3000.0,-,-,LG 트윈스,16020,2024
김대원,3000.0,0.07,44048,LG 트윈스,16016,2024
정지헌,3000.0,-0.24,-12395,LG 트윈스,16017,2024
김종우,3000.0,-,-,LG 트윈스,16019,2024
한지용,3000.0,-,-,LG 트윈스,14604,2024
이종준,3000.0,0.35,8545,LG 트윈스,14651,2024
문정빈,3000.0,-,-,LG 트윈스,15086,2024
최원영,3000.0,0.25,11916,LG 트윈스,15084,2024
조건희,3000.0,-,-,LG 트윈스,14782,2024
김의준,3000.0,-,-,LG 트윈스,13108,2024
이주헌,3000.0,0.10,29869,LG 트윈스,15081,2024
김단우,3000.0,-,-,LG 트윈스,14841,2024
김유민,3000.0,-,-,LG 트윈스,14842,2024
김형욱,3000.0,-,-,LG 트윈스,14844,2024
박민호,3000.0,-,-,LG 트윈스,14845,2024
전진영,3000.0,-,-,LG 트윈스,14885,2024
이믿음,3000.0,-0.16,-18953,LG 트윈스,14847,2024
백선기,3000.0,-,-,LG 트윈스,13174,2024
하영진,3000.0,-,-,LG 트윈스,14671,2024
김주온,3000.0,-0.11,-27713,LG 트윈스,13057,2024
함창건,3000.0,-0.19,-15608,LG 트윈스,14680,2024
강민,3000.0,-,-,LG 트윈스,14660,2024
김수인,3000.0,-0.15,-20407,LG 트윈스,14675,2024
허용주,8000.0,-,-,LG 트윈스,15491,2024
박세웅,135000.0,4.69,28778,롯데 자이언츠,11310,2024
전준우,130000.0,1.95,66702,롯데 자이언츠,10266,2024
유강남,100000.0,0.02,5859879,롯데 자이언츠,10753,2024
반즈,85000.0,6.81,12473,롯데 자이언츠,15011,2024
레이예스,91000.0,3.72,16111,롯데 자이언츠,16106,2024
윌커슨,60000.0,7.42,8084,롯데 자이언츠,12295,2024
노진혁,60000.0,-0.23,-260317,롯데 자이언츠,11165,2024
김원중,50000.0,2.65,18866,롯데 자이언츠,10825,2024
구승민,45000.0,0.24,188098,롯데 자이언츠,11291,2024
정훈,30000.0,1.18,25494,롯데 자이언츠,10253,2024
한현희,30000.0,1.66,18041,롯데 자이언츠,10863,2024
김민성,20000.0,0.13,150016,롯데 자이언츠,10238,2024
나균안,17000.0,-0.30,-56322,롯데 자이언츠,12930,2024
최준용,16300.0,0.13,121606,롯데 자이언츠,14624,2024
한동희,16200.0,-0.57,-28421,롯데 자이언츠,13145,2024
김상수,16000.0,1.22,13126,롯데 자이언츠,10427,2024
진해수,15000.0,0.02,609489,롯데 자이언츠,10075,2024
박승욱,13500.0,-0.10,-135107,롯데 자이언츠,10804,2024
이인복,10000.0,-0.10,-101025,롯데 자이언츠,11232,2024
오선진,10000.0,0.18,54627,롯데 자이언츠,10557,2024
심재민,9400.0,-,-,롯데 자이언츠,11311,2024
이학주,9200.0,-0.19,-48785,롯데 자이언츠,14114,2024
윤동희,9000.0,3.72,2419,롯데 자이언츠,15048,2024
박진형,8600.0,0.21,40344,롯데 자이언츠,11425,2024
김민석,33500.0,-0.32,-26589,롯데 자이언츠,15253,2024
고승민,8000.0,3.49,2294,롯데 자이언츠,14160,2024
김도규,8000.0,-0.01,-706658,롯데 자이언츠,13148,2024
신정락,8000.0,-,-,롯데 자이언츠,10516,2024
황성빈,7600.0,2.15,3532,롯데 자이언츠,14642,2024
정보근,7500.0,-0.54,-13918,롯데 자이언츠,13154,2024
이정훈,6000.0,0.49,12178,롯데 자이언츠,12916,2024
김진욱,6000.0,2.38,2524,롯데 자이언츠,14792,2024
지시완,5800.0,-,-,롯데 자이언츠,11413,2024
신윤후,5200.0,0.30,17392,롯데 자이언츠,14169,2024
손성빈,5000.0,0.24,21042,롯데 자이언츠,14796,2024
손호영,4500.0,2.83,1587,롯데 자이언츠,14590,2024
진승현,4300.0,0.02,177767,롯데 자이언츠,15047,2024
임준섭,4000.0,0.11,37866,롯데 자이언츠,10795,2024
장두성,4000.0,-0.22,-17905,롯데 자이언츠,13155,2024
최설우,4000.0,-,-,롯데 자이언츠,11276,2024
나승엽,4000.0,1.44,2783,롯데 자이언츠,14797,2024
정성종,3900.0,-,-,롯데 자이언츠,13147,2024
최이준,3800.0,-0.36,-10553,롯데 자이언츠,13169,2024
이민석,3800.0,0.10,36348,롯데 자이언츠,15045,2024
강태율,3600.0,-0.27,-13194,롯데 자이언츠,11388,2024
박진,3300.0,1.15,2860,롯데 자이언츠,14163,2024
서동욱,3300.0,-0.48,-6922,롯데 자이언츠,15624,2024
정대선,10200.0,0.04,89444,롯데 자이언츠,15443,2024
김강현,3200.0,0.52,6205,롯데 자이언츠,12699,2024
현도훈,3200.0,-0.13,-24338,롯데 자이언츠,13271,2024
박명현,3200.0,-,-,롯데 자이언츠,14622,2024
이진하,18200.0,-,-,롯데 자이언츠,15441,2024
이태연,9100.0,-,-,롯데 자이언츠,15444,2024
최항,3100.0,-0.18,-17554,롯데 자이언츠,10810,2024
윤성빈,3100.0,-0.06,-49968,롯데 자이언츠,12928,2024
김동혁,3100.0,0.21,14524,롯데 자이언츠,15645,2024
신병률,3100.0,-,-,롯데 자이언츠,13173,2024
이주찬,3100.0,-0.49,-6332,롯데 자이언츠,14819,2024
정우준,3100.0,0.04,78951,롯데 자이언츠,14795,2024
송재영,3100.0,-0.17,-18291,롯데 자이언츠,14794,2024
홍민기,3100.0,-0.01,-245954,롯데 자이언츠,14625,2024
안우진,3000.0,-,-,롯데 자이언츠,16096,2024
이선우,3000.0,-0.20,-14708,롯데 자이언츠,16095,2024
박성준,3000.0,-,-,롯데 자이언츠,16094,2024
강성우,3000.0,-0.01,-577736,롯데 자이언츠,16093,2024
박준우,3000.0,0.00,3037969,롯데 자이언츠,16092,2024
이호준,3000.0,0.12,25827,롯데 자이언츠,16091,2024
정현수,3000.0,0.89,3373,롯데 자이언츠,16090,2024
전미르,3000.0,0.45,6734,롯데 자이언츠,16089,2024
소한빈,3000.0,-,-,롯데 자이언츠,16097,2024
전하원,3000.0,-,-,롯데 자이언츠,16098,2024
유제모,3000.0,-,-,롯데 자이언츠,16099,2024
기민성,3000.0,-,-,롯데 자이언츠,16105,2024
김대현,3000.0,-,-,롯데 자이언츠,16104,2024
고경표,3000.0,-,-,롯데 자이언츠,16103,2024
강승구,3000.0,-0.08,-39274,롯데 자이언츠,16102,2024
백두산,3000.0,-0.02,-150583,롯데 자이언츠,16101,2024
배세종,3000.0,-,-,롯데 자이언츠,16100,2024
하혜성,3000.0,-,-,롯데 자이언츠,15050,2024
이병준,3000.0,-,-,롯데 자이언츠,14817,2024
최우인,3000.0,-,-,롯데 자이언츠,14818,2024
이인한,3000.0,0.12,24573,롯데 자이언츠,14690,2024
최형우,100000.0,2.09,47887,KIA 타이거즈,10344,2024
나성범,80000.0,1.84,43391,KIA 타이거즈,11162,2024
김태군,70000.0,1.00,70094,KIA 타이거즈,10459,2024
김선빈,60000.0,2.11,28379,KIA 타이거즈,10008,2024
크로우,104000.0,1.28,47041,KIA 타이거즈,16087,2024
소크라테스,50000.0,4.06,12324,KIA 타이거즈,14996,2024
양현종,50000.0,4.99,10026,KIA 타이거즈,10058,2024
네일,71500.0,5.02,6975,KIA 타이거즈,16088,2024
박찬호,30000.0,4.03,7451,KIA 타이거즈,11261,2024
알드레드,30000.0,1.45,20711,KIA 타이거즈,16151,2024
라우어,30000.0,0.88,33923,KIA 타이거즈,16161,2024
임기영,25000.0,-0.20,-125138,KIA 타이거즈,10909,2024
최원준,22000.0,2.35,9351,KIA 타이거즈,12534,2024
정해영,20000.0,2.35,8510,KIA 타이거즈,14608,2024
전상현,17000.0,1.49,11445,KIA 타이거즈,12537,2024
이의리,17000.0,0.09,183155,KIA 타이거즈,14788,2024
장현식,16000.0,1.69,9468,KIA 타이거즈,11164,2024
고종욱,15000.0,0.09,165595,KIA 타이거즈,10659,2024
이준영,14000.0,0.38,36780,KIA 타이거즈,11303,2024
이우성,13000.0,-0.10,-128006,KIA 타이거즈,11099,2024
이창진,12000.0,0.64,18738,KIA 타이거즈,11233,2024
김대유,11000.0,-0.35,-31834,KIA 타이거즈,10706,2024
최지민,10000.0,0.38,25990,KIA 타이거즈,15057,2024
김도영,10000.0,8.52,1174,KIA 타이거즈,15056,2024
김호령,9000.0,-0.07,-126775,KIA 타이거즈,11298,2024
윤영철,41000.0,2.11,4261,KIA 타이거즈,15432,2024
박준표,8000.0,-0.04,-194862,KIA 타이거즈,11070,2024
황대인,8000.0,-0.02,-349722,KIA 타이거즈,11306,2024
이형범,7000.0,-0.19,-36107,KIA 타이거즈,11159,2024
한승택,6500.0,-0.10,-64995,KIA 타이거즈,11119,2024
윤중현,6500.0,-0.35,-18821,KIA 타이거즈,13122,2024
변우혁,6000.0,0.64,9336,KIA 타이거즈,14124,2024
김규성,5500.0,-0.18,-30087,KIA 타이거즈,12540,2024
서건창,5000.0,1.61,3106,KIA 타이거즈,10855,2024
한준수,5000.0,1.80,2774,KIA 타이거즈,13113,2024
스타우트,4500.0,0.33,13448,KIA 타이거즈,16163,2024
김현수,4500.0,-0.12,-38109,KIA 타이거즈,14162,2024
주효상,4400.0,-,-,KIA 타이거즈,12567,2024
최정용,4300.0,-0.18,-23881,KIA 타이거즈,11407,2024
김유신,4200.0,-,-,KIA 타이거즈,13114,2024
김승현,4100.0,0.12,34777,KIA 타이거즈,12637,2024
김기훈,4000.0,0.05,75404,KIA 타이거즈,14176,2024
예진원,4000.0,-0.53,-7559,KIA 타이거즈,13093,2024
김건국,4000.0,-0.20,-19538,KIA 타이거즈,12944,2024
김석환,4000.0,-,-,KIA 타이거즈,12917,2024
박정우,3800.0,0.42,8953,KIA 타이거즈,12869,2024
유승철,3600.0,0.12,31245,KIA 타이거즈,12914,2024
홍종표,3500.0,0.26,13612,KIA 타이거즈,14612,2024
황동하,3500.0,2.12,1652,KIA 타이거즈,15063,2024
장민기,3500.0,-,-,KIA 타이거즈,14789,2024
박민,3500.0,-0.03,-103627,KIA 타이거즈,14611,2024
김도현,3500.0,1.18,2957,KIA 타이거즈,14128,2024
김사윤,3400.0,-0.10,-32496,KIA 타이거즈,11364,2024
오선우,3300.0,-0.03,-95565,KIA 타이거즈,14181,2024
곽도규,9300.0,1.27,2592,KIA 타이거즈,15435,2024
임석진,3200.0,-,-,KIA 타이거즈,12612,2024
권혁경,3200.0,-,-,KIA 타이거즈,14790,2024
최수빈,3100.0,-,-,KIA 타이거즈,12618,2024
고명성,3100.0,-,-,KIA 타이거즈,13171,2024
정해원,13100.0,-,-,KIA 타이거즈,15433,2024
박건우,3100.0,-,-,KIA 타이거즈,14786,2024
유지성,3100.0,-0.02,-128033,KIA 타이거즈,14607,2024
김태윤,3000.0,-,-,KIA 타이거즈,16079,2024
이상준,3000.0,-,-,KIA 타이거즈,16078,2024
조대현,3000.0,-,-,KIA 타이거즈,16077,2024
박시온,3000.0,-,-,KIA 타이거즈,16157,2024
장재혁,3000.0,0.06,50100,KIA 타이거즈,14657,2024
김두현,3000.0,-0.21,-13982,KIA 타이거즈,16086,2024
성영탁,3000.0,-,-,KIA 타이거즈,16085,2024
강민제,3000.0,-,-,KIA 타이거즈,16084,2024
김민재,3000.0,-0.06,-46670,KIA 타이거즈,16083,2024
김민주,3000.0,-0.04,-82061,KIA 타이거즈,16082,2024
최지웅,3000.0,-,-,KIA 타이거즈,16081,2024
오규석,3000.0,-,-,KIA 타이거즈,14655,2024
강동훈,3000.0,-,-,KIA 타이거즈,16080,2024
박상준,3000.0,-,-,KIA 타이거즈,15125,2024
홍원빈,3000.0,-,-,KIA 타이거즈,14177,2024
김재현,6000.0,-,-,KIA 타이거즈,15440,2024
김도월,6000.0,-,-,KIA 타이거즈,15439,2024
이도현,7000.0,-,-,KIA 타이거즈,15437,2024
이송찬,8000.0,-,-,KIA 타이거즈,15436,2024
김원경,3000.0,-,-,KIA 타이거즈,14791,2024
오정환,3000.0,-,-,KIA 타이거즈,13117,2024
이성주,3000.0,-,-,KIA 타이거즈,15061,2024
김찬민,3000.0,-,-,KIA 타이거즈,15060,2024
윤도현,3000.0,0.51,5916,KIA 타이거즈,15058,2024
장시현,3000.0,-,-,KIA 타이거즈,14824,2024
이영재,3000.0,-,-,KIA 타이거즈,14826,2024
강이준,3000.0,-,-,KIA 타이거즈,12866,2024
김민수,3000.0,-,-,KIA 타이거즈,14183,2024
고영표,200000.0,1.89,105830,KT 위즈,11308,2024
황재균,100000.0,-0.19,-536924,KT 위즈,10407,2024
쿠에바스,100000.0,4.93,20280,KT 위즈,13942,2024
벤자민,90000.0,3.07,29362,KT 위즈,15143,2024
로하스,50000.0,7.26,6889,KT 위즈,12995,2024
장성우,50000.0,3.51,14254,KT 위즈,10235,2024
오재일,50000.0,-0.84,-59474,KT 위즈,10400,2024
배정대,32000.0,0.77,41600,KT 위즈,11212,2024
김상수,30000.0,1.95,15374,KT 위즈,10320,2024
심우준,29000.0,0.90,32170,KT 위즈,11334,2024
강백호,29000.0,2.75,10546,KT 위즈,13168,2024
엄상백,25000.0,3.95,6335,KT 위즈,11318,2024
김민혁,24000.0,2.70,8893,KT 위즈,11339,2024
우규민,22000.0,1.34,16466,KT 위즈,10523,2024
소형준,22000.0,0.31,70608,KT 위즈,14600,2024
주권,20000.0,-0.17,-118929,KT 위즈,11323,2024
박경수,20000.0,0.08,260169,KT 위즈,10469,2024
박영현,16000.0,2.43,6581,KT 위즈,15089,2024
김민수,16000.0,0.51,31184,KT 위즈,11317,2024
조용호,15000.0,-0.42,-35436,KT 위즈,12943,2024
오윤석,14000.0,1.57,8907,KT 위즈,11397,2024
신본기,13000.0,0.83,15636,KT 위즈,10840,2024
손동현,12000.0,0.13,88905,KT 위즈,14108,2024
문상철,11000.0,3.43,3206,KT 위즈,11333,2024
김준태,10000.0,0.19,52689,KT 위즈,10835,2024
박시영,9000.0,0.29,30622,KT 위즈,10737,2024
이호연,8500.0,-0.65,-13160,KT 위즈,13151,2024
송민섭,6500.0,-0.27,-24314,KT 위즈,11342,2024
문용익,6300.0,-0.34,-18391,KT 위즈,12885,2024
이상동,6000.0,-0.03,-179748,KT 위즈,14109,2024
조이현,6000.0,0.51,11721,KT 위즈,11284,2024
장준원,5300.0,-0.03,-171447,KT 위즈,11214,2024
이채호,5300.0,-0.11,-50284,KT 위즈,13130,2024
강현우,5000.0,0.38,13279,KT 위즈,14603,2024
안치영,5000.0,-0.07,-71312,KT 위즈,13006,2024
김민,5000.0,1.84,2712,KT 위즈,13167,2024
권동진,4600.0,-0.07,-64146,KT 위즈,14777,2024
천성호,4500.0,0.08,54946,KT 위즈,14606,2024
홍현빈,4500.0,-0.16,-29019,KT 위즈,12941,2024
하준호,4500.0,0.00,-1497604,KT 위즈,10304,2024
정준영,16200.0,0.41,10337,KT 위즈,15519,2024
김영현,4100.0,0.00,2704271,KT 위즈,14869,2024
이선우,4000.0,0.15,26897,KT 위즈,14111,2024
강민성,3600.0,0.01,427911,KT 위즈,14191,2024
강건,6500.0,-0.13,-27776,KT 위즈,15527,2024
김태오,3500.0,-,-,KT 위즈,12577,2024
이정현,3500.0,-,-,KT 위즈,12937,2024
박세진,3500.0,-0.05,-71550,KT 위즈,12572,2024
전용주,3200.0,-0.09,-35628,KT 위즈,14106,2024
양승혁,3200.0,-,-,KT 위즈,13233,2024
류현인,8100.0,-,-,KT 위즈,15523,2024
박민석,3100.0,-0.42,-7327,KT 위즈,14110,2024
조대현,3100.0,0.49,6355,KT 위즈,13177,2024
김정운,25100.0,-,-,KT 위즈,15518,2024
김병준,3100.0,0.27,11466,KT 위즈,15097,2024
한차현,3100.0,-0.25,-12239,KT 위즈,14776,2024
김지민,3000.0,-,-,KT 위즈,16037,2024
이승현,3000.0,-,-,KT 위즈,16034,2024
박태완,3000.0,-,-,KT 위즈,16033,2024
박정현,3000.0,-,-,KT 위즈,16032,2024
신호준,3000.0,-,-,KT 위즈,16031,2024
최윤서,3000.0,-,-,KT 위즈,16030,2024
김민성,3000.0,-,-,KT 위즈,16029,2024
육청명,3000.0,0.63,4742,KT 위즈,16028,2024
원상현,3000.0,0.04,70898,KT 위즈,16027,2024
김민석,3000.0,-,-,KT 위즈,16035,2024
이승언,3000.0,-,-,KT 위즈,16036,2024
윤준혁,3000.0,-0.24,-12470,KT 위즈,14605,2024
이현민,3000.0,-,-,KT 위즈,16159,2024
한민우,3000.0,-,-,KT 위즈,16144,2024
최용준,3000.0,-,-,KT 위즈,14658,2024
이태규,3000.0,-,-,KT 위즈,14179,2024
박시윤,3000.0,-,-,KT 위즈,13170,2024
안현민,3000.0,-0.10,-29490,KT 위즈,15092,2024
김건형,3000.0,-0.21,-14433,KT 위즈,14779,2024
이근혁,3000.0,-,-,KT 위즈,15254,2024
김규대,3000.0,-,-,KT 위즈,14884,2024
최성민,3000.0,-,-,KT 위즈,14870,2024
윤강찬,3000.0,-,-,KT 위즈,13172,2024
김주완,3000.0,-,-,KT 위즈,14833,2024
최정태,3000.0,-,-,KT 위즈,15619,2024
이종혁,3000.0,-,-,KT 위즈,12938,2024
이준명,6000.0,-,-,KT 위즈,15526,2024
정진호,7000.0,-,-,KT 위즈,15525,2024
황의준,7000.0,-,-,KT 위즈,15524,2024
이준희,9000.0,-,-,KT 위즈,15522,2024
김건웅,11000.0,-,-,KT 위즈,15521,2024
성재헌,3000.0,-0.07,-45935,KT 위즈,14667,2024
조용근,3000.0,-,-,KT 위즈,14670,2024
신범준,3000.0,-,-,KT 위즈,14774,2024
김철호,3000.0,-,-,KT 위즈,13083,2024
김성균,3000.0,-,-,KT 위즈,14723,2024
구자욱,200000.0,6.19,32316,삼성 라이온즈,10892,2024
맥키넌,130000.0,1.16,77659,삼성 라이온즈,15862,2024
코너,80000.0,4.85,16504,삼성 라이온즈,15860,2024
박병호,70000.0,0.25,283380,삼성 라이온즈,10470,2024
레예스,78000.0,4.16,12032,삼성 라이온즈,15861,2024
원태인,43000.0,4.90,8780,삼성 라이온즈,14113,2024
강민호,40000.0,3.50,11445,삼성 라이온즈,10232,2024
오승환,40000.0,-0.40,-101083,삼성 라이온즈,10367,2024
백정현,40000.0,0.72,55812,삼성 라이온즈,10363,2024
김재윤,40000.0,0.70,56762,삼성 라이온즈,11489,2024
카디네스,32700.0,0.00,11890996,삼성 라이온즈,16156,2024
임창민,20000.0,1.51,13278,삼성 라이온즈,10452,2024
류지혁,20000.0,0.34,58607,삼성 라이온즈,10894,2024
이승현,17000.0,0.62,27425,삼성 라이온즈,10527,2024
김태훈,17000.0,0.81,20971,삼성 라이온즈,10871,2024
김지찬,16000.0,4.59,3485,삼성 라이온즈,14618,2024
최채흥,15000.0,-0.07,-217492,삼성 라이온즈,13156,2024
이재현,14000.0,4.27,3282,삼성 라이온즈,15034,2024
김현준,14000.0,0.04,396434,삼성 라이온즈,14867,2024
최지광,14000.0,1.35,10404,삼성 라이온즈,12934,2024
김대우,10000.0,0.09,116914,삼성 라이온즈,10685,2024
김성윤,10000.0,0.09,114787,삼성 라이온즈,12936,2024
강한울,10000.0,-0.32,-30994,삼성 라이온즈,11255,2024
최성훈,10000.0,0.03,294346,삼성 라이온즈,10851,2024
양현,9000.0,-0.03,-268540,삼성 라이온즈,10730,2024
이재익,8200.0,-0.32,-25416,삼성 라이온즈,13244,2024
김동엽,8000.0,-0.23,-34732,삼성 라이온즈,12548,2024
김윤수,7000.0,-0.14,-50854,삼성 라이온즈,13162,2024
장필준,7000.0,-0.01,-580359,삼성 라이온즈,11404,2024
이승현,7000.0,2.22,3154,삼성 라이온즈,14798,2024
김재성,7000.0,-0.23,-30485,삼성 라이온즈,11344,2024
이상민,6500.0,0.72,8977,삼성 라이온즈,11169,2024
전병우,6000.0,0.46,13079,삼성 라이온즈,11422,2024
홍정우,6000.0,-0.03,-173429,삼성 라이온즈,13242,2024
김헌곤,6000.0,1.59,3781,삼성 라이온즈,10640,2024
이성규,6000.0,1.86,3233,삼성 라이온즈,12562,2024
안주형,5200.0,-0.61,-8499,삼성 라이온즈,12988,2024
송은범,5000.0,0.34,14521,삼성 라이온즈,10137,2024
디아즈,5000.0,0.80,6268,삼성 라이온즈,16162,2024
김도환,5000.0,-0.11,-47156,삼성 라이온즈,14115,2024
최충연,4700.0,-,-,삼성 라이온즈,12530,2024
김민수,4600.0,0.08,55703,삼성 라이온즈,11266,2024
김동진,4500.0,-0.15,-29034,삼성 라이온즈,14863,2024
이민호,4500.0,-,-,삼성 라이온즈,11151,2024
이승민,4100.0,-0.46,-8960,삼성 라이온즈,14616,2024
황동재,4100.0,0.92,4471,삼성 라이온즈,14615,2024
김태훈,4100.0,-0.02,-247030,삼성 라이온즈,11336,2024
최하늘,4100.0,0.05,77956,삼성 라이온즈,13152,2024
공민규,4100.0,-0.22,-18498,삼성 라이온즈,13164,2024
이병헌,4000.0,0.18,22023,삼성 라이온즈,14117,2024
김영웅,3800.0,3.23,1177,삼성 라이온즈,15035,2024
김시현,3700.0,-,-,삼성 라이온즈,12932,2024
양우현,3700.0,-0.13,-28450,삼성 라이온즈,14116,2024
윤정빈,3700.0,1.74,2126,삼성 라이온즈,13161,2024
류승민,8500.0,0.13,27229,삼성 라이온즈,15503,2024
홍무원,3500.0,-,-,삼성 라이온즈,14800,2024
홍승원,3500.0,-,-,삼성 라이온즈,14864,2024
김서준,3400.0,-,-,삼성 라이온즈,15039,2024
김태우,3300.0,-,-,삼성 라이온즈,13158,2024
오현석,3300.0,-,-,삼성 라이온즈,14801,2024
장재혁,3300.0,-,-,삼성 라이온즈,15043,2024
한연욱,3300.0,-,-,삼성 라이온즈,14664,2024
홍원표,3300.0,0.03,130454,삼성 라이온즈,14614,2024
이호성,23200.0,-0.17,-18415,삼성 라이온즈,15496,2024
김재상,13200.0,0.01,628099,삼성 라이온즈,15499,2024
정진수,3200.0,-,-,삼성 라이온즈,14698,2024
박권후,16100.0,-,-,삼성 라이온즈,15497,2024
김민호,7100.0,-,-,삼성 라이온즈,15504,2024
박장민,6100.0,-,-,삼성 라이온즈,15506,2024
김동현,3000.0,-,-,삼성 라이온즈,15874,2024
양도근,3000.0,0.02,188861,삼성 라이온즈,15875,2024
김대호,3000.0,-0.10,-30999,삼성 라이온즈,15882,2024
유병선,3000.0,-,-,삼성 라이온즈,15873,2024
주한울,3000.0,-,-,삼성 라이온즈,14802,2024
이창용,3000.0,-0.19,-16055,삼성 라이온즈,14866,2024
김재혁,3000.0,-0.22,-13581,삼성 라이온즈,15036,2024
김세민,3000.0,-,-,삼성 라이온즈,14865,2024
김재형,3000.0,-,-,삼성 라이온즈,15872,2024
이재호,3000.0,-,-,삼성 라이온즈,15871,2024
이현준,3000.0,-,-,삼성 라이온즈,15870,2024
신경민,3000.0,-,-,삼성 라이온즈,15869,2024
김호진,3000.0,-0.26,-11618,삼성 라이온즈,15868,2024
김성경,3000.0,-,-,삼성 라이온즈,15867,2024
정민성,3000.0,-,-,삼성 라이온즈,15866,2024
박준용,3000.0,-,-,삼성 라이온즈,15865,2024
육선엽,3000.0,0.06,53207,삼성 라이온즈,15864,2024
박진우,6000.0,-,-,삼성 라이온즈,15507,2024
박시원,7000.0,-,-,삼성 라이온즈,15505,2024
서현원,3000.0,-,-,삼성 라이온즈,15498,2024
에레디아,115000.0,4.89,23509,SSG 랜더스,15530,2024
박종훈,110000.0,0.29,373407,SSG 랜더스,10131,2024
최정,100000.0,4.68,21383,SSG 랜더스,10106,2024
김광현,100000.0,3.91,25582,SSG 랜더스,10126,2024
한유섬,90000.0,-0.20,-439861,SSG 랜더스,10815,2024
엘리아스,65000.0,4.36,14904,SSG 랜더스,15644,2024
더거,97500.0,-0.52,-124987,SSG 랜더스,16141,2024
앤더슨,57000.0,4.13,13786,SSG 랜더스,16146,2024
서진용,45000.0,-0.12,-374931,SSG 랜더스,10784,2024
노경은,35000.0,3.10,11275,SSG 랜더스,10203,2024
박성한,30000.0,4.02,7462,SSG 랜더스,12922,2024
최지훈,25000.0,2.05,12167,SSG 랜더스,14587,2024
오태곤,25000.0,1.43,17510,SSG 랜더스,10249,2024
김택형,20500.0,-0.03,-795943,SSG 랜더스,11373,2024
김성현,20000.0,-0.69,-29017,SSG 랜더스,10636,2024
이지영,20000.0,2.01,9951,SSG 랜더스,10312,2024
문승원,18000.0,1.07,16888,SSG 랜더스,10783,2024
고효준,15300.0,-0.05,-304187,SSG 랜더스,10124,2024
김민식,15000.0,-0.16,-93228,SSG 랜더스,10707,2024
최민준,14400.0,-0.35,-41178,SSG 랜더스,13126,2024
오원석,14000.0,3.03,4622,SSG 랜더스,14581,2024
장지훈,13000.0,-0.07,-194203,SSG 랜더스,14804,2024
하재훈,10000.0,-1.59,-6309,SSG 랜더스,14147,2024
강진성,8500.0,-0.04,-196132,SSG 랜더스,11148,2024
전의산,8000.0,-1.38,-5800,SSG 랜더스,14699,2024
이로운,32400.0,0.36,20420,SSG 랜더스,15461,2024
조형우,6300.0,-0.13,-46892,SSG 랜더스,14806,2024
이건욱,6100.0,-0.39,-15776,SSG 랜더스,11242,2024
박민호,6000.0,0.17,34772,SSG 랜더스,11236,2024
김찬형,5000.0,-0.26,-18964,SSG 랜더스,12622,2024
신범수,5000.0,-0.03,-169613,SSG 랜더스,12541,2024
백승건,4600.0,-0.06,-76710,SSG 랜더스,14145,2024
송영진,19500.0,1.33,3383,SSG 랜더스,15462,2024
최준우,4500.0,0.23,19938,SSG 랜더스,13128,2024
안상현,4000.0,-0.61,-6545,SSG 랜더스,12613,2024
박대온,4000.0,-,-,SSG 랜더스,11246,2024
최경모,3700.0,-0.08,-46643,SSG 랜더스,14151,2024
전경원,3200.0,-,-,SSG 랜더스,13129,2024
서상준,3200.0,-,-,SSG 랜더스,14152,2024
한두솔,3200.0,0.84,3820,SSG 랜더스,13228,2024
신헌민,3200.0,-0.07,-45619,SSG 랜더스,15024,2024
최상민,3200.0,0.15,21232,SSG 랜더스,13195,2024
이정범,3200.0,-,-,SSG 랜더스,13194,2024
김태윤,3100.0,-,-,SSG 랜더스,15030,2024
정성곤,3100.0,-,-,SSG 랜더스,11321,2024
이기순,3100.0,0.47,6635,SSG 랜더스,15028,2024
김창평,3100.0,-0.07,-46732,SSG 랜더스,14146,2024
류효승,3100.0,-0.05,-60836,SSG 랜더스,14586,2024
현원회,3000.0,-0.02,-183183,SSG 랜더스,14584,2024
변건우,3000.0,-,-,SSG 랜더스,16048,2024
김규민,3000.0,-,-,SSG 랜더스,16047,2024
윤성보,3000.0,-,-,SSG 랜더스,16046,2024
백준서,3000.0,-,-,SSG 랜더스,16045,2024
박성빈,3000.0,0.11,27432,SSG 랜더스,16044,2024
정현승,3000.0,-0.24,-12319,SSG 랜더스,16043,2024
정준재,3000.0,2.01,1493,SSG 랜더스,16042,2024
최현석,3000.0,-0.02,-139212,SSG 랜더스,16041,2024
박기호,3000.0,-,-,SSG 랜더스,16040,2024
이승민,3000.0,-,-,SSG 랜더스,16039,2024
박지환,3000.0,-0.26,-11519,SSG 랜더스,16038,2024
최민창,3000.0,-0.03,-105694,SSG 랜더스,11351,2024
김성민,3000.0,-,-,SSG 랜더스,14585,2024
정동윤,3000.0,0.05,54717,SSG 랜더스,12571,2024
김지현,3000.0,-,-,SSG 랜더스,16140,2024
허진,3000.0,-,-,SSG 랜더스,16139,2024
김건우,3000.0,-,-,SSG 랜더스,14803,2024
허민혁,3000.0,-,-,SSG 랜더스,14149,2024
조병현,3000.0,2.50,1201,SSG 랜더스,14805,2024
최수호,3000.0,-,-,SSG 랜더스,14148,2024
고명준,3000.0,0.30,10078,SSG 랜더스,14807,2024
채현우,3000.0,0.00,-2247444,SSG 랜더스,14153,2024
추신수,3000.0,0.94,3179,SSG 랜더스,14888,2024
박정빈,3000.0,-,-,SSG 랜더스,14862,2024
최유빈,3000.0,-,-,SSG 랜더스,15033,2024
박시후,3000.0,0.11,28325,SSG 랜더스,14687,2024
이찬혁,3000.0,-,-,SSG 랜더스,12909,2024
이승훈,7000.0,-,-,SSG 랜더스,15469,2024
류현곤,7000.0,-,-,SSG 랜더스,15468,2024
김민준,8000.0,-,-,SSG 랜더스,15467,2024
박세직,9000.0,-,-,SSG 랜더스,15466,2024
안현서,11000.0,-,-,SSG 랜더스,15464,2024
김정민,13000.0,-,-,SSG 랜더스,15463,2024
김건이,6000.0,-,-,SSG 랜더스,15470,2024
박민우,100000.0,5.55,18022,NC 다이노스,11137,2024
박건우,80000.0,2.94,27245,NC 다이노스,10189,2024
박세혁,70000.0,0.59,118283,NC 다이노스,10891,2024
데이비슨,91000.0,4.27,13108,NC 다이노스,16066,2024
카스타노,84500.0,1.83,28476,NC 다이노스,16064,2024
하트,91000.0,6.22,8035,NC 다이노스,16065,2024
손아섭,50000.0,1.03,48314,NC 다이노스,10261,2024
이용찬,40000.0,-1.02,-39294,NC 다이노스,10217,2024
김영규,22500.0,1.48,15219,NC 다이노스,13088,2024
이재학,20000.0,1.16,17183,NC 다이노스,10220,2024
신민혁,18000.0,2.76,6531,NC 다이노스,13085,2024
류진욱,16500.0,-0.13,-122398,NC 다이노스,11355,2024
김주원,16000.0,5.43,2945,NC 다이노스,14765,2024
권희동,15000.0,4.11,3647,NC 다이노스,11172,2024
임정호,13500.0,0.59,22735,NC 다이노스,11168,2024
송명기,13500.0,-0.16,-83813,NC 다이노스,14155,2024
서호철,12000.0,2.00,6001,NC 다이노스,14220,2024
김시훈,11000.0,1.91,5771,NC 다이노스,13080,2024
김휘집,11000.0,2.42,4548,NC 다이노스,14785,2024
요키시,10000.0,0.08,131961,NC 다이노스,13940,2024
김성욱,9500.0,-0.37,-25964,NC 다이노스,11153,2024
심창민,8500.0,-,-,NC 다이노스,10720,2024
최성영,8300.0,-0.03,-322111,NC 다이노스,12565,2024
도태훈,8000.0,0.48,16655,NC 다이노스,12560,2024
오영수,7200.0,0.23,30943,NC 다이노스,13082,2024
안중열,7100.0,0.33,21755,NC 다이노스,11329,2024
이용준,6700.0,0.04,185028,NC 다이노스,14763,2024
최정원,6600.0,0.82,8096,NC 다이노스,14221,2024
윤형준,6500.0,-,-,NC 다이노스,11135,2024
배재환,6300.0,-0.11,-55843,NC 다이노스,11248,2024
김재열,6000.0,1.98,3034,NC 다이노스,14747,2024
김진호,6000.0,0.00,11747269,NC 다이노스,12897,2024
김형준,5800.0,0.50,11489,NC 다이노스,13081,2024
천재환,5000.0,0.31,16080,NC 다이노스,13261,2024
이준호,10500.0,-0.68,-6645,NC 다이노스,15455,2024
한재환,4000.0,-0.08,-50935,NC 다이노스,14659,2024
김태현,4000.0,-0.13,-31557,NC 다이노스,12898,2024
한석현,3900.0,-0.47,-8230,NC 다이노스,13250,2024
김한별,3800.0,-0.23,-16588,NC 다이노스,14716,2024
채원후,3500.0,-0.03,-101895,NC 다이노스,11387,2024
송승환,3500.0,0.13,26594,NC 다이노스,14172,2024
한재승,3400.0,0.59,5789,NC 다이노스,14764,2024
전사민,3400.0,-0.30,-11353,NC 다이노스,14156,2024
전루건,3200.0,-0.14,-22406,NC 다이노스,14171,2024
박영빈,3200.0,-0.12,-27206,NC 다이노스,14661,2024
이우석,3200.0,-,-,NC 다이노스,11360,2024
소이현,3200.0,-0.06,-53577,NC 다이노스,12900,2024
김수윤,3200.0,-0.10,-31236,NC 다이노스,12903,2024
최보성,3200.0,-,-,NC 다이노스,13087,2024
문상인,3100.0,-,-,NC 다이노스,13227,2024
조현진,3100.0,-,-,NC 다이노스,14877,2024
박한결,18100.0,-0.31,-9935,NC 다이노스,15451,2024
박주찬,3100.0,-,-,NC 다이노스,14219,2024
김준원,3000.0,-,-,NC 다이노스,16063,2024
김재민,3000.0,-,-,NC 다이노스,16062,2024
김민균,3000.0,-,-,NC 다이노스,16054,2024
고승완,3000.0,-,-,NC 다이노스,16061,2024
조현민,3000.0,-,-,NC 다이노스,16060,2024
홍유원,3000.0,-,-,NC 다이노스,16055,2024
원종해,3000.0,-,-,NC 다이노스,16059,2024
김세훈,3000.0,-0.11,-27852,NC 다이노스,16058,2024
손주환,3000.0,-0.04,-73787,NC 다이노스,16057,2024
최우석,3000.0,0.12,25298,NC 다이노스,16056,2024
최우재,3000.0,-,-,NC 다이노스,12621,2024
임상현,3000.0,-0.02,-121956,NC 다이노스,16053,2024
김휘건,3000.0,-,-,NC 다이노스,16052,2024
박인우,3000.0,-,-,NC 다이노스,16051,2024
김태호,3000.0,-,-,NC 다이노스,16050,2024
김민규,3000.0,-0.08,-39480,NC 다이노스,16049,2024
서의태,3000.0,-0.06,-52157,NC 다이노스,12574,2024
안인산,3000.0,-,-,NC 다이노스,14598,2024
박시원,3000.0,-0.27,-11284,NC 다이노스,14597,2024
임형원,3000.0,-,-,NC 다이노스,14594,2024
박지한,3000.0,-,-,NC 다이노스,14650,2024
이현우,3000.0,-,-,NC 다이노스,15117,2024
박동수,3000.0,-,-,NC 다이노스,15112,2024
목지훈,11000.0,-0.21,-14190,NC 다이노스,15453,2024
신용석,13000.0,-0.10,-30908,NC 다이노스,15452,2024
신영우,28000.0,-0.13,-22821,NC 다이노스,15450,2024
박주현,3000.0,0.03,109982,NC 다이노스,13175,2024
신성호,8000.0,-,-,NC 다이노스,15456,2024
김택우,3000.0,-,-,NC 다이노스,15622,2024
서동욱,6000.0,-,-,NC 다이노스,15458,2024
김범준,3000.0,-0.15,-19963,NC 다이노스,14222,2024
김재환,150000.0,3.07,48839,두산 베어스,10643,2024
알칸타라,80000.0,1.24,64510,두산 베어스,13941,2024
브랜든,75000.0,2.32,32269,두산 베어스,15153,2024
허경민,60000.0,3.66,16390,두산 베어스,10184,2024
정수빈,60000.0,3.13,19197,두산 베어스,10195,2024
라모스,78000.0,2.37,23179,두산 베어스,15000,2024
양의지,50000.0,3.38,14814,두산 베어스,10165,2024
제러드,30000.0,1.52,19800,두산 베어스,16158,2024
양석환,30000.0,2.31,13009,두산 베어스,11213,2024
홍건희,30000.0,1.24,24103,두산 베어스,10696,2024
김재호,30000.0,0.56,53904,두산 베어스,10174,2024
강승호,25500.0,4.39,5809,두산 베어스,11087,2024
최원준,25000.0,1.12,22333,두산 베어스,12852,2024
발라조빅,25000.0,1.35,18513,두산 베어스,16155,2024
김명신,22500.0,-0.89,-25412,두산 베어스,12847,2024
곽빈,21000.0,4.65,4518,두산 베어스,13061,2024
정철원,16500.0,-0.20,-82583,두산 베어스,13071,2024
김강률,15000.0,1.64,9119,두산 베어스,10690,2024
박치국,13000.0,-0.15,-86277,두산 베어스,12850,2024
최승용,10200.0,0.11,91504,두산 베어스,14770,2024
이영하,10000.0,0.36,27768,두산 베어스,12568,2024
조수행,9500.0,1.83,5194,두산 베어스,12524,2024
김인태,9000.0,-0.40,-22487,두산 베어스,11098,2024
박계범,8500.0,-0.47,-18168,두산 베어스,11198,2024
이유찬,8500.0,0.73,11604,두산 베어스,12894,2024
박준영,7000.0,1.58,4436,두산 베어스,12522,2024
장승현,6000.0,-0.07,-83501,두산 베어스,11097,2024
김동주,5500.0,-0.31,-17809,두산 베어스,14769,2024
이승진,5500.0,-,-,두산 베어스,12678,2024
박정수,5500.0,0.06,87154,두산 베어스,11300,2024
안승한,5500.0,-0.01,-514952,두산 베어스,11328,2024
김민규,5000.0,0.66,7629,두산 베어스,13072,2024
양찬열,4000.0,0.09,42199,두산 베어스,14738,2024
김기연,4000.0,1.49,2689,두산 베어스,12549,2024
김민혁,3800.0,0.22,17536,두산 베어스,12970,2024
김대한,3700.0,-0.51,-7286,두산 베어스,14170,2024
박지훈,3600.0,-,-,두산 베어스,14736,2024
이병헌,3600.0,1.75,2060,두산 베어스,15099,2024
시라카와,3600.0,0.76,4715,두산 베어스,16148,2024
박신지,3500.0,0.15,22678,두산 베어스,13070,2024
전민재,3400.0,0.32,10606,두산 베어스,13073,2024
김태근,3400.0,-0.72,-4729,두산 베어스,14175,2024
서예일,3400.0,-0.01,-437733,두산 베어스,12523,2024
최지강,3400.0,1.01,3377,두산 베어스,15127,2024
이교훈,3300.0,-0.40,-8167,두산 베어스,14173,2024
박소준,3300.0,-0.07,-47751,두산 베어스,11491,2024
홍성호,3300.0,0.10,31759,두산 베어스,12606,2024
김호준,3100.0,-0.22,-14260,두산 베어스,13268,2024
백승우,8100.0,-,-,두산 베어스,15514,2024
김정우,3100.0,-0.01,-222415,두산 베어스,13124,2024
권민석,3100.0,-,-,두산 베어스,13079,2024
조제영,3100.0,-,-,두산 베어스,14732,2024
오명진,3100.0,0.01,261758,두산 베어스,14737,2024
김도윤,3100.0,0.00,-2232770,두산 베어스,14768,2024
최세창,3100.0,-,-,두산 베어스,14574,2024
문원,3000.0,-,-,두산 베어스,12848,2024
류현준,3000.0,0.15,19631,두산 베어스,16076,2024
김태완,3000.0,-,-,두산 베어스,16075,2024
손율기,3000.0,-,-,두산 베어스,16074,2024
김무빈,3000.0,-,-,두산 베어스,16073,2024
전다민,3000.0,0.35,8557,두산 베어스,16072,2024
박지호,3000.0,0.11,27911,두산 베어스,16071,2024
강태완,3000.0,-,-,두산 베어스,16070,2024
임종성,3000.0,-0.02,-130003,두산 베어스,16069,2024
여동건,3000.0,-0.02,-186306,두산 베어스,16068,2024
김택연,3000.0,2.97,1010,두산 베어스,16067,2024
전형근,3000.0,-,-,두산 베어스,14652,2024
장원호,3000.0,-,-,두산 베어스,16142,2024
강동형,3000.0,-,-,두산 베어스,15106,2024
윤태호,3000.0,-,-,두산 베어스,15104,2024
이원재,3000.0,-,-,두산 베어스,15101,2024
김동준,3000.0,-,-,두산 베어스,15100,2024
이민혁,3000.0,-,-,두산 베어스,14174,2024
양현진,3000.0,-,-,두산 베어스,14840,2024
권휘,3000.0,-0.05,-55129,두산 베어스,13665,2024
이상연,3000.0,-,-,두산 베어스,14836,2024
제환유,3000.0,-,-,두산 베어스,14573,2024
이주엽,3000.0,-,-,두산 베어스,14572,2024
남율,6000.0,-,-,두산 베어스,15517,2024
김문수,6000.0,-,-,두산 베어스,15516,2024
박민준,7000.0,-0.13,-22413,두산 베어스,15515,2024
장규빈,3000.0,0.00,-1208352,두산 베어스,14570,2024
강현구,3000.0,-,-,두산 베어스,14773,2024
최종인,3000.0,0.18,17066,두산 베어스,14733,2024
최준호,23000.0,1.21,2476,두산 베어스,15508,2024
김유성,18000.0,0.21,14316,두산 베어스,15509,2024
임서준,11000.0,-,-,두산 베어스,15511,2024
윤준호,10000.0,-0.07,-41257,두산 베어스,15512,2024
한충희,8000.0,-,-,두산 베어스,15513,2024
배창현,3000.0,-,-,두산 베어스,13074,2024
후라도,120000.0,6.13,19581,키움 히어로즈,15531,2024
이형종,68000.0,0.66,103358,키움 히어로즈,12516,2024
김혜성,65000.0,6.72,9677,키움 히어로즈,12905,2024
최주환,65000.0,0.35,184816,키움 히어로즈,10182,2024
헤이수스,78000.0,4.65,12907,키움 히어로즈,16138,2024
도슨,55000.0,3.42,16102,키움 히어로즈,15652,2024
원종현,50000.0,0.09,563411,키움 히어로즈,11161,2024
이원석,40000.0,-0.47,-84662,키움 히어로즈,10180,2024
조상우,34000.0,0.65,52414,키움 히어로즈,11126,2024
이용규,20000.0,1.54,12962,키움 히어로즈,10035,2024
정찬헌,20000.0,-0.01,-2847960,키움 히어로즈,10533,2024
김재웅,19000.0,0.38,49496,키움 히어로즈,12858,2024
송성문,13000.0,6.87,1892,키움 히어로즈,11376,2024
김태진,11000.0,0.89,12361,키움 히어로즈,11244,2024
김성민,9000.0,0.48,18900,키움 히어로즈,12918,2024
하영민,8000.0,2.95,2711,키움 히어로즈,11222,2024
문성현,7500.0,-0.12,-64581,키움 히어로즈,10437,2024
임지열,7200.0,-0.74,-9765,키움 히어로즈,11225,2024
김선기,7000.0,0.10,67435,키움 히어로즈,13092,2024
임병욱,7000.0,0.02,412726,키움 히어로즈,11226,2024
이주형,6600.0,2.51,2634,키움 히어로즈,14591,2024
김동혁,6000.0,-0.52,-11522,키움 히어로즈,14674,2024
이명종,6000.0,-0.17,-36311,키움 히어로즈,15073,2024
김재현,5500.0,0.10,57006,키움 히어로즈,10870,2024
김웅빈,5000.0,-0.40,-12581,키움 히어로즈,12503,2024
변상권,4800.0,0.24,19811,키움 히어로즈,13223,2024
김수환,4700.0,-0.10,-48994,키움 히어로즈,13096,2024
박승주,4500.0,0.02,281711,키움 히어로즈,12989,2024
김주형,4500.0,-0.08,-58698,키움 히어로즈,14214,2024
윤석원,4300.0,-0.31,-14096,키움 히어로즈,15071,2024
신준우,4200.0,0.00,5235680,키움 히어로즈,14695,2024
장재영,4000.0,-0.41,-9657,키움 히어로즈,14784,2024
오석주,4000.0,-0.32,-12697,키움 히어로즈,12860,2024
박수종,4000.0,0.25,15819,키움 히어로즈,15132,2024
박찬혁,4000.0,-,-,키움 히어로즈,15068,2024
김동헌,4000.0,-0.12,-34516,키움 히어로즈,15473,2024
윤정현,4000.0,-0.01,-316216,키움 히어로즈,14131,2024
조영건,4000.0,-0.52,-7628,키움 히어로즈,14132,2024
김준형,3700.0,-,-,키움 히어로즈,14848,2024
박주홍,3600.0,-0.24,-14893,키움 히어로즈,14580,2024
김시앙,3600.0,-0.05,-76364,키움 히어로즈,14851,2024
주성원,3500.0,0.01,375377,키움 히어로즈,14133,2024
김인범,3300.0,0.68,4864,키움 히어로즈,14480,2024
오상원,14300.0,-,-,키움 히어로즈,15474,2024
김병휘,3300.0,-0.34,-9846,키움 히어로즈,14577,2024
김건희,25200.0,0.60,5377,키움 히어로즈,15472,2024
주승우,3200.0,0.74,4312,키움 히어로즈,15067,2024
이종민,3200.0,-0.15,-21098,키움 히어로즈,14576,2024
김동규,3100.0,-0.01,-234222,키움 히어로즈,15485,2024
조성훈,3100.0,-,-,키움 히어로즈,13125,2024
이승원,10100.0,-0.96,-3239,키움 히어로즈,15476,2024
송재선,10100.0,-,-,키움 히어로즈,15477,2024
양지율,3000.0,0.07,40694,키움 히어로즈,12854,2024
박승호,3000.0,-,-,키움 히어로즈,16134,2024
박범준,3000.0,-0.11,-28239,키움 히어로즈,16133,2024
박채울,3000.0,-,-,키움 히어로즈,16132,2024
김지성,3000.0,-,-,키움 히어로즈,16131,2024
송지후,3000.0,0.04,73695,키움 히어로즈,16130,2024
김주훈,3000.0,-,-,키움 히어로즈,16129,2024
고영우,3000.0,-0.59,-5117,키움 히어로즈,16128,2024
김연주,3000.0,-0.13,-22558,키움 히어로즈,16127,2024
이우현,3000.0,-,-,키움 히어로즈,16126,2024
손현기,3000.0,-0.10,-29484,키움 히어로즈,16125,2024
이재상,3000.0,-1.20,-2497,키움 히어로즈,16124,2024
김윤하,3000.0,0.45,6688,키움 히어로즈,16123,2024
전준표,3000.0,-0.30,-10074,키움 히어로즈,16122,2024
심휘윤,3000.0,-0.01,-273154,키움 히어로즈,16135,2024
원성준,3000.0,-0.25,-11991,키움 히어로즈,16136,2024
노운현,3000.0,-,-,키움 히어로즈,15027,2024
주승빈,3000.0,-,-,키움 히어로즈,15072,2024
김동욱,3000.0,0.11,26713,키움 히어로즈,14681,2024
안겸,6000.0,-,-,키움 히어로즈,15482,2024
변헌성,7000.0,-,-,키움 히어로즈,15481,2024
이호열,7000.0,-,-,키움 히어로즈,15480,2024
박성빈,8000.0,-0.03,-101587,키움 히어로즈,15479,2024
우승원,8000.0,-,-,키움 히어로즈,15478,2024
박준형,3000.0,-0.25,-12108,키움 히어로즈,14211,2024
박윤성,12000.0,0.04,72014,키움 히어로즈,15475,2024
서유신,6000.0,-,-,키움 히어로즈,15483,2024
이명기,3000.0,-,-,키움 히어로즈,14212,2024
신효수,1500.0,-,-,키움 히어로즈,16137,2024
류현진,200000.0,2.77,72322,한화 이글스,10590,2025
폰세,130000.0,5.86,19116,한화 이글스,16313,2025
플로리얼,97500.0,1.96,50070,한화 이글스,16312,2025
엄상백,90000.0,-0.11,-783140,한화 이글스,11318,2025
와이스,84000.0,3.42,24584,한화 이글스,16153,2025
채은성,60000.0,1.73,34667,한화 이글스,11215,2025
안치홍,50000.0,-1.17,-42635,한화 이글스,10014,2025
최재훈,50000.0,2.62,19096,한화 이글스,10170,2025
심우준,50000.0,0.16,320587,한화 이글스,11334,2025
노시환,33000.0,1.97,16764,한화 이글스,14125,2025
리베라토,28700.0,1.18,24220,한화 이글스,16396,2025
이태양,27000.0,0.05,516439,한화 이글스,10609,2025
주현상,25000.0,-0.07,-358015,한화 이글스,11415,2025
박상원,22000.0,1.16,19041,한화 이글스,12871,2025
장시환,15000.0,-,-,한화 이글스,10453,2025
장민재,15000.0,-,-,한화 이글스,10610,2025
김태연,14600.0,0.25,58459,한화 이글스,12585,2025
김범수,14300.0,0.74,19196,한화 이글스,11411,2025
김민우,13000.0,-,-,한화 이글스,11410,2025
이도윤,11000.0,0.47,23199,한화 이글스,11414,2025
문동주,10000.0,2.30,4357,한화 이글스,15013,2025
이재원,10000.0,0.11,88731,한화 이글스,10082,2025
한승혁,9400.0,1.70,5519,한화 이글스,10812,2025
이민우,9400.0,-,-,한화 이글스,13003,2025
하주석,9000.0,2.03,4433,한화 이글스,10913,2025
문현빈,8800.0,1.74,5062,한화 이글스,15422,2025
황영묵,8300.0,0.34,24381,한화 이글스,16110,2025
윤대경,7000.0,-,-,한화 이글스,11110,2025
최인호,6800.0,0.15,44444,한화 이글스,14707,2025
이진영,6200.0,2.38,2605,한화 이글스,12539,2025
김기중,6000.0,0.31,19506,한화 이글스,14808,2025
김서현,5600.0,2.38,2353,한화 이글스,15421,2025
김인환,5500.0,-0.30,-18530,한화 이글스,12589,2025
김종수,5500.0,0.38,14456,한화 이글스,11117,2025
김규연,5300.0,-,-,한화 이글스,14871,2025
이원석,5000.0,1.23,4072,한화 이글스,13138,2025
이상규,4800.0,-0.23,-20767,한화 이글스,13245,2025
황준서,4500.0,0.71,6337,한화 이글스,16107,2025
박상언,4200.0,-,-,한화 이글스,12587,2025
배민서,4100.0,-,-,한화 이글스,14158,2025
조동욱,4000.0,1.26,3175,한화 이글스,16108,2025
권광민,3800.0,-0.12,-32057,한화 이글스,13676,2025
윤산흠,3800.0,-0.04,-103378,한화 이글스,14196,2025
임종찬,3700.0,-0.12,-31331,한화 이글스,14706,2025
박정현,3700.0,-0.02,-180849,한화 이글스,14704,2025
조한민,3600.0,-,-,한화 이글스,14210,2025
이상혁,3500.0,-0.36,-9610,한화 이글스,15139,2025
유로결,3500.0,-0.31,-11252,한화 이글스,14126,2025
장지수,3400.0,-,-,한화 이글스,14178,2025
이충호,3400.0,-,-,한화 이글스,11116,2025
배동현,3400.0,-,-,한화 이글스,14809,2025
허관회,3300.0,-,-,한화 이글스,14204,2025
박성웅,3300.0,-,-,한화 이글스,13136,2025
장규현,3300.0,0.06,52038,한화 이글스,14811,2025
김건,3200.0,-,-,한화 이글스,14209,2025
김승일,3200.0,-0.05,-62000,한화 이글스,14711,2025
송호정,3100.0,-,-,한화 이글스,14812,2025
정민규,3100.0,-,-,한화 이글스,14813,2025
한경빈,3100.0,-,-,한화 이글스,15633,2025
허인서,3100.0,0.10,29929,한화 이글스,15015,2025
김도빈,3100.0,-,-,한화 이글스,16118,2025
한지윤,3000.0,-,-,한화 이글스,16303,2025
권민규,3000.0,-0.03,-97063,한화 이글스,16302,2025
정우주,3000.0,0.08,37671,한화 이글스,16301,2025
배승수,3000.0,-,-,한화 이글스,16304,2025
박상현,3000.0,-,-,한화 이글스,16306,2025
이민재,3000.0,-0.17,-18171,한화 이글스,16311,2025
최주원,3000.0,-,-,한화 이글스,16310,2025
엄요셉,3000.0,-,-,한화 이글스,16309,2025
엄상현,3000.0,-,-,한화 이글스,16308,2025
이지성,3000.0,-,-,한화 이글스,16307,2025
이동영,3000.0,-,-,한화 이글스,16305,2025
이승현,3000.0,0.13,23411,한화 이글스,16372,2025
박준영,3000.0,-,-,한화 이글스,15014,2025
안진,3000.0,-,-,한화 이글스,14876,2025
문승진,3000.0,-,-,한화 이글스,14874,2025
유민,3000.0,-,-,한화 이글스,15016,2025
이성민,3000.0,-,-,한화 이글스,15019,2025
정이황,3000.0,-,-,한화 이글스,14127,2025
김범준,3000.0,-,-,한화 이글스,14710,2025
원종혁,3000.0,-0.04,-69660,한화 이글스,16114,2025
최준서,3000.0,-,-,한화 이글스,16112,2025
이기창,3000.0,-,-,한화 이글스,16111,2025
정안석,3000.0,-,-,한화 이글스,16109,2025
한서구,3000.0,-,-,한화 이글스,15426,2025
성지훈,3000.0,-,-,한화 이글스,15631,2025
신우재,3000.0,-,-,한화 이글스,16011,2025
박부성,0.0,-,-,한화 이글스,16373,2025
양선률,0.0,-,-,한화 이글스,14682,2025
오스틴,168000.0,3.05,55006,LG 트윈스,15532,2025
박동원,120000.0,4.38,27387,LG 트윈스,10387,2025
에르난데스,112000.0,0.92,121512,LG 트윈스,16160,2025
치리노스,130000.0,2.69,41679,LG 트윈스,16286,2025
홍창기,65000.0,0.73,88999,LG 트윈스,12546,2025
박해민,60000.0,3.29,18232,LG 트윈스,11190,2025
김현수,50000.0,2.43,20606,LG 트윈스,10187,2025
문보경,41000.0,3.58,11468,LG 트윈스,14137,2025
김진성,33000.0,-0.04,-817072,LG 트윈스,11166,2025
오지환,30000.0,1.32,22660,LG 트윈스,10475,2025
이정용,27000.0,0.22,124346,LG 트윈스,14134,2025
유영찬,21000.0,-0.08,-252431,LG 트윈스,14669,2025
임찬규,20000.0,3.36,5953,LG 트윈스,10652,2025
함덕주,20000.0,-0.04,-454960,LG 트윈스,11094,2025
장현식,20000.0,0.92,21641,LG 트윈스,11164,2025
신민재,20000.0,1.20,16654,LG 트윈스,13056,2025
정우영,18000.0,-0.07,-271651,LG 트윈스,14136,2025
문성주,18000.0,2.26,7972,LG 트윈스,13112,2025
손주영,17200.0,1.59,10815,LG 트윈스,12908,2025
구본혁,13500.0,2.41,5605,LG 트윈스,14140,2025
최채흥,13000.0,-0.18,-70348,LG 트윈스,13156,2025
김유영,10500.0,-0.11,-93816,LG 트윈스,11229,2025
이우찬,10000.0,0.38,26465,LG 트윈스,10749,2025
김강률,10000.0,0.32,31099,LG 트윈스,10690,2025
이지강,8300.0,-0.12,-69809,LG 트윈스,14143,2025
심창민,8000.0,-,-,LG 트윈스,10720,2025
김준태,7500.0,-,-,LG 트윈스,10835,2025
김대현,7500.0,-,-,LG 트윈스,12532,2025
천성호,7100.0,1.19,5948,LG 트윈스,14606,2025
백승현,7000.0,0.33,20986,LG 트윈스,13009,2025
이영빈,6000.0,-0.01,-476395,LG 트윈스,14783,2025
박명근,6000.0,0.16,36428,LG 트윈스,15486,2025
김민수,6000.0,-0.04,-170731,LG 트윈스,12931,2025
안익훈,5200.0,-,-,LG 트윈스,11347,2025
김범석,4700.0,-,-,LG 트윈스,15484,2025
배재준,4500.0,0.02,264111,LG 트윈스,12697,2025
최승민,4300.0,-0.02,-213979,LG 트윈스,14187,2025
김영준,4200.0,-,-,LG 트윈스,13102,2025
이종준,4200.0,-,-,LG 트윈스,14651,2025
최원영,4000.0,0.60,6656,LG 트윈스,15084,2025
우강훈,3600.0,-0.01,-342176,LG 트윈스,14816,2025
김진수,3600.0,-,-,LG 트윈스,14781,2025
송승기,3600.0,2.80,1286,LG 트윈스,14846,2025
정지헌,3500.0,-,-,LG 트윈스,16017,2025
송찬의,3500.0,0.43,8135,LG 트윈스,13109,2025
김주성,3500.0,0.11,33306,LG 트윈스,12545,2025
성동현,3400.0,-0.21,-16581,LG 트윈스,13103,2025
진우영,3400.0,-,-,LG 트윈스,16015,2025
허준혁,3300.0,-,-,LG 트윈스,15083,2025
이주헌,3300.0,0.72,4592,LG 트윈스,15081,2025
김성진,3300.0,-,-,LG 트윈스,14141,2025
김현종,3200.0,-,-,LG 트윈스,16013,2025
함창건,3200.0,0.19,16931,LG 트윈스,14680,2025
손용준,3100.0,-0.22,-14023,LG 트윈스,16014,2025
문정빈,3100.0,0.14,22267,LG 트윈스,15086,2025
김수인,3100.0,-,-,LG 트윈스,14675,2025
김성우,3100.0,0.01,364849,LG 트윈스,15085,2025
김의준,3100.0,-,-,LG 트윈스,13108,2025
안시후,3000.0,-,-,LG 트윈스,16283,2025
우정안,3000.0,-,-,LG 트윈스,16282,2025
김종운,3000.0,-0.04,-76979,LG 트윈스,16281,2025
박시원,3000.0,0.04,76411,LG 트윈스,16280,2025
박건우,3000.0,-,-,LG 트윈스,16389,2025
박관우,3000.0,-0.01,-281397,LG 트윈스,16279,2025
서영준,3000.0,-,-,LG 트윈스,16278,2025
이태훈,3000.0,-,-,LG 트윈스,16277,2025
이한림,3000.0,-,-,LG 트윈스,16276,2025
추세현,3000.0,-,-,LG 트윈스,16275,2025
김영우,3000.0,0.37,8063,LG 트윈스,16274,2025
고영웅,3000.0,-,-,LG 트윈스,16284,2025
성준서,3000.0,-,-,LG 트윈스,16285,2025
박민호,3000.0,-,-,LG 트윈스,14845,2025
조건희,3000.0,-,-,LG 트윈스,14782,2025
백선기,3000.0,-,-,LG 트윈스,13174,2025
전경원,3000.0,-,-,LG 트윈스,13129,2025
김주온,3000.0,-0.02,-142368,LG 트윈스,13057,2025
허용주,3000.0,-,-,LG 트윈스,15491,2025
심규빈,3000.0,-,-,LG 트윈스,16022,2025
김도윤,3000.0,-,-,LG 트윈스,16021,2025
코엔 윈,1600.0,-0.13,-12502,LG 트윈스,15265,2025
김웅,0.0,-,-,LG 트윈스,16388,2025
박세웅,135000.0,1.51,89584,롯데 자이언츠,11310,2025
반즈,133000.0,0.29,462866,롯데 자이언츠,15011,2025
레이예스,112000.0,3.26,34365,롯데 자이언츠,16106,2025
김원중,110000.0,1.86,59103,롯데 자이언츠,10825,2025
유강남,110000.0,1.78,61710,롯데 자이언츠,10753,2025
한현희,100000.0,0.09,1127913,롯데 자이언츠,10863,2025
데이비슨,110500.0,3.46,20222,롯데 자이언츠,16273,2025
노진혁,70000.0,-,-,롯데 자이언츠,11165,2025
전준우,40000.0,1.22,32687,롯데 자이언츠,10266,2025
감보아,35000.0,2.11,16610,롯데 자이언츠,16391,2025
구승민,30000.0,-0.15,-205634,롯데 자이언츠,11291,2025
김상수,24000.0,-0.48,-50124,롯데 자이언츠,10427,2025
윤동희,20000.0,2.32,8627,롯데 자이언츠,15048,2025
정훈,20000.0,0.25,80977,롯데 자이언츠,10253,2025
김민성,20000.0,-0.29,-68250,롯데 자이언츠,10238,2025
고승민,18500.0,2.28,8114,롯데 자이언츠,14160,2025
박승욱,17000.0,-0.17,-100979,롯데 자이언츠,10804,2025
황성빈,15500.0,0.44,35095,롯데 자이언츠,14642,2025
손호영,12500.0,0.09,143332,롯데 자이언츠,14590,2025
나승엽,12000.0,0.05,237709,롯데 자이언츠,14797,2025
나균안,12000.0,1.62,7411,롯데 자이언츠,12930,2025
정철원,12000.0,0.83,14456,롯데 자이언츠,13071,2025
최준용,11000.0,0.29,38257,롯데 자이언츠,14624,2025
김진욱,10000.0,-0.58,-17198,롯데 자이언츠,14792,2025
정보근,7700.0,0.13,59778,롯데 자이언츠,13154,2025
전민재,7500.0,0.55,13657,롯데 자이언츠,13073,2025
진해수,7000.0,-,-,롯데 자이언츠,10075,2025
손성빈,6800.0,0.01,714076,롯데 자이언츠,14796,2025
박진,6000.0,-0.37,-16028,롯데 자이언츠,14163,2025
박진형,5600.0,-0.06,-89812,롯데 자이언츠,11425,2025
심재민,5400.0,0.05,113467,롯데 자이언츠,11311,2025
최항,5000.0,-0.03,-184891,롯데 자이언츠,10810,2025
박시영,5000.0,-0.26,-19235,롯데 자이언츠,10737,2025
신윤후,4800.0,-,-,롯데 자이언츠,14169,2025
장두성,4600.0,1.53,3006,롯데 자이언츠,13155,2025
진승현,4000.0,-,-,롯데 자이언츠,15047,2025
이민석,4000.0,1.40,2862,롯데 자이언츠,15045,2025
김도규,4000.0,-,-,롯데 자이언츠,13148,2025
조세진,4000.0,-0.15,-26546,롯데 자이언츠,15046,2025
김강현,4000.0,0.81,4925,롯데 자이언츠,12699,2025
정현수,4000.0,0.58,6878,롯데 자이언츠,16090,2025
한태양,3800.0,0.80,4734,롯데 자이언츠,15051,2025
박세진,3700.0,-,-,롯데 자이언츠,12572,2025
서동욱,3500.0,-,-,롯데 자이언츠,15624,2025
김동혁,3300.0,1.21,2733,롯데 자이언츠,15645,2025
현도훈,3300.0,-,-,롯데 자이언츠,13271,2025
정우준,3200.0,0.06,52623,롯데 자이언츠,14795,2025
송재영,3200.0,0.05,58439,롯데 자이언츠,14794,2025
이주찬,3200.0,-,-,롯데 자이언츠,14819,2025
이호준,3100.0,0.18,17000,롯데 자이언츠,16091,2025
백두산,3100.0,-,-,롯데 자이언츠,16101,2025
강성우,3100.0,-0.04,-73810,롯데 자이언츠,16093,2025
윤성빈,3100.0,-0.19,-16204,롯데 자이언츠,12928,2025
박준우,3100.0,-0.23,-13513,롯데 자이언츠,16092,2025
강승구,3100.0,-,-,롯데 자이언츠,16102,2025
이인한,3100.0,0.01,465161,롯데 자이언츠,14690,2025
신병률,3100.0,-,-,롯데 자이언츠,13173,2025
홍민기,3100.0,1.16,2674,롯데 자이언츠,14625,2025
김태현,3000.0,-,-,롯데 자이언츠,16263,2025
김태균,3000.0,-,-,롯데 자이언츠,16271,2025
한승현,3000.0,0.01,321175,롯데 자이언츠,16270,2025
최민규,3000.0,-,-,롯데 자이언츠,16269,2025
이영재,3000.0,-0.01,-256990,롯데 자이언츠,16268,2025
김동현,3000.0,-,-,롯데 자이언츠,16267,2025
박재엽,3000.0,0.21,14523,롯데 자이언츠,16266,2025
김현우,3000.0,-,-,롯데 자이언츠,16265,2025
박세현,3000.0,-0.16,-19274,롯데 자이언츠,16264,2025
조영우,3000.0,-,-,롯데 자이언츠,16272,2025
박찬형,3000.0,-0.09,-34679,롯데 자이언츠,16395,2025
이태경,3000.0,-0.01,-211953,롯데 자이언츠,16377,2025
이병준,3000.0,-,-,롯데 자이언츠,14817,2025
엄장윤,3000.0,-,-,롯데 자이언츠,15052,2025
김동규,3000.0,-,-,롯데 자이언츠,14165,2025
김대현,3000.0,-,-,롯데 자이언츠,16104,2025
배세종,3000.0,-,-,롯데 자이언츠,16100,2025
박준기,0.0,-,-,롯데 자이언츠,16379,2025
오창현,0.0,-,-,롯데 자이언츠,16383,2025
박지훈,0.0,-,-,롯데 자이언츠,16382,2025
유태웅,0.0,-,-,롯데 자이언츠,16376,2025
박건우,0.0,-,-,롯데 자이언츠,16378,2025
이상화,0.0,-,-,롯데 자이언츠,16380,2025
정선우,0.0,-,-,롯데 자이언츠,16381,2025
네일,168000.0,4.86,34546,KIA 타이거즈,16088,2025
위즈덤,130000.0,3.59,31218,KIA 타이거즈,16262,2025
최형우,100000.0,3.86,25915,KIA 타이거즈,10344,2025
올러,104000.0,3.09,27166,KIA 타이거즈,16261,2025
나성범,80000.0,-0.23,-352822,KIA 타이거즈,11162,2025
김태군,70000.0,1.27,54987,KIA 타이거즈,10459,2025
김선빈,60000.0,0.89,67790,KIA 타이거즈,10008,2025
김도영,50000.0,1.70,29397,KIA 타이거즈,15056,2025
양현종,50000.0,0.75,66395,KIA 타이거즈,10058,2025
박찬호,45000.0,3.27,13781,KIA 타이거즈,11261,2025
최원준,40000.0,-0.94,-42739,KIA 타이거즈,12534,2025
조상우,40000.0,0.68,58892,KIA 타이거즈,11126,2025
정해영,36000.0,0.17,213937,KIA 타이거즈,14608,2025
임기영,30000.0,-0.22,-138590,KIA 타이거즈,10909,2025
전상현,30000.0,0.91,33036,KIA 타이거즈,12537,2025
이의리,17000.0,0.07,249408,KIA 타이거즈,14788,2025
이우성,17000.0,-0.48,-35249,KIA 타이거즈,11099,2025
이준영,17000.0,-0.06,-295854,KIA 타이거즈,11303,2025
고종욱,15000.0,0.88,17112,KIA 타이거즈,10659,2025
한준수,14000.0,0.80,17474,KIA 타이거즈,13113,2025
이창진,14000.0,-0.07,-186976,KIA 타이거즈,11233,2025
서건창,12000.0,0.00,4244047,KIA 타이거즈,10855,2025
김대유,12000.0,-0.08,-143534,KIA 타이거즈,10706,2025
윤영철,12000.0,0.31,38969,KIA 타이거즈,15432,2025
곽도규,12000.0,-0.13,-90111,KIA 타이거즈,15435,2025
최지민,12000.0,0.36,32996,KIA 타이거즈,15057,2025
황동하,10000.0,-0.07,-151808,KIA 타이거즈,15063,2025
김도현,9000.0,2.23,4031,KIA 타이거즈,14128,2025
변우혁,8500.0,0.10,84841,KIA 타이거즈,14124,2025
김호령,8000.0,1.04,7713,KIA 타이거즈,11298,2025
박준표,7500.0,-,-,KIA 타이거즈,11070,2025
황대인,7000.0,0.06,122598,KIA 타이거즈,11306,2025
김규성,6500.0,0.99,6557,KIA 타이거즈,12540,2025
한승택,6500.0,0.12,52126,KIA 타이거즈,11119,2025
홍종표,6500.0,0.31,21309,KIA 타이거즈,14612,2025
이형범,6500.0,-0.30,-21579,KIA 타이거즈,11159,2025
박정우,6500.0,0.51,12672,KIA 타이거즈,12869,2025
윤중현,6000.0,0.05,129886,KIA 타이거즈,13122,2025
김기훈,5500.0,0.03,170723,KIA 타이거즈,14176,2025
김승현,4600.0,-,-,KIA 타이거즈,12637,2025
김현수,4500.0,0.11,40826,KIA 타이거즈,14162,2025
김건국,4500.0,-0.19,-23985,KIA 타이거즈,12944,2025
최정용,4500.0,-0.03,-160746,KIA 타이거즈,11407,2025
주효상,4400.0,-,-,KIA 타이거즈,12567,2025
김사윤,4000.0,-,-,KIA 타이거즈,11364,2025
김석환,4000.0,0.09,43648,KIA 타이거즈,12917,2025
예진원,4000.0,-,-,KIA 타이거즈,13093,2025
유승철,3800.0,0.02,204429,KIA 타이거즈,12914,2025
박민,3800.0,0.20,19397,KIA 타이거즈,14611,2025
장민기,3500.0,-,-,KIA 타이거즈,14789,2025
오선우,3400.0,1.02,3346,KIA 타이거즈,14181,2025
유지성,3200.0,-,-,KIA 타이거즈,14607,2025
윤도현,3200.0,0.34,9469,KIA 타이거즈,15058,2025
김민재,3100.0,0.08,36756,KIA 타이거즈,16083,2025
김민주,3100.0,-0.07,-43415,KIA 타이거즈,16082,2025
김두현,3100.0,-,-,KIA 타이거즈,16086,2025
박건우,3100.0,-,-,KIA 타이거즈,14786,2025
정해원,3100.0,0.19,16586,KIA 타이거즈,15433,2025
장재혁,3100.0,-0.02,-171830,KIA 타이거즈,14657,2025
박헌,3000.0,-,-,KIA 타이거즈,16260,2025
이성원,3000.0,-,-,KIA 타이거즈,16259,2025
엄준현,3000.0,-,-,KIA 타이거즈,16258,2025
김정엽,3000.0,-,-,KIA 타이거즈,16254,2025
박재현,3000.0,-0.70,-4310,KIA 타이거즈,16252,2025
이호민,3000.0,0.15,20619,KIA 타이거즈,16251,2025
김태형,3000.0,0.09,31955,KIA 타이거즈,16250,2025
임다온,3000.0,-,-,KIA 타이거즈,16257,2025
나연우,3000.0,-,-,KIA 타이거즈,16256,2025
최건희,3000.0,-,-,KIA 타이거즈,16255,2025
양수호,3000.0,-,-,KIA 타이거즈,16253,2025
이영재,3000.0,-,-,KIA 타이거즈,14826,2025
장시현,3000.0,-,-,KIA 타이거즈,14824,2025
이준범,3000.0,-,-,KIA 타이거즈,14823,2025
신명승,3000.0,-,-,KIA 타이거즈,15065,2025
홍원빈,3000.0,-0.05,-66412,KIA 타이거즈,14177,2025
강이준,3000.0,-,-,KIA 타이거즈,12866,2025
오정환,3000.0,-,-,KIA 타이거즈,13117,2025
조대현,3000.0,-,-,KIA 타이거즈,16077,2025
성영탁,3000.0,0.96,3130,KIA 타이거즈,16085,2025
강민제,3000.0,-,-,KIA 타이거즈,16084,2025
강동훈,3000.0,-,-,KIA 타이거즈,16080,2025
이상준,3000.0,-,-,KIA 타이거즈,16078,2025
김재현,3000.0,-,-,KIA 타이거즈,15440,2025
박상준,3000.0,-,-,KIA 타이거즈,15125,2025
이도현,3000.0,-0.10,-28644,KIA 타이거즈,15437,2025
로하스,210000.0,1.48,141707,KT 위즈,12995,2025
고영표,200000.0,3.08,64884,KT 위즈,11308,2025
쿠에바스,140000.0,0.42,329505,KT 위즈,13942,2025
헤이수스,130000.0,1.95,57568,KT 위즈,16138,2025
강백호,70000.0,0.36,196578,KT 위즈,13168,2025
황재균,50000.0,1.05,47432,KT 위즈,10407,2025
장성우,50000.0,1.94,25726,KT 위즈,10235,2025
패트릭,38400.0,0.27,141753,KT 위즈,16401,2025
배정대,34000.0,0.63,53961,KT 위즈,11212,2025
김상수,30000.0,1.32,22658,KT 위즈,10320,2025
김민혁,30000.0,0.28,105994,KT 위즈,11339,2025
허경민,30000.0,0.73,41374,KT 위즈,10184,2025
배제성,25000.0,0.56,44454,KT 위즈,11394,2025
박영현,24000.0,0.14,175773,KT 위즈,15089,2025
소형준,22000.0,3.54,6223,KT 위즈,14600,2025
김민수,21000.0,0.28,74741,KT 위즈,11317,2025
주권,20000.0,0.17,114781,KT 위즈,11323,2025
우규민,20000.0,0.68,29223,KT 위즈,10523,2025
문상철,17000.0,0.40,42459,KT 위즈,11333,2025
오윤석,16000.0,0.58,27597,KT 위즈,11397,2025
오재일,15000.0,-,-,KT 위즈,10400,2025
오원석,14000.0,3.39,4129,KT 위즈,14581,2025
장진혁,11500.0,0.04,296361,KT 위즈,12583,2025
최동환,11000.0,-0.22,-49433,KT 위즈,10535,2025
손동현,10000.0,1.51,6626,KT 위즈,14108,2025
이호연,7000.0,0.22,32493,KT 위즈,13151,2025
이정훈,6500.0,0.70,9311,KT 위즈,12916,2025
송민섭,6000.0,0.03,239900,KT 위즈,11342,2025
이상동,5900.0,0.53,11041,KT 위즈,14109,2025
문용익,5800.0,0.07,78480,KT 위즈,12885,2025
조이현,5700.0,0.18,32166,KT 위즈,11284,2025
임준형,5500.0,-0.06,-92223,KT 위즈,14142,2025
장준원,5100.0,-0.41,-12516,KT 위즈,11214,2025
강현우,5000.0,0.14,34995,KT 위즈,14603,2025
이채호,5000.0,-0.04,-129878,KT 위즈,13130,2025
권동진,4600.0,0.67,6860,KT 위즈,14777,2025
안치영,4500.0,-0.03,-175754,KT 위즈,13006,2025
조대현,4300.0,0.32,13611,KT 위즈,13177,2025
원상현,4000.0,0.93,4310,KT 위즈,16027,2025
이선우,3800.0,-,-,KT 위즈,14111,2025
강민성,3700.0,-0.52,-7166,KT 위즈,14191,2025
전용주,3600.0,0.45,8052,KT 위즈,14106,2025
성재헌,3600.0,-,-,KT 위즈,14667,2025
김병준,3600.0,-0.02,-206761,KT 위즈,15097,2025
육청명,3500.0,-,-,KT 위즈,16028,2025
강건,3500.0,-0.10,-35100,KT 위즈,15527,2025
김태오,3500.0,-,-,KT 위즈,12577,2025
한차현,3500.0,-0.03,-109845,KT 위즈,14776,2025
이정현,3500.0,-0.05,-70646,KT 위즈,12937,2025
윤준혁,3500.0,-0.16,-22180,KT 위즈,14605,2025
박민석,3400.0,0.22,15283,KT 위즈,14110,2025
안현민,3300.0,5.04,655,KT 위즈,15092,2025
김건형,3300.0,-0.07,-44306,KT 위즈,14779,2025
최성민,3200.0,0.09,33917,KT 위즈,14870,2025
지명성,3200.0,-,-,KT 위즈,14775,2025
문상준,3100.0,-,-,KT 위즈,14720,2025
이상우,3100.0,-,-,KT 위즈,15090,2025
박준혁,3000.0,-,-,KT 위즈,16354,2025
박민석,3000.0,-,-,KT 위즈,16355,2025
오서진,3000.0,-0.03,-90460,KT 위즈,16356,2025
이용현,3000.0,-,-,KT 위즈,16357,2025
윤상인,3000.0,-,-,KT 위즈,16358,2025
이정환,3000.0,-,-,KT 위즈,16359,2025
정영웅,3000.0,-,-,KT 위즈,16360,2025
김동현,3000.0,-,-,KT 위즈,16351,2025
박건우,3000.0,-,-,KT 위즈,16352,2025
김재원,3000.0,-0.05,-61824,KT 위즈,16353,2025
이승준,3000.0,-,-,KT 위즈,16361,2025
김주완,3000.0,-,-,KT 위즈,14833,2025
권성준,3000.0,-,-,KT 위즈,15096,2025
최동희,3000.0,-,-,KT 위즈,15094,2025
우종휘,3000.0,-,-,KT 위즈,15093,2025
한지웅,3000.0,-,-,KT 위즈,15091,2025
유준규,3000.0,-0.31,-9761,KT 위즈,14778,2025
신범준,3000.0,-,-,KT 위즈,14774,2025
이태규,3000.0,-,-,KT 위즈,14179,2025
김철호,3000.0,-,-,KT 위즈,13083,2025
유호식,3000.0,-,-,KT 위즈,13127,2025
최용준,3000.0,0.23,12959,KT 위즈,14658,2025
이종혁,3000.0,-,-,KT 위즈,12938,2025
이현민,3000.0,-,-,KT 위즈,16159,2025
이준명,3000.0,-,-,KT 위즈,15526,2025
이승언,3000.0,-,-,KT 위즈,16036,2025
김민석,3000.0,0.00,4654518,KT 위즈,16035,2025
이승현,3000.0,-,-,KT 위즈,16034,2025
박태완,3000.0,-,-,KT 위즈,16033,2025
신호준,3000.0,-,-,KT 위즈,16031,2025
장민호,0.0,-,-,KT 위즈,16386,2025
정운교,0.0,-,-,KT 위즈,16387,2025
구자욱,200000.0,1.81,110724,삼성 라이온즈,10892,2025
레예스,98000.0,1.12,87890,삼성 라이온즈,15861,2025
후라도,130000.0,4.40,22295,삼성 라이온즈,15531,2025
오승환,80000.0,-0.12,-654557,삼성 라이온즈,10367,2025
김재윤,80000.0,-0.39,-202678,삼성 라이온즈,11489,2025
디아즈,70000.0,3.83,18292,삼성 라이온즈,16162,2025
원태인,63000.0,2.93,21496,삼성 라이온즈,14113,2025
류지혁,60000.0,2.04,29362,삼성 라이온즈,10894,2025
가라비토,49000.0,0.98,49849,삼성 라이온즈,16397,2025
강민호,40000.0,2.28,17568,삼성 라이온즈,10232,2025
백정현,40000.0,1.33,30120,삼성 라이온즈,10363,2025
박병호,38000.0,0.85,44675,삼성 라이온즈,10470,2025
김지찬,28000.0,-0.14,-207150,삼성 라이온즈,14618,2025
김태훈,24000.0,0.94,25437,삼성 라이온즈,10871,2025
이승현,24000.0,-0.21,-112626,삼성 라이온즈,10527,2025
이재현,21000.0,3.59,5856,삼성 라이온즈,15034,2025
최원태,20000.0,1.51,13222,삼성 라이온즈,11379,2025
임창민,20000.0,-0.17,-116575,삼성 라이온즈,10452,2025
최지광,17000.0,-,-,삼성 라이온즈,12934,2025
김영웅,15000.0,1.34,11225,삼성 라이온즈,15035,2025
이성규,13000.0,0.54,24082,삼성 라이온즈,12562,2025
이승현,12000.0,1.64,7305,삼성 라이온즈,14798,2025
김헌곤,10000.0,-0.10,-104275,삼성 라이온즈,10640,2025
김대우,10000.0,-,-,삼성 라이온즈,10685,2025
이상민,8500.0,0.04,205055,삼성 라이온즈,11169,2025
최성훈,7800.0,-,-,삼성 라이온즈,10851,2025
전병우,7500.0,0.64,11687,삼성 라이온즈,11422,2025
윤정빈,7400.0,-0.81,-9095,삼성 라이온즈,13161,2025
김성윤,7000.0,2.66,2631,삼성 라이온즈,12936,2025
김무신,7000.0,-,-,삼성 라이온즈,13162,2025
강한울,7000.0,-,-,삼성 라이온즈,11255,2025
안주형,7000.0,-0.30,-23584,삼성 라이온즈,12988,2025
양현,7000.0,-,-,삼성 라이온즈,10730,2025
이병헌,6500.0,-0.14,-45452,삼성 라이온즈,14117,2025
황동재,6200.0,0.01,691337,삼성 라이온즈,14615,2025
이재익,6200.0,-,-,삼성 라이온즈,13244,2025
최하늘,6000.0,-,-,삼성 라이온즈,13152,2025
송은범,6000.0,0.05,115486,삼성 라이온즈,10137,2025
김재성,5500.0,-0.46,-11838,삼성 라이온즈,11344,2025
박승규,5200.0,0.41,12597,삼성 라이온즈,14122,2025
이승민,5000.0,-0.02,-259180,삼성 라이온즈,14616,2025
양창섭,4800.0,0.09,54531,삼성 라이온즈,13157,2025
김도환,4700.0,0.03,166412,삼성 라이온즈,14115,2025
김민수,4600.0,-,-,삼성 라이온즈,11266,2025
김태훈,4500.0,0.06,69700,삼성 라이온즈,11336,2025
홍현빈,4500.0,-0.01,-328541,삼성 라이온즈,12941,2025
김태근,4500.0,0.02,218111,삼성 라이온즈,14175,2025
최충연,4500.0,-,-,삼성 라이온즈,12530,2025
공민규,4300.0,-,-,삼성 라이온즈,13164,2025
이해승,4200.0,0.00,950033,삼성 라이온즈,14121,2025
이호성,4000.0,0.08,47478,삼성 라이온즈,15496,2025
양우현,4000.0,0.01,443588,삼성 라이온즈,14116,2025
박주혁,3800.0,-,-,삼성 라이온즈,14668,2025
이재희,3600.0,0.35,10394,삼성 라이온즈,14799,2025
홍원표,3550.0,-,-,삼성 라이온즈,14614,2025
양도근,3500.0,1.54,2269,삼성 라이온즈,15875,2025
육선엽,3500.0,0.17,20862,삼성 라이온즈,15864,2025
김재혁,3500.0,-0.17,-20945,삼성 라이온즈,15036,2025
조민성,3400.0,-,-,삼성 라이온즈,15040,2025
이창용,3300.0,-0.02,-203121,삼성 라이온즈,14866,2025
오현석,3300.0,-,-,삼성 라이온즈,14801,2025
김대호,3300.0,0.18,18360,삼성 라이온즈,15882,2025
김호진,3250.0,0.00,-3091469,삼성 라이온즈,15868,2025
김동현,3200.0,-,-,삼성 라이온즈,15874,2025
이현준,3200.0,-,-,삼성 라이온즈,15870,2025
김성경,3200.0,-,-,삼성 라이온즈,15867,2025
박장민,3100.0,-,-,삼성 라이온즈,15506,2025
박진우,3100.0,-,-,삼성 라이온즈,15507,2025
배찬승,3000.0,0.10,29962,삼성 라이온즈,16239,2025
심재훈,3000.0,-0.03,-105791,삼성 라이온즈,16240,2025
홍준영,3000.0,-,-,삼성 라이온즈,16245,2025
천겸,3000.0,-,-,삼성 라이온즈,16246,2025
우승완,3000.0,-,-,삼성 라이온즈,16247,2025
강민성,3000.0,-,-,삼성 라이온즈,16248,2025
차승준,3000.0,-,-,삼성 라이온즈,16241,2025
함수호,3000.0,-0.02,-158567,삼성 라이온즈,16242,2025
권현우,3000.0,-,-,삼성 라이온즈,16243,2025
이진용,3000.0,-,-,삼성 라이온즈,16244,2025
진희성,3000.0,-,-,삼성 라이온즈,16249,2025
주한울,3000.0,-,-,삼성 라이온즈,14802,2025
차동영,3000.0,-,-,삼성 라이온즈,15037,2025
신경민,3000.0,-,-,삼성 라이온즈,15869,2025
유병선,3000.0,-,-,삼성 라이온즈,15873,2025
박준용,3000.0,-,-,삼성 라이온즈,15865,2025
정민성,3000.0,-0.06,-48093,삼성 라이온즈,15866,2025
김백산,0.0,-,-,삼성 라이온즈,16368,2025
김유현,0.0,-,-,삼성 라이온즈,16369,2025
최예한,0.0,-,-,삼성 라이온즈,16370,2025
김상준,0.0,-,-,삼성 라이온즈,16371,2025
김광현,300000.0,2.18,137692,SSG 랜더스,10126,2025
에레디아,224000.0,1.22,184174,SSG 랜더스,15530,2025
최정,170000.0,0.24,723057,SSG 랜더스,10106,2025
앤더슨,161000.0,4.51,35687,SSG 랜더스,16146,2025
화이트,130000.0,3.30,42485,SSG 랜더스,16324,2025
박종훈,110000.0,-0.04,-2869987,SSG 랜더스,10131,2025
한유섬,90000.0,1.23,73304,SSG 랜더스,10815,2025
문승원,80000.0,1.07,75038,SSG 랜더스,10783,2025
노경은,40000.0,1.18,33788,SSG 랜더스,10203,2025
서진용,38000.0,-0.01,-3094841,SSG 랜더스,10784,2025
박성한,37000.0,3.83,9665,SSG 랜더스,12922,2025
최지훈,30000.0,1.22,24560,SSG 랜더스,14587,2025
김민식,25000.0,-,-,SSG 랜더스,10707,2025
김택형,20500.0,0.31,67162,SSG 랜더스,11373,2025
오태곤,15000.0,0.22,68345,SSG 랜더스,10249,2025
이지영,15000.0,-0.22,-69485,SSG 랜더스,10312,2025
김성현,15000.0,0.37,40774,SSG 랜더스,10636,2025
조병현,13500.0,2.29,5903,SSG 랜더스,14805,2025
장지훈,13000.0,-,-,SSG 랜더스,14804,2025
김민,11000.0,0.51,21779,SSG 랜더스,13167,2025
맥브룸,10500.0,-0.05,-229338,SSG 랜더스,16390,2025
최민준,10000.0,0.60,16674,SSG 랜더스,13126,2025
김성욱,10000.0,-0.46,-21957,SSG 랜더스,11153,2025
하재훈,9000.0,-0.29,-31460,SSG 랜더스,14147,2025
한두솔,8000.0,0.03,269755,SSG 랜더스,13228,2025
고명준,8000.0,1.18,6807,SSG 랜더스,14807,2025
정준재,7500.0,0.80,9390,SSG 랜더스,16042,2025
이로운,7400.0,1.87,3953,SSG 랜더스,15461,2025
박지환,6200.0,-0.85,-7321,SSG 랜더스,16038,2025
송영진,5500.0,0.14,38356,SSG 랜더스,15462,2025
조형우,4000.0,0.77,5223,SSG 랜더스,14806,2025
신헌민,3300.0,-,-,SSG 랜더스,15024,2025
허진,3200.0,-,-,SSG 랜더스,16139,2025
최준우,3200.0,0.12,27001,SSG 랜더스,13128,2025
김찬형,3200.0,-0.40,-8079,SSG 랜더스,12622,2025
안상현,3200.0,-0.34,-9362,SSG 랜더스,12613,2025
백승건,3200.0,-,-,SSG 랜더스,14145,2025
이건욱,3200.0,-,-,SSG 랜더스,11242,2025
김수윤,3200.0,-0.14,-22714,SSG 랜더스,12903,2025
최상민,3200.0,-0.08,-38354,SSG 랜더스,13195,2025
이정범,3200.0,-,-,SSG 랜더스,13194,2025
박대온,3200.0,-,-,SSG 랜더스,11246,2025
전영준,3200.0,0.72,4459,SSG 랜더스,15032,2025
신범수,3200.0,0.32,9932,SSG 랜더스,12541,2025
김태윤,3100.0,0.02,128864,SSG 랜더스,15030,2025
박시후,3100.0,0.31,9982,SSG 랜더스,14687,2025
박성빈,3100.0,-,-,SSG 랜더스,16044,2025
김창평,3100.0,0.00,679454,SSG 랜더스,14146,2025
류효승,3100.0,-,-,SSG 랜더스,14586,2025
석정우,3100.0,-0.35,-8882,SSG 랜더스,15121,2025
장현진,3000.0,-,-,SSG 랜더스,16400,2025
이원준,3000.0,-,-,SSG 랜더스,16317,2025
최윤석,3000.0,-,-,SSG 랜더스,16318,2025
천범석,3000.0,-,-,SSG 랜더스,16316,2025
신지환,3000.0,-,-,SSG 랜더스,16315,2025
이율예,3000.0,-0.04,-73688,SSG 랜더스,16314,2025
김현재,3000.0,-,-,SSG 랜더스,16319,2025
이도우,3000.0,-,-,SSG 랜더스,16320,2025
한지헌,3000.0,-,-,SSG 랜더스,16322,2025
홍대인,3000.0,-0.03,-116817,SSG 랜더스,16321,2025
도재현,3000.0,-,-,SSG 랜더스,16323,2025
박정빈,3000.0,-,-,SSG 랜더스,14862,2025
김건우,3000.0,0.95,3158,SSG 랜더스,14803,2025
최민창,3000.0,-,-,SSG 랜더스,11351,2025
채현우,3000.0,0.15,19538,SSG 랜더스,14153,2025
최수호,3000.0,-,-,SSG 랜더스,14148,2025
정동윤,3000.0,-0.25,-12142,SSG 랜더스,12571,2025
김성민,3000.0,-,-,SSG 랜더스,14585,2025
현원회,3000.0,-0.20,-14666,SSG 랜더스,14584,2025
김규민,3000.0,-,-,SSG 랜더스,16047,2025
백준서,3000.0,-,-,SSG 랜더스,16045,2025
정현승,3000.0,0.03,99423,SSG 랜더스,16043,2025
최현석,3000.0,0.02,123599,SSG 랜더스,16041,2025
박기호,3000.0,0.31,9574,SSG 랜더스,16040,2025
임근우,3000.0,-,-,SSG 랜더스,15122,2025
이승민,3000.0,-,-,SSG 랜더스,16039,2025
데이비슨,168000.0,1.35,124888,NC 다이노스,16066,2025
박민우,90000.0,4.34,20759,NC 다이노스,11137,2025
로건,78400.0,2.52,31159,NC 다이노스,16350,2025
라일리,72800.0,3.11,23391,NC 다이노스,16349,2025
박건우,70000.0,1.33,52483,NC 다이노스,10189,2025
박세혁,60000.0,-0.55,-108905,NC 다이노스,10891,2025
손아섭,50000.0,2.06,24225,NC 다이노스,10261,2025
권희동,22500.0,1.74,12939,NC 다이노스,11172,2025
이용찬,20000.0,-0.16,-126049,NC 다이노스,10217,2025
김영규,20000.0,0.13,158607,NC 다이노스,13088,2025
김주원,20000.0,3.00,6657,NC 다이노스,14765,2025
임정호,20000.0,-0.35,-56426,NC 다이노스,11168,2025
신민혁,18000.0,1.75,10273,NC 다이노스,13085,2025
이재학,18000.0,-,-,NC 다이노스,10220,2025
김휘집,17500.0,1.31,13396,NC 다이노스,14785,2025
서호철,17500.0,-0.63,-27831,NC 다이노스,14220,2025
류진욱,13500.0,0.52,25881,NC 다이노스,11355,2025
김시훈,13500.0,-0.26,-50995,NC 다이노스,13080,2025
김재열,12000.0,-0.44,-27436,NC 다이노스,14747,2025
박시원,12000.0,-0.44,-27354,NC 다이노스,14597,2025
김형준,11000.0,1.44,7661,NC 다이노스,13081,2025
구창모,10000.0,-,-,NC 다이노스,11353,2025
도태훈,8000.0,0.00,3512947,NC 다이노스,12560,2025
최성영,8000.0,-0.33,-24060,NC 다이노스,12565,2025
천재환,7600.0,0.28,27168,NC 다이노스,13261,2025
한재승,7500.0,0.33,22734,NC 다이노스,14764,2025
최정원,7000.0,1.03,6791,NC 다이노스,14221,2025
안중열,6600.0,-0.38,-17208,NC 다이노스,11329,2025
배재환,5500.0,0.72,7643,NC 다이노스,11248,2025
오영수,5100.0,0.12,43600,NC 다이노스,13082,2025
김진호,5000.0,0.89,5640,NC 다이노스,12897,2025
김태경,5000.0,-0.27,-18289,NC 다이노스,14593,2025
조민석,5000.0,0.13,37471,NC 다이노스,15119,2025
김한별,3800.0,0.39,9832,NC 다이노스,14716,2025
전사민,3800.0,-0.12,-31023,NC 다이노스,14156,2025
한석현,3700.0,0.32,11560,NC 다이노스,13250,2025
임상현,3700.0,-0.02,-150884,NC 다이노스,16053,2025
박한결,3500.0,-0.07,-52977,NC 다이노스,15451,2025
김태현,3500.0,-0.02,-192599,NC 다이노스,12898,2025
박동수,3400.0,-,-,NC 다이노스,15112,2025
오장한,3300.0,-,-,NC 다이노스,14767,2025
송승환,3200.0,-0.19,-16736,NC 다이노스,14172,2025
오태양,3100.0,-0.06,-53461,NC 다이노스,14766,2025
전루건,3100.0,-,-,NC 다이노스,14171,2025
소이현,3100.0,0.23,13716,NC 다이노스,12900,2025
최보성,3100.0,-,-,NC 다이노스,13087,2025
박영빈,3100.0,0.09,35618,NC 다이노스,14661,2025
홍재문,3000.0,-,-,NC 다이노스,16341,2025
유재현,3000.0,-,-,NC 다이노스,16342,2025
김태훈,3000.0,-0.06,-50114,NC 다이노스,16340,2025
이세민,3000.0,-,-,NC 다이노스,16343,2025
장창훈,3000.0,-,-,NC 다이노스,16346,2025
양가온솔,3000.0,-,-,NC 다이노스,16347,2025
조창연,3000.0,-,-,NC 다이노스,16348,2025
신민우,3000.0,-,-,NC 다이노스,16345,2025
정현창,3000.0,-0.11,-26341,NC 다이노스,16344,2025
김녹원,3000.0,0.00,754578,NC 다이노스,15113,2025
이준혁,3000.0,-0.19,-15583,NC 다이노스,15111,2025
조효원,3000.0,-,-,NC 다이노스,15055,2025
박주현,3000.0,-,-,NC 다이노스,13175,2025
박주찬,3000.0,-,-,NC 다이노스,14219,2025
김범준,3000.0,-0.02,-137356,NC 다이노스,14222,2025
한재환,3000.0,0.04,79425,NC 다이노스,14659,2025
박지한,3000.0,-,-,NC 다이노스,14650,2025
서의태,3000.0,-,-,NC 다이노스,12574,2025
안인산,3000.0,-,-,NC 다이노스,14598,2025
김준원,3000.0,-,-,NC 다이노스,16063,2025
고승완,3000.0,-0.12,-24663,NC 다이노스,16061,2025
조현민,3000.0,-,-,NC 다이노스,16060,2025
원종해,3000.0,-,-,NC 다이노스,16059,2025
김세훈,3000.0,-,-,NC 다이노스,16058,2025
손주환,3000.0,0.95,3154,NC 다이노스,16057,2025
최우석,3000.0,-0.06,-52324,NC 다이노스,16056,2025
김휘건,3000.0,-,-,NC 다이노스,16052,2025
박인우,3000.0,-,-,NC 다이노스,16051,2025
김태호,3000.0,-,-,NC 다이노스,16050,2025
김민규,3000.0,-0.11,-26338,NC 다이노스,16049,2025
서준교,3000.0,-,-,NC 다이노스,15120,2025
신성호,3000.0,-,-,NC 다이노스,15456,2025
김정호,3000.0,0.17,18157,NC 다이노스,14829,2025
목지훈,3000.0,0.21,14585,NC 다이노스,15453,2025
신용석,3000.0,-,-,NC 다이노스,15452,2025
신영우,3000.0,-0.06,-49139,NC 다이노스,15450,2025
노재원,3000.0,-,-,NC 다이노스,16012,2025
최윤혁,0.0,-,-,NC 다이노스,16374,2025
김동현,0.0,-,-,NC 다이노스,16375,2025
양의지,160000.0,3.93,40752,두산 베어스,10165,2025
케이브,130000.0,3.52,31799,두산 베어스,16300,2025
콜어빈,112000.0,1.66,67399,두산 베어스,16298,2025
김재환,100000.0,1.54,65036,두산 베어스,10643,2025
잭로그,98000.0,3.44,28516,두산 베어스,16299,2025
정수빈,60000.0,2.55,23567,두산 베어스,10195,2025
곽빈,38000.0,0.89,42931,두산 베어스,13061,2025
강승호,37000.0,1.59,23268,두산 베어스,11087,2025
양석환,30000.0,0.96,31202,두산 베어스,11213,2025
홍건희,30000.0,0.03,1042499,두산 베어스,10696,2025
최원준,22500.0,0.97,23214,두산 베어스,12852,2025
조수행,20000.0,-0.31,-64098,두산 베어스,12524,2025
이영하,18000.0,0.61,29714,두산 베어스,12568,2025
김명신,16500.0,-0.16,-102747,두산 베어스,12847,2025
김택연,14000.0,0.64,21887,두산 베어스,16067,2025
이병헌,13000.0,-0.02,-598477,두산 베어스,15099,2025
박치국,11000.0,0.20,54748,두산 베어스,12850,2025
김기연,11000.0,0.50,22160,두산 베어스,12549,2025
이유찬,10500.0,0.70,14960,두산 베어스,12894,2025
최지강,9500.0,-0.50,-19075,두산 베어스,15127,2025
최승용,8500.0,0.73,11592,두산 베어스,14770,2025
박준영,8500.0,0.20,42106,두산 베어스,12522,2025
고효준,8000.0,-0.35,-22543,두산 베어스,10124,2025
김민석,7500.0,-0.74,-10161,두산 베어스,15253,2025
김인태,7200.0,0.71,10208,두산 베어스,11098,2025
박계범,6800.0,0.08,87794,두산 베어스,11198,2025
추재현,6000.0,-0.21,-28736,두산 베어스,13094,2025
최준호,5800.0,-0.23,-25745,두산 베어스,15508,2025
박정수,5200.0,-0.08,-68441,두산 베어스,11300,2025
장승현,4800.0,-0.12,-41718,두산 베어스,11097,2025
이승진,4400.0,-,-,두산 베어스,12678,2025
김민규,4200.0,0.28,14994,두산 베어스,13072,2025
김대한,4200.0,-0.13,-31872,두산 베어스,14170,2025
이교훈,3800.0,-,-,두산 베어스,14173,2025
권휘,3700.0,-,-,두산 베어스,13665,2025
전다민,3500.0,-0.17,-20910,두산 베어스,16072,2025
남호,3500.0,-,-,두산 베어스,14139,2025
최종인,3500.0,0.00,-1112609,두산 베어스,14733,2025
김민혁,3420.0,0.17,19863,두산 베어스,12970,2025
홍성호,3300.0,-,-,두산 베어스,12606,2025
김호준,3300.0,-0.19,-17616,두산 베어스,13268,2025
김유성,3300.0,-0.13,-25210,두산 베어스,15509,2025
박웅,3300.0,-,-,두산 베어스,14731,2025
여동건,3300.0,-0.05,-61750,두산 베어스,16068,2025
박지훈,3240.0,-0.12,-27228,두산 베어스,14736,2025
박신지,3200.0,0.22,14270,두산 베어스,13070,2025
박민준,3100.0,-0.05,-57614,두산 베어스,15515,2025
박성재,3100.0,-,-,두산 베어스,14838,2025
김도윤,3100.0,-,-,두산 베어스,14768,2025
임종성,3100.0,0.77,4038,두산 베어스,16069,2025
박지호,3100.0,-,-,두산 베어스,16071,2025
류현준,3100.0,-0.23,-13339,두산 베어스,16076,2025
오명진,3100.0,2.45,1265,두산 베어스,14737,2025
장규빈,3100.0,-,-,두산 베어스,14570,2025
손율기,3000.0,-,-,두산 베어스,16074,2025
이한별,3000.0,-,-,두산 베어스,16399,2025
최우혁,3000.0,-,-,두산 베어스,16297,2025
연서준,3000.0,-,-,두산 베어스,16296,2025
주양준,3000.0,-,-,두산 베어스,16295,2025
김성재,3000.0,-,-,두산 베어스,16294,2025
양재훈,3000.0,0.06,48194,두산 베어스,16293,2025
한다현,3000.0,-,-,두산 베어스,16292,2025
이선우,3000.0,-0.20,-14728,두산 베어스,16291,2025
김준상,3000.0,-0.13,-23002,두산 베어스,16363,2025
황희천,3000.0,-,-,두산 베어스,16290,2025
김한중,3000.0,0.01,329272,두산 베어스,16365,2025
홍민규,3000.0,-0.19,-15621,두산 베어스,16289,2025
최민석,3000.0,1.02,2954,두산 베어스,16288,2025
박준순,3000.0,0.79,3821,두산 베어스,16287,2025
양현진,3000.0,-,-,두산 베어스,14840,2025
최우인,3000.0,-,-,두산 베어스,14818,2025
강동형,3000.0,-,-,두산 베어스,15106,2025
윤태호,3000.0,-,-,두산 베어스,15104,2025
신민철,3000.0,-,-,두산 베어스,15102,2025
김동준,3000.0,-0.34,-8875,두산 베어스,15100,2025
지강혁,3000.0,-,-,두산 베어스,14192,2025
김정우,3000.0,-0.08,-38733,두산 베어스,13124,2025
강현구,3000.0,-,-,두산 베어스,14773,2025
조제영,3000.0,-,-,두산 베어스,14732,2025
최세창,3000.0,-,-,두산 베어스,14574,2025
제환유,3000.0,-0.02,-133362,두산 베어스,14573,2025
이주엽,3000.0,-,-,두산 베어스,14572,2025
김무빈,3000.0,-,-,두산 베어스,16073,2025
김태완,3000.0,-,-,두산 베어스,16075,2025
천현재,3000.0,-,-,두산 베어스,15128,2025
이민석,3000.0,-,-,두산 베어스,15129,2025
김민호,0.0,-,-,두산 베어스,16362,2025
김지윤,0.0,-,-,두산 베어스,16364,2025
박민제,0.0,-,-,두산 베어스,16366,2025
박연준,0.0,-,-,두산 베어스,16367,2025
푸이그,130000.0,-0.05,-2672470,키움 히어로즈,15004,2025
로젠버그,91000.0,2.40,40821,키움 히어로즈,16339,2025
카디네스,58500.0,-0.26,-243277,키움 히어로즈,16156,2025
이형종,60000.0,0.19,319022,키움 히어로즈,12516,2025
원종현,50000.0,-0.61,-81844,키움 히어로즈,11161,2025
스톤,49000.0,-0.92,-53452,키움 히어로즈,16393,2025
알칸타라,35000.0,1.55,22610,키움 히어로즈,13941,2025
송성문,30000.0,5.11,5868,키움 히어로즈,11376,2025
이원석,30000.0,-0.07,-405093,키움 히어로즈,10180,2025
최주환,30000.0,-0.62,-48121,키움 히어로즈,10182,2025
이용규,20000.0,-0.16,-123634,키움 히어로즈,10035,2025
하영민,16500.0,1.97,8356,키움 히어로즈,11222,2025
김성민,11000.0,-0.19,-57597,키움 히어로즈,12918,2025
이주형,11000.0,3.62,3040,키움 히어로즈,14591,2025
김재현,10000.0,-0.11,-92591,키움 히어로즈,10870,2025
김태진,9000.0,-0.34,-26409,키움 히어로즈,11244,2025
김선기,8400.0,0.18,46764,키움 히어로즈,13092,2025
주승우,7700.0,1.52,5064,키움 히어로즈,15067,2025
윤석원,6000.0,-0.27,-22118,키움 히어로즈,15071,2025
임병욱,6000.0,-0.52,-11519,키움 히어로즈,11226,2025
임지열,5800.0,2.20,2632,키움 히어로즈,11225,2025
변상권,5500.0,-0.13,-40744,키움 히어로즈,13223,2025
강진성,5500.0,-0.21,-26111,키움 히어로즈,11148,2025
김건희,5200.0,0.31,16537,키움 히어로즈,15472,2025
김동엽,5000.0,-0.11,-45326,키움 히어로즈,12548,2025
장재영,4600.0,-0.26,-17792,키움 히어로즈,14784,2025
박수종,4500.0,-0.10,-42980,키움 히어로즈,15132,2025
김인범,4500.0,-,-,키움 히어로즈,14480,2025
고영우,4500.0,-0.24,-18892,키움 히어로즈,16128,2025
김윤하,4500.0,-0.08,-54953,키움 히어로즈,16123,2025
웰스,4200.0,0.60,7059,키움 히어로즈,16398,2025
장필준,4000.0,-,-,키움 히어로즈,11404,2025
원성준,4000.0,0.10,39176,키움 히어로즈,16136,2025
김웅빈,4000.0,-0.21,-19063,키움 히어로즈,12503,2025
오선진,4000.0,-0.18,-22589,키움 히어로즈,10557,2025
오석주,3900.0,-0.06,-62428,키움 히어로즈,12860,2025
김연주,3800.0,-0.06,-67384,키움 히어로즈,16127,2025
김동헌,3800.0,0.23,16876,키움 히어로즈,15473,2025
주성원,3800.0,0.49,7777,키움 히어로즈,14133,2025
조영건,3800.0,0.00,-1418789,키움 히어로즈,14132,2025
박주홍,3700.0,-0.34,-10856,키움 히어로즈,14580,2025
박주성,3700.0,0.24,15323,키움 히어로즈,14130,2025
이주형,3700.0,0.16,22746,키움 히어로즈,14855,2025
이종민,3600.0,-,-,키움 히어로즈,14576,2025
박윤성,3500.0,-0.15,-22895,키움 히어로즈,15475,2025
양지율,3500.0,-0.36,-9763,키움 히어로즈,12854,2025
김병휘,3500.0,0.03,105378,키움 히어로즈,14577,2025
전준표,3200.0,-0.22,-14270,키움 히어로즈,16122,2025
이재상,3200.0,-0.08,-41178,키움 히어로즈,16124,2025
이강준,3200.0,-0.17,-18590,키움 히어로즈,14601,2025
이승원,3200.0,-0.12,-26687,키움 히어로즈,15476,2025
김동규,3100.0,-,-,키움 히어로즈,15485,2025
손현기,3100.0,-0.12,-26780,키움 히어로즈,16125,2025
박범준,3100.0,-,-,키움 히어로즈,16133,2025
오혜성,3000.0,-,-,키움 히어로즈,16337,2025
정세영,3000.0,-0.04,-82605,키움 히어로즈,16335,2025
권혁빈,3000.0,-0.20,-14642,키움 히어로즈,16334,2025
박정훈,3000.0,-0.03,-119888,키움 히어로즈,16330,2025
정동준,3000.0,-,-,키움 히어로즈,16338,2025
임진묵,3000.0,-0.04,-74236,키움 히어로즈,16336,2025
여동욱,3000.0,-0.14,-21745,키움 히어로즈,16329,2025
윤현,3000.0,-0.74,-4031,키움 히어로즈,16331,2025
전태현,3000.0,0.06,51120,키움 히어로즈,16332,2025
어준서,3000.0,-1.61,-1869,키움 히어로즈,16328,2025
이준우,3000.0,-0.37,-8027,키움 히어로즈,16384,2025
정현우,3000.0,0.04,83762,키움 히어로즈,16325,2025
김서준,3000.0,-0.14,-20926,키움 히어로즈,16326,2025
염승원,3000.0,-,-,키움 히어로즈,16327,2025
양현종,3000.0,-0.20,-15332,키움 히어로즈,16333,2025
양경식,3000.0,-,-,키움 히어로즈,14853,2025
심휘윤,3000.0,-,-,키움 히어로즈,16135,2025
박채울,3000.0,-,-,키움 히어로즈,16132,2025
김지성,3000.0,-,-,키움 히어로즈,16131,2025
송지후,3000.0,-0.34,-8727,키움 히어로즈,16130,2025
김주훈,3000.0,-,-,키움 히어로즈,16129,2025
서유신,3000.0,-0.24,-12551,키움 히어로즈,15483,2025
박성빈,3000.0,-,-,키움 히어로즈,15479,2025
이우석,1500.0,-,-,키움 히어로즈,11360,2025
손힘찬,0.0,-0.07,-,키움 히어로즈,16385,2025
